prompt_id,source,n_texts,D_style_scalar_component,D_style_funcword_component,scalar_norm,fw_norm,D_style
0,gemma,10,3.791129725083404,0.06824067619021784,0.6090402535074855,0.09102357051456468,0.35003191201102507
0,human,10,3.814497085083909,0.2601901516460616,0.6981300791103012,0.72075488302557,0.7094424810679356
0,llama,10,3.7726242819773144,0.08328722005441747,0.5384868534234045,0.14038697613916898,0.33943691478128674
0,mistral,10,3.7781283925055793,0.06241009568538809,0.5594716906943308,0.07189510399863425,0.31568339734648254
0,qwen,10,3.812192986136585,0.10036251068113278,0.6893455277795428,0.19640611947015402,0.44287582362484845
1,gemma,10,3.813917077297801,0.12583735556610195,0.6959187556012902,0.27998179722248157,0.48795027641188593
1,human,10,3.773072093055115,0.1900973887921217,0.5401941669934193,0.4908005815370613,0.5154973742652402
1,llama,10,3.768211892330395,0.0999011686913435,0.521664284501317,0.19489258839091292,0.35827843644611496
1,mistral,10,3.815008932835189,0.06382664275519444,0.7000815373364646,0.07654238966265772,0.38831196349956115
1,qwen,10,3.791774020783168,0.14520540249982172,0.6114966795448019,0.3435228180425767,0.47750974879368935
2,gemma,10,3.759961720781433,0.16931991327934084,0.49020988210094063,0.42263562878448824,0.45642275544271443
2,human,9,3.570628953201073,0.3005704789041082,0.0,0.853231184007613,0.4266155920038065
2,llama,10,3.817976429176111,0.131419213365379,0.7113953413555764,0.29829427570069,0.5048448085281332
2,mistral,10,3.761520661654965,0.13423659187169218,0.49615346197239724,0.30753728853210055,0.4018453752522489
2,qwen,10,3.814773183839641,0.08574973470218815,0.6991827264781162,0.1484657821767241,0.42382425432742016
3,gemma,10,3.865020972172533,0.12233400585951737,0.8907562161409547,0.2684883091383213,0.579622262639638
3,human,10,3.832485930708018,0.26911359208494795,0.7667139122610382,0.7500301381225103,0.7583720251917743
3,llama,10,3.841851624596062,0.07766144349569513,0.8024213278662751,0.12193041277631243,0.46217587032129376
3,mistral,10,3.5266258534565673,0.1129089409423539,0.0,0.23756736764217154,0.11878368382108577
3,qwen,10,3.8302961636888737,0.08073074413223208,0.7583652600452064,0.1319999100424402,0.4451825850438233
4,gemma,10,3.831375531142569,0.1173399426266219,0.7624804300177233,0.2521042164652591,0.5072923232414912
4,human,10,3.794046524858604,0.2624160073118454,0.6201607730392282,0.7280572786510092,0.6741090258451188
4,llama,10,3.8100557928223107,0.17388969380070257,0.6811973167859142,0.43762777126766134,0.5594125440267878
4,mistral,10,3.845851933391026,0.15919226086351357,0.817672807404102,0.38940969871446157,0.6035412530592817
4,qwen,10,3.8196176493544964,0.11100837626097446,0.717652617293681,0.23133215867129595,0.4744923879824885
5,gemma,10,3.8217653032532435,0.12868840120351532,0.7258407100559977,0.2893352622789157,0.5075879861674567
5,human,10,3.69169486428155,0.3093177283360526,0.22993733355905946,0.8819284068187618,0.5559328701889107
5,llama,10,3.841783538875552,0.07173075744486639,0.802161745912381,0.10247352860400719,0.45231763725819407
5,mistral,10,3.8301669742517794,0.059995292169593845,0.7578727155549342,0.06397282453500987,0.410922770044972
5,qwen,10,3.7930823895515897,0.19068130011978554,0.6164849343326924,0.4927162275469634,0.5546005809398279
6,gemma,10,3.7937062878759296,0.0774961816241486,0.618863593835012,0.12138823585694407,0.370125914845978
6,human,10,3.797714394821678,0.23608964784430417,0.6341448044119216,0.6416880251703191,0.6379164147911203
6,llama,10,3.7969819984423996,0.11558752975813616,0.6313524878772063,0.24635505120647433,0.4388537695418403
6,mistral,10,3.4166838930828494,0.06667734982365345,0.0,0.08589474397121669,0.04294737198560834
6,qwen,10,3.80467532457146,0.07522008065384535,0.6606838750398454,0.11392099976248353,0.38730243740116443
7,gemma,10,3.832625379608584,0.12113525143838809,0.767245571730985,0.26455553884445426,0.5159005552877196
7,human,10,3.7581388918721133,0.20887646981734614,0.4832602091540803,0.5524093737136543,0.5178347914338672
7,llama,10,3.840956445450249,0.07101504741308749,0.799008389734537,0.10012548875331691,0.449566939243927
7,mistral,10,3.8631248751980958,0.05279189410923667,0.8835272031598138,0.040340536380456045,0.46193386977013495
7,qwen,10,3.830713786347707,0.09346705912911774,0.7599574779869189,0.17378411570643243,0.46687079684667565
8,gemma,10,3.538086839692259,0.07918874060733895,0.0,0.1269410376421823,0.06347051882109114
8,human,10,3.4044756050115823,0.2961863143058727,0.0,0.8388479942637774,0.4194239971318887
8,llama,10,3.8379479805228716,0.09337658119116488,0.7875383898840427,0.17348728347761266,0.48051283668082767
8,mistral,10,3.692432101405143,0.26909245386654784,0.23274810579723354,0.7499607896755525,0.49135444773639303
8,qwen,10,3.811491187708417,0.20971298009492328,0.6866698682453698,0.5551537246100378,0.6209117964277038
9,gemma,10,3.805223064893295,0.10092480652537773,0.6627721764032368,0.19825085126311645,0.43051151383317665
9,human,10,3.756505774481009,0.2457343060465082,0.4770338257047188,0.6733293894093746,0.5751816075570467
9,llama,10,3.801700123583826,0.10516703466875192,0.6493406964729942,0.21216838810636093,0.4307545422896776
9,mistral,10,3.719401067355761,0.11182735890904255,0.33556932621652374,0.23401900642988907,0.2847941663232064
9,qwen,10,3.8331729063500113,0.18816236424137653,0.7693330588029347,0.48445231959371415,0.6268926891983244
10,gemma,10,3.818796642753931,0.235221614441867,0.7145224675950599,0.638840255919989,0.6766813617575245
10,human,10,3.508494154737364,0.15986616489887162,0.0,0.3916205850515285,0.19581029252576426
10,llama,10,3.79144923364607,0.18051707176463638,0.6102584040442127,0.4593703022843435,0.5348143531642782
10,mistral,10,3.8148439554792812,0.08192983108652731,0.699452548701638,0.1359337712824875,0.41769315999206275
10,qwen,10,3.791805839851593,0.1504472909019127,0.6116179921473709,0.3607199541933568,0.48616897317036384
11,gemma,10,3.473481527290847,0.051659676831068195,0.0,0.036626055416465665,0.018313027708232833
11,human,10,3.5241219682612734,0.09657535841666842,0.0,0.18398155638908018,0.09199077819454009
11,llama,10,3.7507177950103716,0.04908292685800535,0.4549667166423083,0.028172475959183742,0.24156959630074604
11,mistral,10,3.5475530932949266,0.04079675502405325,0.0,0.0009879168334321763,0.0004939584167160881
11,qwen,10,3.403867743337148,0.040711596014888454,0.0,0.0007085344882284264,0.0003542672441142132
12,gemma,10,3.8170053580891046,0.19640104490772423,0.7076930594637639,0.5114810737857082,0.609587066624736
12,human,10,3.7604078344827068,0.3582471775111443,0.4919107242946955,1.0,0.7459553621473478
12,llama,10,3.815389276452247,0.10228546611191248,0.7015316261146632,0.20271478608385174,0.4521232060992575
12,mistral,10,3.8392598158484628,0.1532790860870301,0.7925398611830686,0.3700102640233336,0.581275062603201
12,qwen,10,3.7142669772380157,0.1729672442292523,0.31599521971886285,0.4346014781351843,0.3752983489270236
13,gemma,10,3.8575596737686744,0.12438864026322906,0.8623094522122963,0.27522897678905045,0.5687692145006733
13,human,10,3.5897438312297205,0.3420173922052207,0.0,0.9892066486482736,0.4946033243241368
13,llama,10,3.8368805912183808,0.09118695212588454,0.7834688875104181,0.16630373696404882,0.47488631223723343
13,mistral,10,3.8670390894963034,0.09186884091721247,0.8984504409235932,0.1685408190010261,0.5334956299623096
13,qwen,10,3.82888402221232,0.16039668741243127,0.7529813639666609,0.39336107763681516,0.5731712208017381
14,gemma,10,3.7978480724061083,0.14909272904529292,0.6346544603030295,0.35627602427992106,0.49546524229147526
14,human,10,3.8271168703219223,0.22594508352463313,0.7462439638613083,0.6084066119822517,0.6773252879217799
14,llama,10,3.7724923800009185,0.07770104016291698,0.5379839671720897,0.12206031811291967,0.33002214264250473
14,mistral,10,3.7333033731842304,0.14720089121191365,0.38857291762387985,0.35006944560059583,0.3693211816122378
14,qwen,10,3.8080416958879204,0.20196763528150055,0.6735184200415616,0.5297434642088364,0.6016309421251991
15,gemma,10,3.7393081280761704,0.20866500397048174,0.41146649935921614,0.5517156147701566,0.4815910570646864
15,human,10,3.798085686264902,0.2778162130282815,0.6355603810934097,0.7785809476306713,0.7070706643620406
15,llama,10,3.781035010509642,0.2792965986711882,0.5705533914542956,0.7834376693889161,0.6769955304216059
15,mistral,10,3.8190048535822827,0.09203311578557756,0.7153162871102334,0.1690797578453363,0.44219802247778484
15,qwen,10,3.809403012618766,0.2176613798890793,0.6787085429368573,0.5812301503092969,0.6299693466230771
16,gemma,10,3.8344731745990766,0.06849170309508822,0.7742904297487154,0.09184711797102002,0.43306877385986775
16,human,10,3.8205755002282538,0.22888602225223142,0.7213044961235832,0.618054990549303,0.6696797433364431
16,llama,10,3.8457358929268852,0.07831301164598478,0.817230394366731,0.12406802146473343,0.47064920791573217
16,mistral,10,3.7856781113226723,0.1264467005355372,0.588255564129352,0.2819808837345086,0.4351182239319303
16,qwen,9,3.8341990260310777,0.11301939104683943,0.7732452176189859,0.2379297228353779,0.5055874702271819
17,gemma,10,3.8227465673423984,0.11685989341784181,0.7295818535386687,0.2505293123526167,0.49005558294564266
17,human,10,3.7573370759712708,0.18002709092652316,0.4802032254481726,0.4577628153372835,0.4689830203927281
17,llama,10,3.8591782945520126,0.09543442260499704,0.8684805662492083,0.18023847241102622,0.5243595193301173
17,mistral,10,3.8138302153284593,0.16044696517421891,0.6955875877800215,0.3935260245888475,0.5445568061844345
17,qwen,10,3.8125537201564272,0.15481146096594703,0.6907208534866859,0.3750375475908849,0.5328792005387855
18,gemma,10,3.8217896427849225,0.07615818299663958,0.7259335063595805,0.11699864515950552,0.42146607575954304
18,human,10,3.434311095166144,0.21350266433516885,0.0,0.5675865943792553,0.28379329718962765
18,llama,10,3.782498601234334,0.08175114425479431,0.5761334416787907,0.13534755090960848,0.35574049629419957
18,mistral,10,3.8293950130259966,0.10770775337828811,0.7549295550534637,0.22050375929650282,0.48771665717498325
18,qwen,10,3.8138739377272084,0.09611611343085888,0.6957542827288479,0.1824749049799469,0.4391145938543974
19,gemma,10,3.8139022113589225,0.13061821625321793,0.6958620780860688,0.2956664333397727,0.49576425571292076
19,human,10,3.698447715329978,0.16244796630819644,0.2556830884159738,0.40009073682597757,0.3278869126209757
19,llama,10,3.8668745774835185,0.0816114021295202,0.8978232264445823,0.13488909697659848,0.5163561617105904
19,mistral,10,3.849703232532676,0.10658693282733361,0.8323561763797361,0.21682666773391476,0.5245914220568254
19,qwen,10,3.787211183311747,0.15673269588911998,0.5941005169242033,0.38134056971135954,0.4877205433177814
20,gemma,10,3.796423036534613,0.13846991397326525,0.6292214033694892,0.32142560720020086,0.475323505284845
20,human,10,3.8205849018608653,0.3424390923997139,0.7213403405582871,0.9905901263386069,0.855965233448447
20,llama,10,3.818016509665965,0.193081641051633,0.7115481512515639,0.5005910594103822,0.6060696053309731
20,mistral,10,3.821472075079862,0.12583696981485393,0.7247227554891217,0.2799805316829997,0.5023516435860607
20,qwen,10,3.812465738511833,0.09018748715278793,0.6903854168189161,0.16302477833276208,0.4267050975758391
21,gemma,10,3.8514423853712976,0.0788419505406525,0.8389868279846278,0.12580331864950667,0.4823950733170672
21,human,10,3.8282049386705226,0.1918804536709113,0.7503923066530764,0.4966503072721585,0.6235213069626174
21,llama,10,3.864056081871198,0.060029528409890925,0.8870774989615244,0.06408514384448713,0.4755813214030058
21,mistral,10,3.7644357198092098,0.0673641558701454,0.5072673414426548,0.0881479581155677,0.2977076497791113
21,qwen,10,3.8171934227770583,0.07066452003277421,0.708410070296459,0.09897550870387152,0.40369278950016524
22,gemma,10,3.7745856765342523,0.11858642974097625,0.5459648183716115,0.25619358406934506,0.40107920122047824
22,human,10,3.7698294664561116,0.4305832851340743,0.5278314080769634,1.0,0.7639157040384816
22,llama,10,3.813066500700583,0.23715201928268115,0.6926758680561688,0.6451733619167446,0.6689246149864567
22,mistral,10,3.8311518106298283,0.1250066561671188,0.7616274786589302,0.2772565101562812,0.5194419944076057
22,qwen,10,3.8626366328321082,0.14772585887200826,0.8816657422486627,0.351791714300899,0.6167287282747809
23,gemma,10,3.824979641301277,0.08045846083256476,0.7380956167344416,0.13110662643607904,0.4346011215852603
23,human,10,3.7096438622041443,0.23931322663244192,0.2983692443369431,0.6522636649130993,0.4753164546250212
23,llama,10,3.83613242378176,0.08662976314573081,0.7806164426279492,0.15135290372515794,0.46598467317655357
23,mistral,10,3.7147158815869603,0.11908235755423158,0.3177067014677193,0.25782058134042557,0.2877636414040724
23,qwen,10,3.717100647859792,0.18067985533717582,0.3267988030720705,0.45990434861370727,0.3933515758428889
24,gemma,10,3.831307219238109,0.08019220130820458,0.7622199857204289,0.13023310511310743,0.4462265454167682
24,human,10,3.448981447259938,0.2155441402451466,0.0,0.5742840927766688,0.2871420463883344
24,llama,10,3.811704454402941,0.07071410958421344,0.6874829636323372,0.09913819783464667,0.3933105807334919
24,mistral,10,3.796953621467455,0.0837198610881402,0.6312442985161109,0.1418063475928566,0.3865253230544837
24,qwen,10,3.7853139405206253,0.07687226544729293,0.586867135430376,0.11934134538217143,0.35310424040627375
25,gemma,10,3.7101674819771415,0.18110495334439364,0.3003655842853797,0.46129897355548094,0.3808322789204303
25,human,10,3.4891142257400602,0.30917613543173467,0.0,0.8814638810092142,0.4407319405046071
25,llama,10,3.808710158143552,0.17153566218387875,0.6760669828991117,0.429904867017809,0.5529859249584603
25,mistral,10,3.488457813935684,0.11752112806511321,0.0,0.2526986340520645,0.12634931702603225
25,qwen,10,3.7685180728201755,0.14527384244809655,0.5228316207531207,0.34374734993229894,0.43328948534270983
26,gemma,10,3.8124559473888566,0.10978346448544135,0.6903480874227668,0.22731357358121013,0.4588308305019885
26,human,10,3.50068677471378,0.26995819541360055,0.0,0.7528010400040626,0.3764005200020313
26,llama,10,3.771802289279509,0.06342407244970456,0.5353529441545485,0.07522167166511147,0.30528730790983
26,mistral,10,3.6114957176234177,0.06332758961361956,0.0,0.07490513908351257,0.037452569541756284
26,qwen,10,3.7239700597105676,0.11982201959968014,0.352988954795085,0.26024720089533054,0.3066180778452078
27,gemma,10,3.821792186934688,0.06607674840107099,0.7259432061227936,0.0839243425348979,0.40493377432884575
27,human,10,3.730310060979647,0.3411044537289272,0.37716068867395286,0.9862115586978958,0.6816861236859243
27,llama,10,3.7788795103786925,0.15328460975193636,0.5623353843388575,0.3700283855875788,0.46618188496321816
27,mistral,10,3.755958542845739,0.058586904885456176,0.4749474637472932,0.05935230879326277,0.26714988627027797
27,qwen,10,3.8676457077330824,0.08721939871370409,0.9007632187864308,0.15328732932981867,0.5270252740581247
28,gemma,10,3.8385003922786685,0.1156368672007288,0.78964450144238,0.2465169132402518,0.5180807073413158
28,human,10,3.518137058528146,0.2867834207662791,0.0,0.8079997907142362,0.4039998953571181
28,llama,10,3.814886472735971,0.08981775502937264,0.6996146489553039,0.16181179301564746,0.4307132209854757
28,mistral,10,3.7852106790055284,0.14200922167182445,0.586473443101792,0.3330370631685018,0.45975525313514687
28,qwen,10,3.8462247856494405,0.10894944819280312,0.8190943348114365,0.2245774047358858,0.5218358697736611
29,gemma,10,3.5254437497749613,0.0946283994899636,0.0,0.17759414117261665,0.08879707058630833
29,human,10,3.5567876419404234,0.35089264362450706,0.0,1.0,0.5
29,llama,10,3.6631683223086076,0.08685942728596281,0.12117773686666772,0.15210636606268998,0.13664205146467884
29,mistral,10,3.801061137214414,0.08309576638207952,0.646904512658807,0.13975887141483928,0.39333169203682317
29,qwen,10,3.771196094899502,0.09804368208387373,0.5330417822776796,0.1887987062559621,0.36092024426682084
30,gemma,10,3.7471456864341515,0.07247032584396783,0.4413477827925752,0.10489984093203931,0.2731238118623073
30,human,10,3.7952354373316717,0.23736056653340312,0.6246935916751515,0.6458575457813049,0.6352755687282282
30,llama,10,3.8542216217638283,0.0787094803896615,0.8495828767258726,0.12536872198361848,0.48747579935474555
30,mistral,10,3.8086827545087614,0.0493005027601265,0.6759625044708967,0.028886280245901026,0.35242439235839884
30,qwen,9,3.8189020207708797,0.09725888945692487,0.7149242292468744,0.18622402617494696,0.45057412771091065
31,gemma,10,3.145219897703459,0.385226279160089,0.0,1.0,0.5
31,human,10,3.5422224852120356,0.5290884382485984,0.0,1.0,0.5
31,llama,10,3.0241173640667247,0.6364399773143142,0.0,1.0,0.5
31,mistral,10,3.777888902525441,0.12742071435033916,0.5585586170495679,0.28517634439696915,0.4218674807232685
31,qwen,10,2.684887677227349,0.09044537455858552,0.0,0.1638708331299805,0.08193541656499025
32,gemma,10,3.824812465513368,0.06381581697163397,0.7374582464114998,0.07650687336403639,0.4069825598877681
32,human,10,3.7821347273174397,0.22862137558537904,0.5747461448768924,0.6171867605503784,0.5959664527136354
32,llama,10,3.837140809793748,0.06376427415598261,0.7844609904907104,0.07633777613220724,0.4303993833114588
32,mistral,10,3.722813825471269,0.0499591372315807,0.3485807243945226,0.031047071512398956,0.18981389795346076
32,qwen,10,3.8174483634029563,0.07403173776893981,0.7093820506956071,0.11002238674024152,0.40970221871792434
33,gemma,10,3.8430388765567653,0.08572674801385127,0.806947815673343,0.1483903694287482,0.47766909255104556
33,human,9,3.83252498753773,0.3290403979309044,0.7668628193753884,0.9466328431330149,0.8567478312542016
33,llama,10,3.8304616773110025,0.0854438929551751,0.7589962932355209,0.14746240290564352,0.4532293480705822
33,mistral,10,3.7686316403472593,0.09020594563976835,0.5232646055311111,0.16308533534759911,0.3431749704393551
33,qwen,10,3.789908938875132,0.1024951475873365,0.6043859138477657,0.20340269101515945,0.4038943024314626
34,gemma,10,3.781696945205873,0.11430578851487466,0.5730770674984174,0.2421500248915979,0.4076135461950076
34,human,10,3.785846860506542,0.2723753755095677,0.588898933143277,0.7607311163472982,0.6748150247452875
34,llama,10,3.7960024163251496,0.11144124431203714,0.6276177570395098,0.2327522749039266,0.4301850159717182
34,mistral,10,3.54207425680496,0.07100633550307268,0.0,0.10009690746902283,0.05004845373451142
34,qwen,10,3.7536965926527306,0.14500864191013904,0.46632360772705667,0.3428773028407401,0.4046004552838984
35,gemma,10,3.8812894038812265,0.16058691998029057,0.9527808412474065,0.3939851762667066,0.6733830087570565
35,human,10,3.817639078812609,0.5084592212656442,0.710109167605064,1.0,0.8550545838025321
35,llama,10,3.845664274135909,0.20446953385254393,0.8169573423147305,0.5379514776309673,0.6774544099728489
35,mistral,10,3.8272963754464637,0.14024308513133876,0.7469283407117469,0.3272428744682073,0.537085607589977
35,qwen,10,3.8269077000096487,0.18237281912699893,0.7454464862411864,0.46545847845369304,0.6054524823474396
36,gemma,10,3.822566854194612,0.09435608187844191,0.7288966835838911,0.1767007449988779,0.4527987142913845
36,human,10,3.7253346801800453,0.26435816172999105,0.35819167344354064,0.7344289316494529,0.5463103025464968
36,llama,10,3.8068625367446405,0.08092289915566614,0.6690227867124006,0.13263031569906075,0.40082655120573063
36,mistral,10,3.766480650394629,0.18064098199896475,0.5150637938112971,0.45977681631264106,0.4874203050619691
36,qwen,10,3.7904118168975636,0.15263376402442713,0.6063031743049572,0.36789314696161624,0.4870981606332867
37,gemma,10,3.817817061797382,0.09931437134377467,0.7107877411826249,0.19296747417538856,0.45187760767900675
37,human,10,3.749590849148632,0.3226129531313488,0.4506701503941723,0.9255462356280766,0.6881081930111245
37,llama,10,3.8109828888993937,0.17989247046785597,0.6847319406297118,0.4573211641271096,0.5710265523784107
37,mistral,10,3.808450062789567,0.11918557272918377,0.6750753497096486,0.25815920079973564,0.4666172752546921
37,qwen,10,3.5755164542299798,0.08346031096797145,0.0,0.14095483790548652,0.07047741895274326
38,gemma,10,3.8468710734255986,0.13600657758220877,0.8215583557905252,0.3133441052580246,0.5674512305242749
38,human,10,3.810358004151521,0.2048442566405249,0.6823495203131397,0.5391808358907002,0.6107651781019199
38,llama,10,3.7709978342094126,0.16107164718998543,0.5322858984164492,0.3955754275619812,0.46393066298921526
38,mistral,10,3.7584537088029637,0.22805044070503747,0.4844604724900187,0.6153136865515983,0.5498870795208085
38,qwen,10,3.8183208642425983,0.2896093501933809,0.7127085260715303,0.8172708566703485,0.7649896913709394
39,gemma,10,3.8580858712162858,0.1760521579788269,0.8643156197399645,0.44472219755830017,0.6545189086491323
39,human,10,3.6697092986170174,0.19724158775387296,0.14611570326834064,0.5142386543858632,0.33017717882710196
39,llama,10,3.7964608468111067,0.1120421669170831,0.6293655579055065,0.2347237300480183,0.4320446439767624
39,mistral,10,3.829074575507648,0.16372762346988465,0.7537078628030061,0.4042889258654647,0.5789983943342354
39,qwen,10,3.801437790327366,0.1326737027892166,0.6483405311112532,0.30240989659274164,0.47537521385199744
40,gemma,10,3.823468678452207,0.12953519910242364,0.7323349567063911,0.2921133639176137,0.5122241603120025
40,human,10,3.746975904047084,0.21181808501764468,0.4407004746133902,0.5620599715940973,0.5013802231037437
40,llama,10,3.837169444582166,0.10173349471954782,0.7845701627851542,0.20090392586369818,0.4927370443244262
40,mistral,10,3.8785836695646183,0.24179630089480741,0.9424650247243177,0.6604099211640648,0.8014374729441913
40,qwen,10,3.8576348803532445,0.12076114708593148,0.8625961829984611,0.26332820949474334,0.5629621962466023
41,gemma,10,3.7921535638512345,0.14558815459934174,0.6129437161694821,0.3447785181762951,0.4788611171728886
41,human,10,3.480736540772893,0.2908391561747173,0.0,0.8213054982494499,0.41065274912472494
41,llama,10,3.76706067882618,0.11436856688173098,0.5172751960326198,0.2423559827524561,0.37981558939253796
41,mistral,10,3.8048223709522535,0.07486914479667187,0.6612445004772135,0.11276967961732445,0.38700709004726896
41,qwen,10,3.822058829218093,0.10495968934087065,0.7269597999753459,0.21148814740677258,0.4692239736910592
42,gemma,10,3.7461727659363606,0.1750313697919889,0.43763844988240824,0.4413732835632677,0.439505866722838
42,human,10,3.8079225599837154,0.28815485308207894,0.673064205405059,0.8124990677776284,0.7427816365913437
42,llama,10,3.8310891042760513,0.07576199020190637,0.761388405947162,0.11569884995015553,0.43854362794865875
42,mistral,10,3.841421091253465,0.1486460279597558,0.8007798869672036,0.35481052581879036,0.577795206392997
42,qwen,10,3.82521990231314,0.28721192403430845,0.7390116299959127,0.8094055873424925,0.7742086086692026
43,gemma,10,3.8827164066283304,0.1737938308355062,0.9582213970428187,0.4373132723051039,0.6977673346739613
43,human,10,3.751034731490158,0.22665263212931627,0.4561750609187147,0.6107278765256129,0.5334514687221638
43,llama,10,3.837237917564959,0.10975108704174823,0.7848312212057637,0.22720735245159154,0.5060192868286776
43,mistral,10,3.833387663284052,0.10137349073689958,0.7701518358406595,0.19972285579323362,0.4849373458169466
43,qwen,10,3.8135660512244476,0.13186083148769323,0.6945804421736533,0.29974309841371455,0.4971617702936839
44,gemma,10,3.846726986428453,0.07470778572292332,0.821009013226921,0.11224030666094663,0.4666246599439338
44,human,10,3.798183751028331,0.19790695837439354,0.6359342604136009,0.5164215450302457,0.5761779027219234
44,llama,10,3.77249580132311,0.07221291680326013,0.5379970112214539,0.1040553555138213,0.3210261833676376
44,mistral,10,3.730232000340225,0.10640174675965497,0.37686307658801865,0.21621912522731984,0.2965411009076693
44,qwen,10,3.773752563934783,0.1347480391940525,0.5427885136374596,0.3092152008724461,0.4260018572549529
45,gemma,10,3.2152738480161562,0.13945096910349955,0.0,0.32464416840408505,0.16232208420204253
45,human,10,3.510479458062603,0.30956757317654104,0.0,0.8827480762601669,0.44137403813008347
45,llama,10,3.230660332643875,0.09518134686543107,0.0,0.1794082033141032,0.0897041016570516
45,mistral,10,3.5177652439346696,0.06949599455185337,0.0,0.09514191091437348,0.04757095545718674
45,qwen,10,3.4761531036092492,0.10809163307595315,0.0,0.2217631587571309,0.11088157937856545
46,gemma,10,3.7533744315367943,0.11951956791733082,0.46509534413056336,0.25925494345651917,0.36217514379354127
46,human,10,3.7783217053719076,0.25004887713323665,0.5602087106036229,0.6874842627525558,0.6238464866780893
46,llama,10,3.851586832034,0.13863254960981802,0.8395375418003433,0.3219591681939166,0.58074835499713
46,mistral,10,3.8298077878223866,0.08170638810460022,0.7565032901533136,0.13520071878548975,0.4458520044694017
46,qwen,10,3.8276155893460575,0.0882586868738704,0.7481453678232473,0.1566969364445265,0.4524211521338869
47,gemma,10,3.8314823111121874,0.19555629799205967,0.7628875367200196,0.5087097008362497,0.6357986187781346
47,human,10,3.804524513126987,0.2869689905419243,0.6601088950127169,0.8086085920568912,0.734358743534804
47,llama,10,3.8057483515719337,0.0589415623672311,0.6647748715553804,0.060515838523987925,0.36264535503968415
47,mistral,10,3.80084484585455,0.07223375196601924,0.646079885506692,0.10412370972192483,0.37510179761430845
47,qwen,10,3.7323044090884974,0.1727941508083301,0.384764291528745,0.43403360814290903,0.40939894983582703
48,gemma,10,3.8333457398478172,0.16725191764349134,0.7699919995723465,0.41585112675374364,0.5929215631630451
48,human,10,3.6728769516726514,0.4085817725546018,0.15819261988581715,1.0,0.5790963099429086
48,llama,10,3.82247612969888,0.1589460652471273,0.728550789588913,0.38860200133329814,0.5585763954611056
48,mistral,10,3.849508592833309,0.08881297302094207,0.8316140978192295,0.15851539071262588,0.49506474426592767
48,qwen,10,3.8437211411826677,0.23080640022408755,0.8095490011104356,0.6243552012576796,0.7169521011840576
49,gemma,10,3.8518861203475447,0.1129219188179314,0.8406786011094856,0.23760994433899038,0.5391442727242379
49,human,10,3.4809817058814416,0.2814469520525793,0.0,0.7904923636203541,0.39524618181017707
49,llama,10,3.8026226291078276,0.09028005466164973,0.652857818486313,0.16332846584591096,0.408093142166112
49,mistral,10,3.7515609798296015,0.07571115638610602,0.45818142247533805,0.11553207874399374,0.28685675060966587
49,qwen,10,3.7980317690558496,0.11176017627480829,0.6353548176599975,0.2337985994278183,0.4345767085439079
50,gemma,10,3.759103191948088,0.09919690751403162,0.4869366760547285,0.1925821089562287,0.3397593925054786
50,human,10,3.704319992757397,0.19630965758123647,0.2780715898080352,0.5111812581132801,0.3946264239606576
50,llama,10,3.863988951879317,0.09712606700360424,0.8868215607952422,0.18578827370590842,0.5363049172505753
50,mistral,10,3.7172517757331263,0.0760138353062124,0.3273749895081417,0.11652508168487363,0.22195003559650767
50,qwen,10,3.8300974851353047,0.10480936600028151,0.7576077830478861,0.2109949795335839,0.484301381290735
51,gemma,10,3.7217239118874286,0.18684773398601978,0.34442534650397827,0.4801393938396507,0.41228237017181446
51,human,10,3.7980772783674928,0.4119174651553489,0.6355283253492489,1.0,0.8177641626746244
51,llama,10,3.7920589058675374,0.0840502486702983,0.6125828254544288,0.14289025472652114,0.37773654009047497
51,mistral,10,3.8272652285944964,0.11591951217152069,0.7468095909852143,0.24744419052511396,0.49712689075516414
51,qwen,10,3.7616492991551005,0.0963100743825756,0.4966439021613105,0.1831112353705895,0.33987756876595
52,gemma,10,3.758567988278564,0.08044326954226053,0.48489617162552223,0.1310567881587964,0.3079764798921593
52,human,10,3.498963716840127,0.23251700215452328,0.0,0.6299671967907696,0.3149835983953848
52,llama,10,3.839056895314424,0.108360400301547,0.7917662113146908,0.22264490713040058,0.5072055592225457
52,mistral,10,3.5771269411077204,0.0698575107001109,0.0,0.09632794196757374,0.04816397098378687
52,qwen,9,3.808388985263169,0.15869047876652284,0.6748424870253352,0.38776349521334713,0.5313029911193412
53,gemma,10,3.7448730239087196,0.1520368496147958,0.43268308519556775,0.36593484155994116,0.39930896337775446
53,human,10,3.779293392709336,0.33068149803657865,0.563913341996733,0.9520168230634312,0.7579650825300821
53,llama,10,3.804244215976227,0.1028508368360548,0.6590402409466333,0.20456960567803883,0.43180492331233605
53,mistral,10,3.7551053016942473,0.09951549295626155,0.47169441738767387,0.19362729664536363,0.33266085701651876
53,qwen,10,3.820440236100519,0.16353101682457927,0.7207887914162507,0.4036439157110867,0.5622163535636687
54,gemma,10,3.7734462101733794,0.10611396251981879,0.5416205167745016,0.21527498747106064,0.37844775212278114
54,human,10,3.81778236123596,0.2490294202060418,0.7106554426702835,0.6841397162395411,0.6973975794549123
54,llama,10,3.801898040934295,0.09782173654688994,0.65009527132598,0.18807056644740652,0.41908291888669325
54,mistral,10,3.7841139687946646,0.07296673258562533,0.5822921525571785,0.10652840943018665,0.34441028099368254
54,qwen,10,3.8465195365544145,0.098376378012031,0.8202180949075636,0.18989018641243557,0.5050541406599995
55,gemma,10,3.763382926347149,0.10725232583601378,0.5032534868211344,0.21900963182744368,0.36113155932428903
55,human,10,3.488638609334937,0.2041976341502392,0.0,0.5370594524978062,0.2685297262489031
55,llama,10,3.82889938264978,0.06435184229801315,0.7530399267950884,0.07826541910383736,0.41565267294946284
55,mistral,10,3.222106154744872,0.04608089448307901,0.0,0.01832366661405072,0.00916183330702536
55,qwen,10,3.6569430064509385,0.0693360758529691,0.09744324978425035,0.0946172634158362,0.09603025660004327
56,gemma,10,3.7879310259576693,0.1098034056944003,0.5968449714019569,0.22737899498265424,0.4121119831923056
56,human,10,3.751445429071877,0.2544250105029938,0.4577408764806806,0.7018411043334766,0.5797909904070786
56,llama,10,3.7878405724121817,0.1014841101727613,0.5965001104252584,0.20008576651423973,0.39829293846974906
56,mistral,10,3.8382740385412832,0.09005780928923536,0.7887815107156672,0.1625993423630901,0.47569042653937865
56,qwen,10,3.8074606064663485,0.1569542224825413,0.671302972715618,0.38206733508594576,0.5266851539007819
57,gemma,10,3.825672707876168,0.08903381689552589,0.7407379854182314,0.15923991628203113,0.4499889508501313
57,human,10,3.800271802973745,0.3288811766640567,0.6438951162254051,0.9461104837094554,0.7950027999674303
57,llama,10,3.8380590594872905,0.06488726145208541,0.7879618868288415,0.0800219761657243,0.4339919314972829
57,mistral,10,3.8551751532974015,0.06614568785886386,0.8532182877449599,0.08415051317243993,0.4686844004586999
57,qwen,10,3.787953973400695,0.17552662565467655,0.5969324602623653,0.4429980763567797,0.5199652683095726
58,gemma,10,3.8180010369354744,0.2218239512347302,0.7114891602974733,0.5948863559889027,0.653187758143188
58,human,10,3.506570634306664,0.19203232160051042,0.0,0.49714854249998425,0.24857427124999212
58,llama,10,3.805022196077063,0.21154726285609626,0.6620063488640218,0.5611714815638748,0.6115889152139482
58,mistral,10,3.536173682769771,0.12296776816806619,0.0,0.2705675019542156,0.1352837509771078
58,qwen,9,3.8936745115411293,0.055200068245760917,1.0,0.04824106674735111,0.5241205333736756
59,gemma,10,3.8388758239660494,0.13024594998261776,0.7910758631175464,0.29444513421076024,0.5427604986641533
59,human,9,3.593902819362906,0.320433790906154,0.0,0.9183970278222859,0.45919851391114297
59,llama,10,3.802210297410038,0.07649986872995998,0.6512857727333572,0.11811961829474932,0.38470269551405323
59,mistral,10,3.467534513449653,0.07815331016574567,0.0,0.12354408659842504,0.06177204329921252
59,qwen,10,3.6626932950430886,0.22637855251533665,0.11936665952456524,0.6098286997259159,0.3645976796252406
60,gemma,10,3.7693964771478217,0.08051603433963844,0.5261806036231182,0.131295508641093,0.3287380561321056
60,human,10,3.77241050303816,0.27001353561881997,0.5376718050650782,0.752982595384637,0.6453272002248576
60,llama,10,3.8282101043404646,0.10728019610210361,0.7504120011600403,0.21910106619684272,0.4847565336784415
60,mistral,10,3.7145608011186653,0.08204979020075463,0.3171154454647087,0.13632732281614307,0.2267213841404259
60,qwen,10,3.7983016738239037,0.09969797280716972,0.6363838499817827,0.1942259608289792,0.4153049054053809
61,gemma,10,3.7399468997584866,0.09667257493781199,0.4139018646626281,0.18430049598145004,0.2991011803220391
61,human,10,3.8175648240141773,0.20669713632944525,0.7098260655754671,0.5452596040439229,0.627542834809695
61,llama,10,3.8293230606565647,0.07207773030278385,0.754655231208397,0.10361184728241546,0.4291335392454062
61,mistral,10,3.571388103987521,0.04049562640903303,0.0,0.0,0.0
61,qwen,10,3.8163316810805914,0.06061708608841147,0.7051246149668345,0.06601275248833455,0.38556868372758457
62,gemma,10,3.841959174539717,0.09337092649339661,0.8028313701527636,0.17346873203203558,0.4881500510923996
62,human,10,3.74580074967195,0.15870092267090047,0.43622010976537967,0.3877977586756246,0.4120089342205021
62,llama,10,3.7880017803802395,0.12767718394281635,0.5971147279840985,0.28601774775431765,0.44156623786920807
62,mistral,10,3.6757821731857923,0.0821860262219311,0.16926899641862517,0.1367742742246999,0.15302163532166252
62,qwen,10,3.8423612308577,0.11403035036795132,0.8043642402438154,0.2412463911339869,0.5228053156889011
63,gemma,10,3.84619082862631,0.09087276322811627,0.8189648710950116,0.16527297307944777,0.4921189220872297
63,human,10,3.8036504719215443,0.29291985081592553,0.6567765468757909,0.82813166208361,0.7424541044797004
63,llama,10,3.7864351296267427,0.08968962762292415,0.5911417536127302,0.1613914436521505,0.3762665986324404
63,mistral,10,3.5500303532412847,0.1001913016116455,0.0,0.19584443149582653,0.09792221574791327
63,qwen,10,3.81225333727407,0.17464645419075978,0.6895756210512423,0.4401104855994163,0.5648430533253292
64,gemma,10,3.809506723231682,0.07741973375503912,0.6791039474848094,0.12113743227001757,0.4001206898774135
64,human,10,3.7942506083303775,0.21430658868121827,0.6209388566955905,0.570224040157083,0.5955814484263366
64,llama,10,3.819226218446416,0.0596614726516439,0.7161602573807222,0.062877658201884,0.3895189577913031
64,mistral,10,3.216967871928199,0.09033533531602896,0.0,0.16350982585721613,0.08175491292860806
64,qwen,10,3.777505407587328,0.053093448740020144,0.5570965136217392,0.041329850849724986,0.29921318223573207
65,gemma,10,3.8187288914177873,0.07275629167972333,0.7142641605068284,0.10583801302475257,0.4100510867657905
65,human,10,3.8370634539929944,0.30403336799580244,0.7841660656554557,0.8645919323900398,0.8243789990227477
65,llama,10,3.8622348670094158,0.06310880365315627,0.8801339796928552,0.0741873649415706,0.47716067231721293
65,mistral,10,3.8286377601575814,0.06160117759526044,0.7520424712757975,0.06924127517518863,0.41064187322549306
65,qwen,10,3.779775928108013,0.16384607919308686,0.5657530446638026,0.4046775452032848,0.4852152949335437
66,gemma,10,3.8212896492903874,0.09151265099963969,0.7240272433829451,0.1673722617868758,0.44569975258491046
66,human,10,3.5076271409673407,0.24856895725966036,0.0,0.682629069050228,0.341314534525114
66,llama,10,3.7987789161966274,0.06097078519640123,0.6382033725874733,0.06717313806885987,0.35268825532816656
66,mistral,10,3.5541560888078103,0.07414277779597683,0.0,0.1103866773005633,0.05519333865028165
66,qwen,10,3.8267383364605,0.07745529021728724,0.7448007749132144,0.12125408285000265,0.4330274288816085
67,gemma,10,3.8627305990846095,0.10664700604988335,0.8820239956862655,0.2170237507902408,0.5495238732382531
67,human,10,3.7118929520274384,0.36670271143503697,0.3069440692259339,1.0,0.653472034612967
67,llama,10,3.7812800164281417,0.07324968667938822,0.5714874950308361,0.10745670085907703,0.33947209794495653
67,mistral,10,3.7863494164812397,0.06029519140542315,0.5908149657691499,0.06495670812704021,0.3278858369480951
67,qwen,10,3.8505785517028,0.07141280597814254,0.8356933968535701,0.10143042080712826,0.4685619088303492
68,gemma,10,3.81741304590882,0.11785286149696907,0.7092474000806781,0.25378695653354183,0.48151717830710994
68,human,10,3.78186528543911,0.24597346897272326,0.5737188773571564,0.6741140145461285,0.6239164459516424
68,llama,10,3.829117895946457,0.13332659234108424,0.7538730252491898,0.304551840421689,0.5292124328354394
68,mistral,10,3.7695019695392475,0.1187989601389064,0.5265828013362682,0.25689083550032293,0.39173681841829555
68,qwen,10,3.859229746453403,0.13107491120574355,0.8686767305108843,0.29716471881926215,0.5829207246650733
69,gemma,10,3.792670079410717,0.18877657507965293,0.6149129707671103,0.48646736962929116,0.5506901701982008
69,human,10,3.7763834985944014,0.3335792814475092,0.5528191508165312,0.9615236213831677,0.7571713860998495
69,llama,10,3.777425366326554,0.16705185743842266,0.5567913502672468,0.4151947864578406,0.4859930683625437
69,mistral,10,3.7274189695817106,0.05551404127778925,0.36613818427301154,0.04927112243821829,0.20770465335561492
69,qwen,10,3.797871632316455,0.1350391208092854,0.6347442842413759,0.31017015637400774,0.47245722030769177
70,gemma,10,3.7621520715604464,0.09963236434310932,0.49856075994538224,0.19401071822888108,0.34628573908713167
70,human,10,3.8183744767712167,0.21335098071277844,0.712912927887766,0.5670889638106512,0.6400009458492086
70,llama,10,3.794164791948692,0.06942328895819883,0.6206116752562633,0.09490338466255518,0.35775752995940924
70,mistral,10,3.201034236224025,0.05182432176577541,0.0,0.03716620834256894,0.01858310417128447
70,qwen,10,3.829252814329423,0.07578795140433646,0.754387411778467,0.11578402122786723,0.43508571650316713
71,gemma,10,3.8307035990140346,0.14902306626200781,0.7599186380075531,0.35604748061838143,0.5579830593129673
71,human,10,3.845559819655714,0.33955838887649553,0.8165591017165724,0.9811393622439236,0.898849231980248
71,llama,10,3.8252483652747564,0.2004298594949783,0.7391201471876923,0.5246984618086237,0.631909304498158
71,mistral,10,3.7332676878839965,0.13557033528842138,0.38843686472041306,0.31191291910038,0.3501748919103965
71,qwen,9,3.8498640666236508,0.24953131898500347,0.8329693685039475,0.6857863025408196,0.7593778355223836
72,gemma,10,3.861998989982217,0.09738121088804286,0.8792346807041632,0.18662532779446545,0.5329300042493144
72,human,10,3.6906351171051046,0.13401544915627742,0.2258969673760354,0.3068117825514269,0.26635437496373116
72,llama,10,3.7595817694704805,0.06031089661218528,0.48876128901941257,0.06500823241719043,0.2768847607183015
72,mistral,10,3.8000328523593416,0.15017225721017485,0.6429840989532611,0.3598176473374953,0.5014008731453783
72,qwen,10,3.8011598178132893,0.09442447864791492,0.6472807398981699,0.17692513523130476,0.41210293756473737
73,gemma,10,3.842957956334357,0.08894879992046402,0.8066393012112075,0.15896099991008333,0.4828001505606454
73,human,10,3.461050533464144,0.1313523869826952,0.0,0.29807503745803315,0.14903751872901658
73,llama,10,3.8270368789831197,0.06385636088786847,0.7459389908381041,0.07663988635364764,0.41128943859587586
73,mistral,10,3.5059601729377112,0.056500578204294785,0.0,0.05250766784733465,0.026253833923667324
73,qwen,10,3.8211956433158107,0.07041461384127104,0.7236688385019283,0.09815563798733956,0.41091223824463396
74,gemma,10,3.8204529179664273,0.11093811155630678,0.7208371419882471,0.2311016402779089,0.475969391133078
74,human,10,3.816731720994505,0.17868523649509216,0.706649797365015,0.4533605748503167,0.5800051861076658
74,llama,10,3.795235700263662,0.16717214127165614,0.6246945941232317,0.4155894033016537,0.5201419987124427
74,mistral,10,3.7351107178524705,0.06787552985316518,0.3954635557316596,0.08982562985051919,0.24264459279108938
74,qwen,10,3.8371950658824967,0.1148969763197962,0.78466784592857,0.2440895429415932,0.5143786944350816
75,gemma,10,3.8051035695174322,0.10704170529872581,0.6623165912538778,0.21831864610282445,0.4403176186783511
75,human,10,3.5373844227653373,0.15863452998707822,0.0,0.38757994327485196,0.19378997163742598
75,llama,10,3.837398863985273,0.0618146684021273,0.7854448415940679,0.06994167743311629,0.4276932595135921
75,mistral,10,3.426873079327936,0.056981839218101904,0.0,0.05408654754557509,0.027043273772787545
75,qwen,10,3.7897321968969115,0.08043309529710956,0.6037120717014552,0.13102340937129248,0.3673677405363739
76,gemma,10,3.8235714277801063,0.11141915135058755,0.7327266962825846,0.23267979421817395,0.4827032452503793
76,human,10,3.4422004279908953,0.2479046415212003,0.0,0.6804496391720859,0.34022481958604295
76,llama,10,3.7928631742297574,0.13631558165811258,0.6156491593546424,0.31435785922545817,0.4650035092900503
76,mistral,10,3.752751095682527,0.11323043826023788,0.46271882908789536,0.23862210836224407,0.3506704687250697
76,qwen,10,3.7728172657253487,0.09742093613812627,0.5392226185443333,0.18675565497465413,0.36298913675949374
77,gemma,10,3.5320603432377076,0.14445167638842923,0.0,0.3410500583110181,0.17052502915550904
77,human,10,3.5257582584868508,0.3944279519087042,0.0,1.0,0.5
77,llama,10,3.494482637621215,0.21988244710828656,0.0,0.5885168364114859,0.29425841820574294
77,mistral,10,3.485475459552191,0.13304448072526653,0.0,0.30362631292190506,0.15181315646095253
77,qwen,10,3.755074664103998,0.17074799565418805,0.4715776092599206,0.42732075848411716,0.4494491838720189
78,gemma,10,3.549982813909417,0.06747371593173737,0.0,0.0885073933326802,0.0442536966663401
78,human,10,3.5472045936919074,0.21795029123414436,0.0,0.582177985775349,0.2910889928876745
78,llama,10,3.7617667316507952,0.16964641674301434,0.49709162242416094,0.42370679323664534,0.4603992078304031
78,mistral,10,3.261149244691619,0.06721166498230553,0.0,0.08764767913998148,0.04382383956999074
78,qwen,9,3.8532366848797843,0.07158610668385952,0.8458277304351763,0.10199897084151138,0.47391335063834383
79,gemma,10,3.76972579320675,0.1461532619885337,0.5274361459803842,0.3466324738438499,0.43703430991211706
79,human,10,3.4635625444857037,0.15106905712122046,0.0,0.3627597912725144,0.1813798956362572
79,llama,10,3.8361584499403554,0.07847951634856716,0.7807156693240895,0.1246142757571583,0.45266497254062393
79,mistral,10,3.8363268933223647,0.13549188376741603,0.7813578724453163,0.311655542104825,0.5465067072750707
79,qwen,10,3.763182887679209,0.2321939639142315,0.5024908242850052,0.6289074007451326,0.565699112515069
80,gemma,10,3.839608379670366,0.1204569663809135,0.7938687870910075,0.2623302796272268,0.5280995333591172
80,human,10,3.7961675027940727,0.34575375382998086,0.6282471616759525,1.0,0.8141235808379763
80,llama,10,3.8222092793257327,0.1595851265401711,0.7275334023784952,0.3906985786012888,0.559115990489892
80,mistral,10,3.8115570272199317,0.2004688136421931,0.6869208863577494,0.5248262592209119,0.6058735727893306
80,qwen,10,3.8137117038878388,0.13933011365777864,0.6951357539581179,0.32424767626323814,0.509691715110678
81,gemma,10,3.8288137006970877,0.12307635511554851,0.7527132578764552,0.27092374466234076,0.511818501269398
81,human,10,3.4664812644785132,0.34895505938979865,0.0,1.0,0.5
81,llama,10,3.82049243093266,0.12554117932166345,0.7209877881575468,0.27901012770006217,0.4999989579288045
81,mistral,10,3.7539255487937706,0.12047799262312979,0.4671965203143369,0.2623992607123619,0.36479789051334943
81,qwen,10,3.842593830914039,0.1968837480985274,0.8052510455335008,0.513064684854068,0.6591578651937844
82,gemma,10,3.852855521078325,0.1987424850914719,0.844374514641976,0.5191626691460279,0.681768591894002
82,human,10,3.5433709242476077,0.3576458941115937,0.0,1.0,0.5
82,llama,10,3.7279860526819997,0.11270462044929273,0.36830023144076884,0.23689705056022725,0.30259864100049805
82,mistral,10,3.8043990544634556,0.13521929372171543,0.6596305743785449,0.3107612521524882,0.48519591326551653
82,qwen,10,3.8588894880463305,0.1315250250671166,0.867379469624531,0.29864141362152047,0.5830104416230257
83,gemma,10,3.8603951914919055,0.16026825066414577,0.8731200777793648,0.3929397134112532,0.6330298955953091
83,human,10,3.631992614703529,0.2709837176006119,0.0023179960349765123,0.7561654848992734,0.37924174046712494
83,llama,10,3.8507745156734563,0.13958942585643186,0.8364405242984263,0.32509840539818474,0.5807694648483055
83,mistral,10,3.8547011634418746,0.12768693167874898,0.8514111656068375,0.2860497272870998,0.5687304464469687
83,qwen,10,3.820328719230627,0.14464904219793917,0.7203636249237478,0.34169755906595545,0.5310305919948517
84,gemma,10,3.4785679058117127,0.10350824991436586,0.0,0.20672638990307285,0.10336319495153642
84,human,10,3.766403750871131,0.222049754611751,0.5147706085675546,0.5956271522668974,0.5551988804172261
84,llama,10,3.7817692182206244,0.050907643329223304,0.5733526138279926,0.03415884865257964,0.30375573124028615
84,mistral,10,3.247142440003626,0.05281560178332363,0.0,0.04041831447640506,0.02020915723820253
84,qwen,10,3.716132302931488,0.09484777828706588,0.32310691486629495,0.17831386024196147,0.2507103875541282
85,gemma,10,3.804334189813179,0.08885973350290148,0.6593832729982939,0.15866879847583032,0.4090260357370621
85,human,10,3.6594918957568905,0.3215722879859951,0.1071610828532508,0.9221321110189222,0.5146465969360865
85,llama,10,3.7914278479329475,0.11057009819937262,0.6101768693970621,0.22989429374188236,0.4200355815694722
85,mistral,10,3.82445105066948,0.10681637645001761,0.736080325011241,0.2175794066164616,0.4768298658138513
85,qwen,10,3.8670718914390463,0.1371125056142149,0.8985755008087636,0.3169723387266706,0.6077739197677171
86,gemma,10,3.838069401563322,0.16826645922314695,0.7880013167751428,0.41917954741775576,0.6035904320964494
86,human,10,3.7065615699231165,0.25841791867441477,0.2866177721223779,0.7149406936788159,0.5007792329005969
86,llama,10,3.8156183256473897,0.07912658378982282,0.7024048934777408,0.12673711890688497,0.4145710061923129
86,mistral,10,3.8449815100123543,0.07919084292556174,0.814354252505098,0.12694793474680113,0.47065109362594953
86,qwen,10,3.83227163601947,0.15791845185116496,0.7658968975691802,0.3852306957798109,0.5755637966744955
87,gemma,10,3.835808547480135,0.04914904269507216,0.7793816397564214,0.028389383104957235,0.4038855114306893
87,human,10,3.3916944463631165,0.2606032272198782,0.0,0.7221100658029548,0.3610550329014774
87,llama,10,3.789357914414458,0.07864413720573704,0.6022850914569059,0.12515434969175013,0.363719720574328
87,mistral,10,3.474581985473553,0.08302555600578981,0.0,0.13952853125731704,0.06976426562865852
87,qwen,10,3.8139801698013462,0.10145717296474914,0.6961593005382265,0.19999739324144702,0.4480783468898368
88,gemma,10,3.7284735259152972,0.09513201138373537,0.370158759975425,0.17924634771346756,0.2747025538444463
88,human,10,3.793544355596572,0.26244853562528336,0.6182462147846135,0.728163994741097,0.6732051047628553
88,llama,10,3.5252834442489336,0.06961764522365815,0.0,0.09554101196448858,0.04777050598224429
88,mistral,10,3.1880629449358877,0.08203121651435806,0.0,0.13626638786498,0.06813319393249
88,qwen,10,3.6981238703973323,0.09957118085632904,0.25444840514104855,0.19380999271325963,0.2241291989271541
89,gemma,10,3.8362675071217502,0.15871091931903203,0.7811314580683462,0.38783055481811807,0.5844810064432321
89,human,10,3.7980135182659636,0.3455175283957806,0.635285235144556,1.0,0.817642617572278
89,llama,10,3.8047608932942802,0.16905297732449606,0.6610101122610356,0.4217598882866224,0.541385000273829
89,mistral,10,3.8392136257186666,0.12183449499790573,0.7923637578231676,0.2668495569106886,0.5296066573669281
89,qwen,9,3.80766670101975,0.13402794963720865,0.6720887237726407,0.3068527930529933,0.489470758412817
90,gemma,10,3.8122462308886327,0.2793262623226143,0.6895485274198148,0.7835349873425186,0.7365417573811667
90,human,10,3.5354436383804404,0.27049813252737814,0.0,0.7545724191991612,0.3772862095995806
90,llama,10,3.1222677598598674,0.08849487066582856,0.0,0.15747178789410943,0.07873589394705471
90,mistral,10,3.2088792782228146,0.0675467119369768,0.0,0.08874687234182217,0.044373436170911086
90,qwen,9,3.2356078855616275,0.09650857730342882,0.0,0.18376246666251828,0.09188123333125914
91,gemma,10,3.7931458218930945,0.11810786897442084,0.6167267749275269,0.25462356310980083,0.4356751690186639
91,human,10,3.569104760014365,0.22381697290734096,0.0,0.6014248898962005,0.30071244494810023
91,llama,10,3.8571505917814086,0.10451004025757095,0.8607497962262555,0.21001297740840066,0.535381386817328
91,mistral,10,3.8162042918831185,0.11458344956596675,0.7046389340261421,0.24306095136181702,0.47384994269397956
91,qwen,10,3.836496140031177,0.15993343635263516,0.7820031383106771,0.39184128344506375,0.5869222108778704
92,gemma,10,3.8056195534576482,0.1406934629441186,0.6642838190128846,0.3287204352195152,0.4965021271161999
92,human,10,3.830903975796235,0.17820885476134818,0.7606825896298465,0.45179770267400865,0.6062401461519276
92,llama,10,3.7961837289839004,0.09082695591530941,0.6283090252506962,0.1651226923915326,0.3967158588211144
92,mistral,10,3.8262118634212894,0.12134979501075295,0.7427935566717505,0.26525939492478623,0.5040264757982684
92,qwen,10,3.704748016575192,0.08742127469436885,0.2797034629541826,0.15394962666596176,0.21682654481007219
93,gemma,10,3.84183119487038,0.08160591695168486,0.8023434379934735,0.13487110167742195,0.46860726983544776
93,human,10,3.7594565912212325,0.30840277453902004,0.4882840374858835,0.8789267051776194,0.6836053713317515
93,llama,10,3.8353359428506932,0.07022923376498136,0.7775797988974132,0.09754745899399739,0.43756362894570533
93,mistral,10,3.8353428802286293,0.10234213928493807,0.777606248174972,0.20290071455043812,0.4902534813627051
93,qwen,10,3.783395383929581,0.10998206662385585,0.5795524934639079,0.2279651303775715,0.4037588119207397
94,gemma,10,3.78767296877403,0.21739748200378037,0.5958611088909382,0.5803643768484239,0.5881127428696811
94,human,10,3.4131362646522208,0.34417753980330723,0.0,0.9962934749025785,0.49814673745128923
94,llama,10,3.8434059787755257,0.23393982690804652,0.8083474206200318,0.6346350777390322,0.721491249179532
94,mistral,10,3.8401853391066836,0.17344484247521758,0.7960684885361141,0.4361683413400481,0.6161184149380812
94,qwen,10,3.8418751231205532,0.24886643290892815,0.8025109177664089,0.6836050015481346,0.7430579596572717
95,gemma,10,3.794066157305315,0.1539917312028842,0.6202356232257106,0.3723482487617426,0.49629193599372656
95,human,10,3.7080338746482613,0.3000816217297401,0.2922310451320169,0.8516273834798224,0.5719292143059196
95,llama,10,3.806089073552366,0.07937756538404475,0.6660738998501945,0.12756051771206608,0.3968172087811303
95,mistral,10,3.7977923636202586,0.08211344761434924,0.6344420663477095,0.13653616457785558,0.38548911546278253
95,qwen,10,3.85286141021247,0.16339329678916434,0.8443969674108784,0.40319209567638775,0.6237945315436331
96,gemma,10,3.8195419905904466,0.05798156008709754,0.7173641625390842,0.057366345698095116,0.38736525411858963
96,human,10,3.8034197847288285,0.21295926048441885,0.6558970345232012,0.5658038418119785,0.6108504381675899
96,llama,10,3.8079255145374793,0.053260708847661,0.6730754698645252,0.041878583410026454,0.3574770266372758
96,mistral,10,3.464284553364292,0.053509480929631634,0.0,0.04269473343764922,0.02134736671882461
96,qwen,10,3.8217183697488673,0.06578483850609212,0.7256617725243417,0.08296666968445932,0.4043142211044005
97,gemma,10,3.847863052685677,0.0943800016031063,0.8253403516719632,0.1767792187721041,0.5010597852220336
97,human,10,3.7558786042293755,0.2693207564249102,0.47464269173237084,0.7507097850525167,0.6126762383924438
97,llama,10,3.8091523331580763,0.05868156970579048,0.6777528085520326,0.05966287698531522,0.3687078427686739
97,mistral,10,3.8180727822653706,0.06929008280345333,0.7117626947886665,0.0944663733789181,0.4031145340837923
97,qwen,10,3.7409860277972444,0.2391180222085789,0.4178636188252691,0.6516232550461002,0.5347434369356847
98,gemma,10,3.696457361554086,0.15546032622074185,0.24809471425739027,0.3771662888524818,0.31263050155493605
98,human,10,3.7699974049925844,0.21893466699933428,0.5284716864364369,0.5854074410324939,0.5569395637344654
98,llama,10,3.811524111872866,0.14864020208243175,0.6867953941100295,0.35479141278206505,0.5207934034460473
98,mistral,10,3.8239955219243615,0.13894848732936413,0.7343435872514429,0.32299566946243546,0.5286696283569392
98,qwen,10,3.8165716657328796,0.14911965854057208,0.7060395745865455,0.35636437224944345,0.5312019734179945
99,gemma,10,3.664668510943854,0.09561798106098304,0.12689731939043408,0.18084067518931488,0.15386899728987447
99,human,10,3.837489338368418,0.3244744914116198,0.7857897820159098,0.9316534101423107,0.8587215960791102
99,llama,10,3.8077613502394594,0.08258432580417686,0.6724495810743286,0.1380809812011298,0.4052652811377292
99,mistral,10,3.835516195827995,0.07899042504273057,0.7782670269930065,0.12629042101249047,0.4522787240027485
99,qwen,10,3.859770618835317,0.1763768815240782,0.8707388473343954,0.4457875226073461,0.6582631849708708
