group_id,model_key,prompt_id,D_sem
gemma/wp_0000,gemma,wp_0000,0.11514677107334137
gemma/wp_0001,gemma,wp_0001,0.09611043334007263
gemma/wp_0002,gemma,wp_0002,0.15781493484973907
gemma/wp_0003,gemma,wp_0003,0.12286803871393204
gemma/wp_0004,gemma,wp_0004,0.05125816538929939
gemma/wp_0005,gemma,wp_0005,0.14981190860271454
gemma/wp_0006,gemma,wp_0006,0.18290960788726807
gemma/wp_0007,gemma,wp_0007,0.0799855962395668
gemma/wp_0008,gemma,wp_0008,0.11997310817241669
gemma/wp_0009,gemma,wp_0009,0.15300847589969635
gemma/wp_0010,gemma,wp_0010,0.1073545441031456
gemma/wp_0011,gemma,wp_0011,0.07076147198677063
gemma/wp_0012,gemma,wp_0012,0.0794040709733963
gemma/wp_0013,gemma,wp_0013,0.05965425446629524
gemma/wp_0014,gemma,wp_0014,0.1781722456216812
gemma/wp_0015,gemma,wp_0015,0.12541154026985168
gemma/wp_0016,gemma,wp_0016,0.1244102492928505
gemma/wp_0017,gemma,wp_0017,0.154079407453537
gemma/wp_0018,gemma,wp_0018,0.2885380685329437
gemma/wp_0019,gemma,wp_0019,0.16126444935798645
gemma/wp_0020,gemma,wp_0020,0.13585872948169708
gemma/wp_0021,gemma,wp_0021,0.10811033099889755
gemma/wp_0022,gemma,wp_0022,0.1035781055688858
gemma/wp_0023,gemma,wp_0023,0.10664887726306915
gemma/wp_0024,gemma,wp_0024,0.08313240855932236
gemma/wp_0025,gemma,wp_0025,0.1647430807352066
gemma/wp_0026,gemma,wp_0026,0.11627171188592911
gemma/wp_0027,gemma,wp_0027,0.10084879398345947
gemma/wp_0028,gemma,wp_0028,0.11940617859363556
gemma/wp_0029,gemma,wp_0029,0.09885565936565399
gemma/wp_0030,gemma,wp_0030,0.1381884515285492
gemma/wp_0031,gemma,wp_0031,0.14457634091377258
gemma/wp_0032,gemma,wp_0032,0.1871618926525116
gemma/wp_0033,gemma,wp_0033,0.08813276141881943
gemma/wp_0034,gemma,wp_0034,0.0645957738161087
gemma/wp_0035,gemma,wp_0035,0.14021672308444977
gemma/wp_0036,gemma,wp_0036,0.09449173510074615
gemma/wp_0037,gemma,wp_0037,0.19321760535240173
gemma/wp_0038,gemma,wp_0038,0.16859149932861328
gemma/wp_0039,gemma,wp_0039,0.1759909689426422
gemma/wp_0040,gemma,wp_0040,0.17378045618534088
gemma/wp_0041,gemma,wp_0041,0.06665710359811783
gemma/wp_0042,gemma,wp_0042,0.11753721535205841
gemma/wp_0043,gemma,wp_0043,0.10504100471735
gemma/wp_0044,gemma,wp_0044,0.15708288550376892
gemma/wp_0045,gemma,wp_0045,0.12932898104190826
gemma/wp_0046,gemma,wp_0046,0.11796130239963531
gemma/wp_0047,gemma,wp_0047,0.09164393693208694
gemma/wp_0048,gemma,wp_0048,0.11125878244638443
gemma/wp_0049,gemma,wp_0049,0.08628177642822266
gemma/wp_0050,gemma,wp_0050,0.04565669223666191
gemma/wp_0051,gemma,wp_0051,0.11290626227855682
gemma/wp_0052,gemma,wp_0052,0.137846902012825
gemma/wp_0053,gemma,wp_0053,0.16479231417179108
gemma/wp_0054,gemma,wp_0054,0.270224392414093
gemma/wp_0055,gemma,wp_0055,0.08744082599878311
gemma/wp_0056,gemma,wp_0056,0.12046819925308228
gemma/wp_0057,gemma,wp_0057,0.1243140697479248
gemma/wp_0058,gemma,wp_0058,0.07398144155740738
gemma/wp_0059,gemma,wp_0059,0.153213232755661
gemma/wp_0060,gemma,wp_0060,0.19536522030830383
gemma/wp_0061,gemma,wp_0061,0.16574901342391968
gemma/wp_0062,gemma,wp_0062,0.10981430858373642
gemma/wp_0063,gemma,wp_0063,0.1583678424358368
gemma/wp_0064,gemma,wp_0064,0.1808951199054718
gemma/wp_0065,gemma,wp_0065,0.09392057359218597
gemma/wp_0066,gemma,wp_0066,0.10618700087070465
gemma/wp_0067,gemma,wp_0067,0.10040666908025742
gemma/wp_0068,gemma,wp_0068,0.07847200334072113
gemma/wp_0069,gemma,wp_0069,0.09636230766773224
gemma/wp_0070,gemma,wp_0070,0.0964982882142067
gemma/wp_0071,gemma,wp_0071,0.09225155413150787
gemma/wp_0072,gemma,wp_0072,0.24121208488941193
gemma/wp_0073,gemma,wp_0073,0.14423520863056183
gemma/wp_0074,gemma,wp_0074,0.1326553225517273
gemma/wp_0075,gemma,wp_0075,0.11644716560840607
gemma/wp_0076,gemma,wp_0076,0.10872509330511093
gemma/wp_0077,gemma,wp_0077,0.16762058436870575
gemma/wp_0078,gemma,wp_0078,0.07930596172809601
gemma/wp_0079,gemma,wp_0079,0.17855635285377502
gemma/wp_0080,gemma,wp_0080,0.08507492393255234
gemma/wp_0081,gemma,wp_0081,0.10213311016559601
gemma/wp_0082,gemma,wp_0082,0.1829218566417694
gemma/wp_0083,gemma,wp_0083,0.07543423026800156
gemma/wp_0084,gemma,wp_0084,0.18342287838459015
gemma/wp_0085,gemma,wp_0085,0.17340263724327087
gemma/wp_0086,gemma,wp_0086,0.07682450115680695
gemma/wp_0087,gemma,wp_0087,0.06145163252949715
gemma/wp_0088,gemma,wp_0088,0.078652523458004
gemma/wp_0089,gemma,wp_0089,0.08186908811330795
gemma/wp_0090,gemma,wp_0090,0.06792785227298737
gemma/wp_0091,gemma,wp_0091,0.1362370252609253
gemma/wp_0092,gemma,wp_0092,0.11583404242992401
gemma/wp_0093,gemma,wp_0093,0.1805703192949295
gemma/wp_0094,gemma,wp_0094,0.11691901832818985
gemma/wp_0095,gemma,wp_0095,0.14716990292072296
gemma/wp_0096,gemma,wp_0096,0.17825821042060852
gemma/wp_0097,gemma,wp_0097,0.15747001767158508
gemma/wp_0098,gemma,wp_0098,0.1237151250243187
gemma/wp_0099,gemma,wp_0099,0.07013566046953201
gemma/wp_0100,gemma,wp_0100,0.10196374356746674
gemma/wp_0101,gemma,wp_0101,0.08396761119365692
gemma/wp_0102,gemma,wp_0102,0.08333123475313187
gemma/wp_0103,gemma,wp_0103,0.1475898027420044
gemma/wp_0104,gemma,wp_0104,0.1638580709695816
gemma/wp_0105,gemma,wp_0105,0.13612644374370575
gemma/wp_0106,gemma,wp_0106,0.06666998565196991
gemma/wp_0107,gemma,wp_0107,0.14485427737236023
gemma/wp_0108,gemma,wp_0108,0.08547492325305939
gemma/wp_0109,gemma,wp_0109,0.2039283812046051
gemma/wp_0110,gemma,wp_0110,0.16208519041538239
gemma/wp_0111,gemma,wp_0111,0.08111760020256042
gemma/wp_0112,gemma,wp_0112,0.16789495944976807
gemma/wp_0113,gemma,wp_0113,0.13846531510353088
gemma/wp_0114,gemma,wp_0114,0.056174974888563156
gemma/wp_0115,gemma,wp_0115,0.1441420614719391
gemma/wp_0116,gemma,wp_0116,0.07973439991474152
gemma/wp_0117,gemma,wp_0117,0.24226942658424377
gemma/wp_0118,gemma,wp_0118,0.12538379430770874
gemma/wp_0119,gemma,wp_0119,0.07427895069122314
gemma/wp_0120,gemma,wp_0120,0.1289653331041336
gemma/wp_0121,gemma,wp_0121,0.09245866537094116
gemma/wp_0122,gemma,wp_0122,0.08637518435716629
gemma/wp_0123,gemma,wp_0123,0.037948064506053925
gemma/wp_0124,gemma,wp_0124,0.12709292769432068
gemma/wp_0125,gemma,wp_0125,0.16830594837665558
gemma/wp_0126,gemma,wp_0126,0.24056363105773926
gemma/wp_0127,gemma,wp_0127,0.03934755176305771
gemma/wp_0128,gemma,wp_0128,0.23007440567016602
gemma/wp_0129,gemma,wp_0129,0.06328935921192169
gemma/wp_0130,gemma,wp_0130,0.1461656391620636
gemma/wp_0131,gemma,wp_0131,0.12828683853149414
gemma/wp_0132,gemma,wp_0132,0.19900831580162048
gemma/wp_0133,gemma,wp_0133,0.24371245503425598
gemma/wp_0134,gemma,wp_0134,0.09504632651805878
gemma/wp_0135,gemma,wp_0135,0.17125365138053894
gemma/wp_0136,gemma,wp_0136,0.15971072018146515
gemma/wp_0137,gemma,wp_0137,0.09995318949222565
gemma/wp_0138,gemma,wp_0138,0.15570656955242157
gemma/wp_0139,gemma,wp_0139,0.11513783782720566
gemma/wp_0140,gemma,wp_0140,0.15812282264232635
gemma/wp_0141,gemma,wp_0141,0.18622472882270813
gemma/wp_0142,gemma,wp_0142,0.18552879989147186
gemma/wp_0143,gemma,wp_0143,0.07869882881641388
gemma/wp_0144,gemma,wp_0144,0.10231878608465195
gemma/wp_0145,gemma,wp_0145,0.09828614443540573
gemma/wp_0146,gemma,wp_0146,0.0815083384513855
gemma/wp_0147,gemma,wp_0147,0.19338612258434296
gemma/wp_0148,gemma,wp_0148,0.1782073825597763
gemma/wp_0149,gemma,wp_0149,0.07428336888551712
gemma/wp_0150,gemma,wp_0150,0.11310629546642303
gemma/wp_0151,gemma,wp_0151,0.1377025842666626
gemma/wp_0152,gemma,wp_0152,0.18336981534957886
gemma/wp_0153,gemma,wp_0153,0.10184762626886368
gemma/wp_0154,gemma,wp_0154,0.1548829972743988
gemma/wp_0155,gemma,wp_0155,0.06839269399642944
gemma/wp_0156,gemma,wp_0156,0.21359924972057343
gemma/wp_0157,gemma,wp_0157,0.20586124062538147
gemma/wp_0158,gemma,wp_0158,0.13663020730018616
gemma/wp_0159,gemma,wp_0159,0.17459750175476074
gemma/wp_0160,gemma,wp_0160,0.04700596258044243
gemma/wp_0161,gemma,wp_0161,0.12405546754598618
gemma/wp_0162,gemma,wp_0162,0.16620860993862152
gemma/wp_0163,gemma,wp_0163,0.130550354719162
gemma/wp_0164,gemma,wp_0164,0.12100182473659515
gemma/wp_0165,gemma,wp_0165,0.09543110430240631
gemma/wp_0166,gemma,wp_0166,0.15896816551685333
gemma/wp_0167,gemma,wp_0167,0.11736476421356201
gemma/wp_0168,gemma,wp_0168,0.07196201384067535
gemma/wp_0169,gemma,wp_0169,0.07352311909198761
gemma/wp_0170,gemma,wp_0170,0.11770429462194443
gemma/wp_0171,gemma,wp_0171,0.06494380533695221
gemma/wp_0172,gemma,wp_0172,0.24609732627868652
gemma/wp_0173,gemma,wp_0173,0.12671102583408356
gemma/wp_0174,gemma,wp_0174,0.11797825992107391
gemma/wp_0175,gemma,wp_0175,0.11071692407131195
gemma/wp_0176,gemma,wp_0176,0.18866272270679474
gemma/wp_0177,gemma,wp_0177,0.1268019825220108
gemma/wp_0178,gemma,wp_0178,0.12102498859167099
gemma/wp_0179,gemma,wp_0179,0.16512282192707062
gemma/wp_0180,gemma,wp_0180,0.065793976187706
gemma/wp_0181,gemma,wp_0181,0.08956681936979294
gemma/wp_0182,gemma,wp_0182,0.1419946849346161
gemma/wp_0183,gemma,wp_0183,0.11847972869873047
gemma/wp_0184,gemma,wp_0184,0.13851118087768555
gemma/wp_0185,gemma,wp_0185,0.18994879722595215
gemma/wp_0186,gemma,wp_0186,0.20840871334075928
gemma/wp_0187,gemma,wp_0187,0.0814318135380745
gemma/wp_0188,gemma,wp_0188,0.10853321850299835
gemma/wp_0189,gemma,wp_0189,0.1287403106689453
gemma/wp_0190,gemma,wp_0190,0.060186635702848434
gemma/wp_0191,gemma,wp_0191,0.20501336455345154
gemma/wp_0192,gemma,wp_0192,0.09214488416910172
gemma/wp_0193,gemma,wp_0193,0.08444808423519135
gemma/wp_0194,gemma,wp_0194,0.21807225048542023
gemma/wp_0195,gemma,wp_0195,0.072355717420578
gemma/wp_0196,gemma,wp_0196,0.15907545387744904
gemma/wp_0197,gemma,wp_0197,0.15622994303703308
gemma/wp_0198,gemma,wp_0198,0.12116344273090363
gemma/wp_0199,gemma,wp_0199,0.1375047266483307
llama/wp_0000,llama,wp_0000,0.11850972473621368
llama/wp_0001,llama,wp_0001,0.11570055782794952
llama/wp_0002,llama,wp_0002,0.16819776594638824
llama/wp_0003,llama,wp_0003,0.0869300365447998
llama/wp_0004,llama,wp_0004,0.03464866429567337
llama/wp_0005,llama,wp_0005,0.13602164387702942
llama/wp_0006,llama,wp_0006,0.15912595391273499
llama/wp_0007,llama,wp_0007,0.0921177789568901
llama/wp_0008,llama,wp_0008,0.16099002957344055
llama/wp_0009,llama,wp_0009,0.14182180166244507
llama/wp_0010,llama,wp_0010,0.11564884334802628
llama/wp_0011,llama,wp_0011,0.03973286598920822
llama/wp_0012,llama,wp_0012,0.08714646846055984
llama/wp_0013,llama,wp_0013,0.06561113893985748
llama/wp_0014,llama,wp_0014,0.1346116065979004
llama/wp_0015,llama,wp_0015,0.11496210098266602
llama/wp_0016,llama,wp_0016,0.1226901188492775
llama/wp_0017,llama,wp_0017,0.17894187569618225
llama/wp_0018,llama,wp_0018,0.20894405245780945
llama/wp_0019,llama,wp_0019,0.12801162898540497
llama/wp_0020,llama,wp_0020,0.10899694263935089
llama/wp_0021,llama,wp_0021,0.09024563431739807
llama/wp_0022,llama,wp_0022,0.07302030175924301
llama/wp_0023,llama,wp_0023,0.11226658523082733
llama/wp_0024,llama,wp_0024,0.08335999399423599
llama/wp_0025,llama,wp_0025,0.218905970454216
llama/wp_0026,llama,wp_0026,0.09370825439691544
llama/wp_0027,llama,wp_0027,0.08598586171865463
llama/wp_0028,llama,wp_0028,0.1531384438276291
llama/wp_0029,llama,wp_0029,0.08605258166790009
llama/wp_0030,llama,wp_0030,0.13586381077766418
llama/wp_0031,llama,wp_0031,0.0625784695148468
llama/wp_0032,llama,wp_0032,0.1930805891752243
llama/wp_0033,llama,wp_0033,0.10714557021856308
llama/wp_0034,llama,wp_0034,0.04896445944905281
llama/wp_0035,llama,wp_0035,0.19933819770812988
llama/wp_0036,llama,wp_0036,0.12657490372657776
llama/wp_0037,llama,wp_0037,0.23237264156341553
llama/wp_0038,llama,wp_0038,0.15143419802188873
llama/wp_0039,llama,wp_0039,0.1386982947587967
llama/wp_0040,llama,wp_0040,0.20019109547138214
llama/wp_0041,llama,wp_0041,0.09345290064811707
llama/wp_0042,llama,wp_0042,0.09807716310024261
llama/wp_0043,llama,wp_0043,0.0937919095158577
llama/wp_0044,llama,wp_0044,0.16248077154159546
llama/wp_0045,llama,wp_0045,0.17584414780139923
llama/wp_0046,llama,wp_0046,0.10610737651586533
llama/wp_0047,llama,wp_0047,0.09239181876182556
llama/wp_0048,llama,wp_0048,0.15797129273414612
llama/wp_0049,llama,wp_0049,0.1053403839468956
llama/wp_0050,llama,wp_0050,0.06207656115293503
llama/wp_0051,llama,wp_0051,0.11614599078893661
llama/wp_0052,llama,wp_0052,0.12946538627147675
llama/wp_0053,llama,wp_0053,0.17205104231834412
llama/wp_0054,llama,wp_0054,0.1555183231830597
llama/wp_0055,llama,wp_0055,0.1066388338804245
llama/wp_0056,llama,wp_0056,0.08319675922393799
llama/wp_0057,llama,wp_0057,0.12427504360675812
llama/wp_0058,llama,wp_0058,0.0933416485786438
llama/wp_0059,llama,wp_0059,0.11712242662906647
llama/wp_0060,llama,wp_0060,0.20820856094360352
llama/wp_0061,llama,wp_0061,0.16492673754692078
llama/wp_0062,llama,wp_0062,0.07491828501224518
llama/wp_0063,llama,wp_0063,0.09408068656921387
llama/wp_0064,llama,wp_0064,0.14611999690532684
llama/wp_0065,llama,wp_0065,0.1443372517824173
llama/wp_0066,llama,wp_0066,0.08376623690128326
llama/wp_0067,llama,wp_0067,0.07455874979496002
llama/wp_0068,llama,wp_0068,0.062264759093523026
llama/wp_0069,llama,wp_0069,0.07682711631059647
llama/wp_0070,llama,wp_0070,0.0768226683139801
llama/wp_0071,llama,wp_0071,0.07871392369270325
llama/wp_0072,llama,wp_0072,0.2553134560585022
llama/wp_0073,llama,wp_0073,0.14819352328777313
llama/wp_0074,llama,wp_0074,0.13840630650520325
llama/wp_0075,llama,wp_0075,0.09018346667289734
llama/wp_0076,llama,wp_0076,0.10833428055047989
llama/wp_0077,llama,wp_0077,0.18302865326404572
llama/wp_0078,llama,wp_0078,0.10406196117401123
llama/wp_0079,llama,wp_0079,0.1720353215932846
llama/wp_0080,llama,wp_0080,0.10695429146289825
llama/wp_0081,llama,wp_0081,0.07435185462236404
llama/wp_0082,llama,wp_0082,0.1673596352338791
llama/wp_0083,llama,wp_0083,0.04876326769590378
llama/wp_0084,llama,wp_0084,0.23356354236602783
llama/wp_0085,llama,wp_0085,0.17306238412857056
llama/wp_0086,llama,wp_0086,0.06560026854276657
llama/wp_0087,llama,wp_0087,0.07642333954572678
llama/wp_0088,llama,wp_0088,0.08243905007839203
llama/wp_0089,llama,wp_0089,0.0635460689663887
llama/wp_0090,llama,wp_0090,0.05935531109571457
llama/wp_0091,llama,wp_0091,0.09045766294002533
llama/wp_0092,llama,wp_0092,0.09667383134365082
llama/wp_0093,llama,wp_0093,0.13378974795341492
llama/wp_0094,llama,wp_0094,0.1328965127468109
llama/wp_0095,llama,wp_0095,0.1323399543762207
llama/wp_0096,llama,wp_0096,0.12037579715251923
llama/wp_0097,llama,wp_0097,0.12981122732162476
llama/wp_0098,llama,wp_0098,0.117135189473629
llama/wp_0099,llama,wp_0099,0.11075208336114883
llama/wp_0100,llama,wp_0100,0.10705554485321045
llama/wp_0101,llama,wp_0101,0.09710557013750076
llama/wp_0102,llama,wp_0102,0.1455748826265335
llama/wp_0103,llama,wp_0103,0.20679454505443573
llama/wp_0104,llama,wp_0104,0.11763612926006317
llama/wp_0105,llama,wp_0105,0.1162819042801857
llama/wp_0106,llama,wp_0106,0.057732779532670975
llama/wp_0107,llama,wp_0107,0.12574365735054016
llama/wp_0108,llama,wp_0108,0.0619938001036644
llama/wp_0109,llama,wp_0109,0.15658551454544067
llama/wp_0110,llama,wp_0110,0.1950366348028183
llama/wp_0111,llama,wp_0111,0.05644827336072922
llama/wp_0112,llama,wp_0112,0.15089502930641174
llama/wp_0113,llama,wp_0113,0.11328878253698349
llama/wp_0114,llama,wp_0114,0.03851784020662308
llama/wp_0115,llama,wp_0115,0.10487711429595947
llama/wp_0116,llama,wp_0116,0.07271450757980347
llama/wp_0117,llama,wp_0117,0.23608660697937012
llama/wp_0118,llama,wp_0118,0.13968341052532196
llama/wp_0119,llama,wp_0119,0.05438296124339104
llama/wp_0120,llama,wp_0120,0.17728249728679657
llama/wp_0121,llama,wp_0121,0.0987241119146347
llama/wp_0122,llama,wp_0122,0.11883628368377686
llama/wp_0123,llama,wp_0123,0.06661567836999893
llama/wp_0124,llama,wp_0124,0.211131289601326
llama/wp_0125,llama,wp_0125,0.14908364415168762
llama/wp_0126,llama,wp_0126,0.259507417678833
llama/wp_0127,llama,wp_0127,0.04749194532632828
llama/wp_0128,llama,wp_0128,0.22311563789844513
llama/wp_0129,llama,wp_0129,0.08361934125423431
llama/wp_0130,llama,wp_0130,0.15764567255973816
llama/wp_0131,llama,wp_0131,0.12847527861595154
llama/wp_0132,llama,wp_0132,0.18948984146118164
llama/wp_0133,llama,wp_0133,0.19720986485481262
llama/wp_0134,llama,wp_0134,0.10135336220264435
llama/wp_0135,llama,wp_0135,0.1591503918170929
llama/wp_0136,llama,wp_0136,0.16382749378681183
llama/wp_0137,llama,wp_0137,0.08343218266963959
llama/wp_0138,llama,wp_0138,0.11159650981426239
llama/wp_0139,llama,wp_0139,0.0692400261759758
llama/wp_0140,llama,wp_0140,0.11282088607549667
llama/wp_0141,llama,wp_0141,0.21288911998271942
llama/wp_0142,llama,wp_0142,0.15768346190452576
llama/wp_0143,llama,wp_0143,0.07305505871772766
llama/wp_0144,llama,wp_0144,0.08973925560712814
llama/wp_0145,llama,wp_0145,0.15822581946849823
llama/wp_0146,llama,wp_0146,0.10060763359069824
llama/wp_0147,llama,wp_0147,0.12913855910301208
llama/wp_0148,llama,wp_0148,0.2254885733127594
llama/wp_0149,llama,wp_0149,0.051108330488204956
llama/wp_0150,llama,wp_0150,0.13519737124443054
llama/wp_0151,llama,wp_0151,0.12623965740203857
llama/wp_0152,llama,wp_0152,0.16242444515228271
llama/wp_0153,llama,wp_0153,0.12490008026361465
llama/wp_0154,llama,wp_0154,0.10778920352458954
llama/wp_0155,llama,wp_0155,0.04668877273797989
llama/wp_0156,llama,wp_0156,0.14938467741012573
llama/wp_0157,llama,wp_0157,0.20695900917053223
llama/wp_0158,llama,wp_0158,0.10546088218688965
llama/wp_0159,llama,wp_0159,0.10629483312368393
llama/wp_0160,llama,wp_0160,0.07356346398591995
llama/wp_0161,llama,wp_0161,0.1686290204524994
llama/wp_0162,llama,wp_0162,0.13735656440258026
llama/wp_0163,llama,wp_0163,0.13045169413089752
llama/wp_0164,llama,wp_0164,0.1321239173412323
llama/wp_0165,llama,wp_0165,0.1004515141248703
llama/wp_0166,llama,wp_0166,0.2150675505399704
llama/wp_0167,llama,wp_0167,0.11779339611530304
llama/wp_0168,llama,wp_0168,0.08191003650426865
llama/wp_0169,llama,wp_0169,0.16830143332481384
llama/wp_0170,llama,wp_0170,0.09441177546977997
llama/wp_0171,llama,wp_0171,0.05473315715789795
llama/wp_0172,llama,wp_0172,0.21256622672080994
llama/wp_0173,llama,wp_0173,0.11010297387838364
llama/wp_0174,llama,wp_0174,0.16916044056415558
llama/wp_0175,llama,wp_0175,0.06819330900907516
llama/wp_0176,llama,wp_0176,0.17358200252056122
llama/wp_0177,llama,wp_0177,0.11052699387073517
llama/wp_0178,llama,wp_0178,0.08674584329128265
llama/wp_0179,llama,wp_0179,0.1213560700416565
llama/wp_0180,llama,wp_0180,0.08817778527736664
llama/wp_0181,llama,wp_0181,0.08238302916288376
llama/wp_0182,llama,wp_0182,0.12775424122810364
llama/wp_0183,llama,wp_0183,0.13602951169013977
llama/wp_0184,llama,wp_0184,0.22167369723320007
llama/wp_0185,llama,wp_0185,0.1266424059867859
llama/wp_0186,llama,wp_0186,0.23426544666290283
llama/wp_0187,llama,wp_0187,0.05897027999162674
llama/wp_0188,llama,wp_0188,0.10106536000967026
llama/wp_0189,llama,wp_0189,0.10910899937152863
llama/wp_0190,llama,wp_0190,0.05538136884570122
llama/wp_0191,llama,wp_0191,0.22612658143043518
llama/wp_0192,llama,wp_0192,0.1354101598262787
llama/wp_0193,llama,wp_0193,0.06561680883169174
llama/wp_0194,llama,wp_0194,0.12027311325073242
llama/wp_0195,llama,wp_0195,0.06970246881246567
llama/wp_0196,llama,wp_0196,0.10969910770654678
llama/wp_0197,llama,wp_0197,0.11841164529323578
llama/wp_0198,llama,wp_0198,0.14487075805664062
llama/wp_0199,llama,wp_0199,0.16771981120109558
mistral/wp_0000,mistral,wp_0000,0.0750308483839035
mistral/wp_0001,mistral,wp_0001,0.0867384523153305
mistral/wp_0002,mistral,wp_0002,0.1238548755645752
mistral/wp_0003,mistral,wp_0003,0.07958593964576721
mistral/wp_0004,mistral,wp_0004,0.04883782938122749
mistral/wp_0005,mistral,wp_0005,0.15224102139472961
mistral/wp_0006,mistral,wp_0006,0.1384136825799942
mistral/wp_0007,mistral,wp_0007,0.0845884159207344
mistral/wp_0008,mistral,wp_0008,0.15955357253551483
mistral/wp_0009,mistral,wp_0009,0.13529200851917267
mistral/wp_0010,mistral,wp_0010,0.17355425655841827
mistral/wp_0011,mistral,wp_0011,0.054020583629608154
mistral/wp_0012,mistral,wp_0012,0.0924898311495781
mistral/wp_0013,mistral,wp_0013,0.049285031855106354
mistral/wp_0014,mistral,wp_0014,0.10489261150360107
mistral/wp_0015,mistral,wp_0015,0.10701217502355576
mistral/wp_0016,mistral,wp_0016,0.11265400797128677
mistral/wp_0017,mistral,wp_0017,0.11955300718545914
mistral/wp_0018,mistral,wp_0018,0.2679712772369385
mistral/wp_0019,mistral,wp_0019,0.1186254471540451
mistral/wp_0020,mistral,wp_0020,0.09314267337322235
mistral/wp_0021,mistral,wp_0021,0.08759663254022598
mistral/wp_0022,mistral,wp_0022,0.09329602122306824
mistral/wp_0023,mistral,wp_0023,0.08049627393484116
mistral/wp_0024,mistral,wp_0024,0.09820596873760223
mistral/wp_0025,mistral,wp_0025,0.16775786876678467
mistral/wp_0026,mistral,wp_0026,0.1006748229265213
mistral/wp_0027,mistral,wp_0027,0.0856725201010704
mistral/wp_0028,mistral,wp_0028,0.13299012184143066
mistral/wp_0029,mistral,wp_0029,0.0772741511464119
mistral/wp_0030,mistral,wp_0030,0.10274765640497208
mistral/wp_0031,mistral,wp_0031,0.09835753589868546
mistral/wp_0032,mistral,wp_0032,0.18710026144981384
mistral/wp_0033,mistral,wp_0033,0.0895090401172638
mistral/wp_0034,mistral,wp_0034,0.11477117240428925
mistral/wp_0035,mistral,wp_0035,0.14886057376861572
mistral/wp_0036,mistral,wp_0036,0.0938507616519928
mistral/wp_0037,mistral,wp_0037,0.20056645572185516
mistral/wp_0038,mistral,wp_0038,0.15403585135936737
mistral/wp_0039,mistral,wp_0039,0.16879697144031525
mistral/wp_0040,mistral,wp_0040,0.20563693344593048
mistral/wp_0041,mistral,wp_0041,0.0961928740143776
mistral/wp_0042,mistral,wp_0042,0.09249981492757797
mistral/wp_0043,mistral,wp_0043,0.09894564747810364
mistral/wp_0044,mistral,wp_0044,0.12292790412902832
mistral/wp_0045,mistral,wp_0045,0.10375259816646576
mistral/wp_0046,mistral,wp_0046,0.12446832656860352
mistral/wp_0047,mistral,wp_0047,0.07792100310325623
mistral/wp_0048,mistral,wp_0048,0.10611428320407867
mistral/wp_0049,mistral,wp_0049,0.05977247282862663
mistral/wp_0050,mistral,wp_0050,0.03373759984970093
mistral/wp_0051,mistral,wp_0051,0.133236363530159
mistral/wp_0052,mistral,wp_0052,0.11317968368530273
mistral/wp_0053,mistral,wp_0053,0.18064144253730774
mistral/wp_0054,mistral,wp_0054,0.2135711908340454
mistral/wp_0055,mistral,wp_0055,0.06360788643360138
mistral/wp_0056,mistral,wp_0056,0.09694565087556839
mistral/wp_0057,mistral,wp_0057,0.10406859219074249
mistral/wp_0058,mistral,wp_0058,0.07883349806070328
mistral/wp_0059,mistral,wp_0059,0.18510136008262634
mistral/wp_0060,mistral,wp_0060,0.2340145856142044
mistral/wp_0061,mistral,wp_0061,0.1591300517320633
mistral/wp_0062,mistral,wp_0062,0.10996288061141968
mistral/wp_0063,mistral,wp_0063,0.0625961422920227
mistral/wp_0064,mistral,wp_0064,0.12770171463489532
mistral/wp_0065,mistral,wp_0065,0.10453833639621735
mistral/wp_0066,mistral,wp_0066,0.10954959690570831
mistral/wp_0067,mistral,wp_0067,0.07572339475154877
mistral/wp_0068,mistral,wp_0068,0.05069204419851303
mistral/wp_0069,mistral,wp_0069,0.077235147356987
mistral/wp_0070,mistral,wp_0070,0.05832507088780403
mistral/wp_0071,mistral,wp_0071,0.07673847675323486
mistral/wp_0072,mistral,wp_0072,0.2069261521100998
mistral/wp_0073,mistral,wp_0073,0.12159501016139984
mistral/wp_0074,mistral,wp_0074,0.12607356905937195
mistral/wp_0075,mistral,wp_0075,0.10997642576694489
mistral/wp_0076,mistral,wp_0076,0.09223399311304092
mistral/wp_0077,mistral,wp_0077,0.17742502689361572
mistral/wp_0078,mistral,wp_0078,0.1274884045124054
mistral/wp_0079,mistral,wp_0079,0.13603612780570984
mistral/wp_0080,mistral,wp_0080,0.07391472905874252
mistral/wp_0081,mistral,wp_0081,0.11466705799102783
mistral/wp_0082,mistral,wp_0082,0.1267157346010208
mistral/wp_0083,mistral,wp_0083,0.056738726794719696
mistral/wp_0084,mistral,wp_0084,0.25791117548942566
mistral/wp_0085,mistral,wp_0085,0.13045337796211243
mistral/wp_0086,mistral,wp_0086,0.053060293197631836
mistral/wp_0087,mistral,wp_0087,0.0534665510058403
mistral/wp_0088,mistral,wp_0088,0.07608679682016373
mistral/wp_0089,mistral,wp_0089,0.0903664380311966
mistral/wp_0090,mistral,wp_0090,0.05863577127456665
mistral/wp_0091,mistral,wp_0091,0.13657373189926147
mistral/wp_0092,mistral,wp_0092,0.12410326302051544
mistral/wp_0093,mistral,wp_0093,0.10726217925548553
mistral/wp_0094,mistral,wp_0094,0.11366000026464462
mistral/wp_0095,mistral,wp_0095,0.11215142905712128
mistral/wp_0096,mistral,wp_0096,0.19228339195251465
mistral/wp_0097,mistral,wp_0097,0.11421382427215576
mistral/wp_0098,mistral,wp_0098,0.07707339525222778
mistral/wp_0099,mistral,wp_0099,0.10423178970813751
mistral/wp_0100,mistral,wp_0100,0.09686829149723053
mistral/wp_0101,mistral,wp_0101,0.10099691152572632
mistral/wp_0102,mistral,wp_0102,0.07351751625537872
mistral/wp_0103,mistral,wp_0103,0.10149332135915756
mistral/wp_0104,mistral,wp_0104,0.11799763143062592
mistral/wp_0105,mistral,wp_0105,0.14727333188056946
mistral/wp_0106,mistral,wp_0106,0.04261568933725357
mistral/wp_0107,mistral,wp_0107,0.08282850682735443
mistral/wp_0108,mistral,wp_0108,0.058283817023038864
mistral/wp_0109,mistral,wp_0109,0.19155767560005188
mistral/wp_0110,mistral,wp_0110,0.2182454615831375
mistral/wp_0111,mistral,wp_0111,0.0900651067495346
mistral/wp_0112,mistral,wp_0112,0.10800311714410782
mistral/wp_0113,mistral,wp_0113,0.11359632015228271
mistral/wp_0114,mistral,wp_0114,0.038683563470840454
mistral/wp_0115,mistral,wp_0115,0.1048373356461525
mistral/wp_0116,mistral,wp_0116,0.06684709340333939
mistral/wp_0117,mistral,wp_0117,0.23018059134483337
mistral/wp_0118,mistral,wp_0118,0.086350217461586
mistral/wp_0119,mistral,wp_0119,0.06089121848344803
mistral/wp_0120,mistral,wp_0120,0.07726334780454636
mistral/wp_0121,mistral,wp_0121,0.06421149522066116
mistral/wp_0122,mistral,wp_0122,0.05095136910676956
mistral/wp_0123,mistral,wp_0123,0.04356560856103897
mistral/wp_0124,mistral,wp_0124,0.23363175988197327
mistral/wp_0125,mistral,wp_0125,0.13496679067611694
mistral/wp_0126,mistral,wp_0126,0.17730656266212463
mistral/wp_0127,mistral,wp_0127,0.03628038614988327
mistral/wp_0128,mistral,wp_0128,0.10934387147426605
mistral/wp_0129,mistral,wp_0129,0.07976171374320984
mistral/wp_0130,mistral,wp_0130,0.1200709342956543
mistral/wp_0131,mistral,wp_0131,0.13524313271045685
mistral/wp_0132,mistral,wp_0132,0.14961780607700348
mistral/wp_0133,mistral,wp_0133,0.14808088541030884
mistral/wp_0134,mistral,wp_0134,0.08031488955020905
mistral/wp_0135,mistral,wp_0135,0.16723160445690155
mistral/wp_0136,mistral,wp_0136,0.10955844074487686
mistral/wp_0137,mistral,wp_0137,0.09975646436214447
mistral/wp_0138,mistral,wp_0138,0.1694534718990326
mistral/wp_0139,mistral,wp_0139,0.03251321241259575
mistral/wp_0140,mistral,wp_0140,0.1092216745018959
mistral/wp_0141,mistral,wp_0141,0.15343819558620453
mistral/wp_0142,mistral,wp_0142,0.08919047564268112
mistral/wp_0143,mistral,wp_0143,0.05929508060216904
mistral/wp_0144,mistral,wp_0144,0.07827632129192352
mistral/wp_0145,mistral,wp_0145,0.12125270068645477
mistral/wp_0146,mistral,wp_0146,0.047339439392089844
mistral/wp_0147,mistral,wp_0147,0.1702922284603119
mistral/wp_0148,mistral,wp_0148,0.20736642181873322
mistral/wp_0149,mistral,wp_0149,0.040794916450977325
mistral/wp_0150,mistral,wp_0150,0.08591815829277039
mistral/wp_0151,mistral,wp_0151,0.13472917675971985
mistral/wp_0152,mistral,wp_0152,0.16631385684013367
mistral/wp_0153,mistral,wp_0153,0.13910691440105438
mistral/wp_0154,mistral,wp_0154,0.08339932560920715
mistral/wp_0155,mistral,wp_0155,0.03799886628985405
mistral/wp_0156,mistral,wp_0156,0.10690291225910187
mistral/wp_0157,mistral,wp_0157,0.15201275050640106
mistral/wp_0158,mistral,wp_0158,0.13928963243961334
mistral/wp_0159,mistral,wp_0159,0.14237746596336365
mistral/wp_0160,mistral,wp_0160,0.07226329296827316
mistral/wp_0161,mistral,wp_0161,0.16426563262939453
mistral/wp_0162,mistral,wp_0162,0.16500869393348694
mistral/wp_0163,mistral,wp_0163,0.11100826412439346
mistral/wp_0164,mistral,wp_0164,0.12207083404064178
mistral/wp_0165,mistral,wp_0165,0.06259267777204514
mistral/wp_0166,mistral,wp_0166,0.18160122632980347
mistral/wp_0167,mistral,wp_0167,0.0804022029042244
mistral/wp_0168,mistral,wp_0168,0.06194528192281723
mistral/wp_0169,mistral,wp_0169,0.12197832018136978
mistral/wp_0170,mistral,wp_0170,0.05755038931965828
mistral/wp_0171,mistral,wp_0171,0.06340600550174713
mistral/wp_0172,mistral,wp_0172,0.14211556315422058
mistral/wp_0173,mistral,wp_0173,0.11369006335735321
mistral/wp_0174,mistral,wp_0174,0.18774542212486267
mistral/wp_0175,mistral,wp_0175,0.06612375378608704
mistral/wp_0176,mistral,wp_0176,0.13113191723823547
mistral/wp_0177,mistral,wp_0177,0.11723162978887558
mistral/wp_0178,mistral,wp_0178,0.06602601706981659
mistral/wp_0179,mistral,wp_0179,0.05277552455663681
mistral/wp_0180,mistral,wp_0180,0.09326843172311783
mistral/wp_0181,mistral,wp_0181,0.12044686079025269
mistral/wp_0182,mistral,wp_0182,0.1052817851305008
mistral/wp_0183,mistral,wp_0183,0.11872850358486176
mistral/wp_0184,mistral,wp_0184,0.13184015452861786
mistral/wp_0185,mistral,wp_0185,0.17180582880973816
mistral/wp_0186,mistral,wp_0186,0.08774225413799286
mistral/wp_0187,mistral,wp_0187,0.04066229611635208
mistral/wp_0188,mistral,wp_0188,0.1134532243013382
mistral/wp_0189,mistral,wp_0189,0.11884109675884247
mistral/wp_0190,mistral,wp_0190,0.05177144333720207
mistral/wp_0191,mistral,wp_0191,0.10983507335186005
mistral/wp_0192,mistral,wp_0192,0.0818246379494667
mistral/wp_0193,mistral,wp_0193,0.12952189147472382
mistral/wp_0194,mistral,wp_0194,0.17052805423736572
mistral/wp_0195,mistral,wp_0195,0.06350544095039368
mistral/wp_0196,mistral,wp_0196,0.07155190408229828
mistral/wp_0197,mistral,wp_0197,0.15558035671710968
mistral/wp_0198,mistral,wp_0198,0.09496653825044632
mistral/wp_0199,mistral,wp_0199,0.13654597103595734
qwen/wp_0000,qwen,wp_0000,0.13672205805778503
qwen/wp_0001,qwen,wp_0001,0.10487854480743408
qwen/wp_0002,qwen,wp_0002,0.16011948883533478
qwen/wp_0003,qwen,wp_0003,0.09586159139871597
qwen/wp_0004,qwen,wp_0004,0.0535486564040184
qwen/wp_0005,qwen,wp_0005,0.20180587470531464
qwen/wp_0006,qwen,wp_0006,0.18486125767230988
qwen/wp_0007,qwen,wp_0007,0.13645164668560028
qwen/wp_0008,qwen,wp_0008,0.16813579201698303
qwen/wp_0009,qwen,wp_0009,0.13255567848682404
qwen/wp_0010,qwen,wp_0010,0.19203202426433563
qwen/wp_0011,qwen,wp_0011,0.06478987634181976
qwen/wp_0012,qwen,wp_0012,0.07287407666444778
qwen/wp_0013,qwen,wp_0013,0.07792621105909348
qwen/wp_0014,qwen,wp_0014,0.10693152248859406
qwen/wp_0015,qwen,wp_0015,0.104344442486763
qwen/wp_0016,qwen,wp_0016,0.12909992039203644
qwen/wp_0017,qwen,wp_0017,0.144795224070549
qwen/wp_0018,qwen,wp_0018,0.2839866280555725
qwen/wp_0019,qwen,wp_0019,0.10087795555591583
qwen/wp_0020,qwen,wp_0020,0.10175368934869766
qwen/wp_0021,qwen,wp_0021,0.11505035310983658
qwen/wp_0022,qwen,wp_0022,0.13172295689582825
qwen/wp_0023,qwen,wp_0023,0.09266797453165054
qwen/wp_0024,qwen,wp_0024,0.1312423050403595
qwen/wp_0025,qwen,wp_0025,0.21614322066307068
qwen/wp_0026,qwen,wp_0026,0.11998765170574188
qwen/wp_0027,qwen,wp_0027,0.09665028005838394
qwen/wp_0028,qwen,wp_0028,0.15846183896064758
qwen/wp_0029,qwen,wp_0029,0.11254636198282242
qwen/wp_0030,qwen,wp_0030,0.15794917941093445
qwen/wp_0031,qwen,wp_0031,0.11209805309772491
qwen/wp_0032,qwen,wp_0032,0.20750555396080017
qwen/wp_0033,qwen,wp_0033,0.19023872911930084
qwen/wp_0034,qwen,wp_0034,0.0855230763554573
qwen/wp_0035,qwen,wp_0035,0.15470728278160095
qwen/wp_0036,qwen,wp_0036,0.12021873146295547
qwen/wp_0037,qwen,wp_0037,0.23348498344421387
qwen/wp_0038,qwen,wp_0038,0.16241733729839325
qwen/wp_0039,qwen,wp_0039,0.17215700447559357
qwen/wp_0040,qwen,wp_0040,0.23373708128929138
qwen/wp_0041,qwen,wp_0041,0.08329366892576218
qwen/wp_0042,qwen,wp_0042,0.10156659781932831
qwen/wp_0043,qwen,wp_0043,0.09141631424427032
qwen/wp_0044,qwen,wp_0044,0.16913622617721558
qwen/wp_0045,qwen,wp_0045,0.19245901703834534
qwen/wp_0046,qwen,wp_0046,0.12467982620000839
qwen/wp_0047,qwen,wp_0047,0.11045964062213898
qwen/wp_0048,qwen,wp_0048,0.13231506943702698
qwen/wp_0049,qwen,wp_0049,0.08326473087072372
qwen/wp_0050,qwen,wp_0050,0.05049958825111389
qwen/wp_0051,qwen,wp_0051,0.19088274240493774
qwen/wp_0052,qwen,wp_0052,0.1281081587076187
qwen/wp_0053,qwen,wp_0053,0.18651461601257324
qwen/wp_0054,qwen,wp_0054,0.23008093237876892
qwen/wp_0055,qwen,wp_0055,0.1226121038198471
qwen/wp_0056,qwen,wp_0056,0.0666663721203804
qwen/wp_0057,qwen,wp_0057,0.05693570896983147
qwen/wp_0058,qwen,wp_0058,0.09536188840866089
qwen/wp_0059,qwen,wp_0059,0.14871659874916077
qwen/wp_0060,qwen,wp_0060,0.265837699174881
qwen/wp_0061,qwen,wp_0061,0.17110180854797363
qwen/wp_0062,qwen,wp_0062,0.1434990018606186
qwen/wp_0063,qwen,wp_0063,0.18328329920768738
qwen/wp_0064,qwen,wp_0064,0.1668730229139328
qwen/wp_0065,qwen,wp_0065,0.13896724581718445
qwen/wp_0066,qwen,wp_0066,0.09585998207330704
qwen/wp_0067,qwen,wp_0067,0.13028933107852936
qwen/wp_0068,qwen,wp_0068,0.0735936313867569
qwen/wp_0069,qwen,wp_0069,0.10337245464324951
qwen/wp_0070,qwen,wp_0070,0.0760752260684967
qwen/wp_0071,qwen,wp_0071,0.11876644939184189
qwen/wp_0072,qwen,wp_0072,0.21700581908226013
qwen/wp_0073,qwen,wp_0073,0.17324198782444
qwen/wp_0074,qwen,wp_0074,0.14803552627563477
qwen/wp_0075,qwen,wp_0075,0.12158013880252838
qwen/wp_0076,qwen,wp_0076,0.10830450057983398
qwen/wp_0077,qwen,wp_0077,0.2119596302509308
qwen/wp_0078,qwen,wp_0078,0.10136882960796356
qwen/wp_0079,qwen,wp_0079,0.17263999581336975
qwen/wp_0080,qwen,wp_0080,0.09765215218067169
qwen/wp_0081,qwen,wp_0081,0.11029358208179474
qwen/wp_0082,qwen,wp_0082,0.1316467821598053
qwen/wp_0083,qwen,wp_0083,0.05361880734562874
qwen/wp_0084,qwen,wp_0084,0.26689255237579346
qwen/wp_0085,qwen,wp_0085,0.1604606658220291
qwen/wp_0086,qwen,wp_0086,0.0668223649263382
qwen/wp_0087,qwen,wp_0087,0.057151563465595245
qwen/wp_0088,qwen,wp_0088,0.10571553558111191
qwen/wp_0089,qwen,wp_0089,0.08608175814151764
qwen/wp_0090,qwen,wp_0090,0.08826245367527008
qwen/wp_0091,qwen,wp_0091,0.15299567580223083
qwen/wp_0092,qwen,wp_0092,0.1567872017621994
qwen/wp_0093,qwen,wp_0093,0.1406368613243103
qwen/wp_0094,qwen,wp_0094,0.11825387179851532
qwen/wp_0095,qwen,wp_0095,0.12876196205615997
qwen/wp_0096,qwen,wp_0096,0.18382415175437927
qwen/wp_0097,qwen,wp_0097,0.161522775888443
qwen/wp_0098,qwen,wp_0098,0.1097874864935875
qwen/wp_0099,qwen,wp_0099,0.09316710382699966
qwen/wp_0100,qwen,wp_0100,0.10618336498737335
qwen/wp_0101,qwen,wp_0101,0.14301744103431702
qwen/wp_0102,qwen,wp_0102,0.14917239546775818
qwen/wp_0103,qwen,wp_0103,0.16676642000675201
qwen/wp_0104,qwen,wp_0104,0.17351189255714417
qwen/wp_0105,qwen,wp_0105,0.11919158697128296
qwen/wp_0106,qwen,wp_0106,0.058143340051174164
qwen/wp_0107,qwen,wp_0107,0.11111557483673096
qwen/wp_0108,qwen,wp_0108,0.08636589348316193
qwen/wp_0109,qwen,wp_0109,0.17379800975322723
qwen/wp_0110,qwen,wp_0110,0.17900291085243225
qwen/wp_0111,qwen,wp_0111,0.07361570000648499
qwen/wp_0112,qwen,wp_0112,0.19909390807151794
qwen/wp_0113,qwen,wp_0113,0.12192772328853607
qwen/wp_0114,qwen,wp_0114,0.04545501992106438
qwen/wp_0115,qwen,wp_0115,0.15627261996269226
qwen/wp_0116,qwen,wp_0116,0.06826917082071304
qwen/wp_0117,qwen,wp_0117,0.21711046993732452
qwen/wp_0118,qwen,wp_0118,0.17815950512886047
qwen/wp_0119,qwen,wp_0119,0.077479287981987
qwen/wp_0120,qwen,wp_0120,0.1069989800453186
qwen/wp_0121,qwen,wp_0121,0.07977119833230972
qwen/wp_0122,qwen,wp_0122,0.11402120441198349
qwen/wp_0123,qwen,wp_0123,0.058468710631132126
qwen/wp_0124,qwen,wp_0124,0.27813711762428284
qwen/wp_0125,qwen,wp_0125,0.16185195744037628
qwen/wp_0126,qwen,wp_0126,0.13097037374973297
qwen/wp_0127,qwen,wp_0127,0.05085643008351326
qwen/wp_0128,qwen,wp_0128,0.2151401937007904
qwen/wp_0129,qwen,wp_0129,0.077255979180336
qwen/wp_0130,qwen,wp_0130,0.2115737497806549
qwen/wp_0131,qwen,wp_0131,0.1588800698518753
qwen/wp_0132,qwen,wp_0132,0.1618216335773468
qwen/wp_0133,qwen,wp_0133,0.17229726910591125
qwen/wp_0134,qwen,wp_0134,0.0982842892408371
qwen/wp_0135,qwen,wp_0135,0.19870786368846893
qwen/wp_0136,qwen,wp_0136,0.16166475415229797
qwen/wp_0137,qwen,wp_0137,0.09128129482269287
qwen/wp_0138,qwen,wp_0138,0.10396531969308853
qwen/wp_0139,qwen,wp_0139,0.06930242478847504
qwen/wp_0140,qwen,wp_0140,0.14536306262016296
qwen/wp_0141,qwen,wp_0141,0.2109072506427765
qwen/wp_0142,qwen,wp_0142,0.1067705973982811
qwen/wp_0143,qwen,wp_0143,0.09395140409469604
qwen/wp_0144,qwen,wp_0144,0.08684864640235901
qwen/wp_0145,qwen,wp_0145,0.13680729269981384
qwen/wp_0146,qwen,wp_0146,0.07390530407428741
qwen/wp_0147,qwen,wp_0147,0.23558516800403595
qwen/wp_0148,qwen,wp_0148,0.18609710037708282
qwen/wp_0149,qwen,wp_0149,0.09779424965381622
qwen/wp_0150,qwen,wp_0150,0.14244085550308228
qwen/wp_0151,qwen,wp_0151,0.12491852045059204
qwen/wp_0152,qwen,wp_0152,0.14844855666160583
qwen/wp_0153,qwen,wp_0153,0.11763572692871094
qwen/wp_0154,qwen,wp_0154,0.12371186167001724
qwen/wp_0155,qwen,wp_0155,0.04876870661973953
qwen/wp_0156,qwen,wp_0156,0.16597329080104828
qwen/wp_0157,qwen,wp_0157,0.1803276389837265
qwen/wp_0158,qwen,wp_0158,0.11970828473567963
qwen/wp_0159,qwen,wp_0159,0.15170852839946747
qwen/wp_0160,qwen,wp_0160,0.08386997878551483
qwen/wp_0161,qwen,wp_0161,0.1683180332183838
qwen/wp_0162,qwen,wp_0162,0.1714697927236557
qwen/wp_0163,qwen,wp_0163,0.175503209233284
qwen/wp_0164,qwen,wp_0164,0.11286105215549469
qwen/wp_0165,qwen,wp_0165,0.09554090350866318
qwen/wp_0166,qwen,wp_0166,0.314873605966568
qwen/wp_0167,qwen,wp_0167,0.14979061484336853
qwen/wp_0168,qwen,wp_0168,0.10956571251153946
qwen/wp_0169,qwen,wp_0169,0.14910072088241577
qwen/wp_0170,qwen,wp_0170,0.1212862953543663
qwen/wp_0171,qwen,wp_0171,0.09016193449497223
qwen/wp_0172,qwen,wp_0172,0.17438070476055145
qwen/wp_0173,qwen,wp_0173,0.13267293572425842
qwen/wp_0174,qwen,wp_0174,0.1628768891096115
qwen/wp_0175,qwen,wp_0175,0.0876123458147049
qwen/wp_0176,qwen,wp_0176,0.2165617048740387
qwen/wp_0177,qwen,wp_0177,0.1542331427335739
qwen/wp_0178,qwen,wp_0178,0.06439168751239777
qwen/wp_0179,qwen,wp_0179,0.12111958116292953
qwen/wp_0180,qwen,wp_0180,0.09622468054294586
qwen/wp_0181,qwen,wp_0181,0.0867437869310379
qwen/wp_0182,qwen,wp_0182,0.11145879328250885
qwen/wp_0183,qwen,wp_0183,0.12158508598804474
qwen/wp_0184,qwen,wp_0184,0.16711847484111786
qwen/wp_0185,qwen,wp_0185,0.19282332062721252
qwen/wp_0186,qwen,wp_0186,0.19958870112895966
qwen/wp_0187,qwen,wp_0187,0.06694601476192474
qwen/wp_0188,qwen,wp_0188,0.12693646550178528
qwen/wp_0189,qwen,wp_0189,0.13608142733573914
qwen/wp_0190,qwen,wp_0190,0.05067098140716553
qwen/wp_0191,qwen,wp_0191,0.23344635963439941
qwen/wp_0192,qwen,wp_0192,0.12659987807273865
qwen/wp_0193,qwen,wp_0193,0.12001707404851913
qwen/wp_0194,qwen,wp_0194,0.21903018653392792
qwen/wp_0195,qwen,wp_0195,0.11503277719020844
qwen/wp_0196,qwen,wp_0196,0.11611958593130112
qwen/wp_0197,qwen,wp_0197,0.14791861176490784
qwen/wp_0198,qwen,wp_0198,0.14816150069236755
qwen/wp_0199,qwen,wp_0199,0.17045171558856964
human/wp_0000,human,wp_0000,0.24283592402935028
human/wp_0001,human,wp_0001,0.2168908566236496
human/wp_0002,human,wp_0002,0.292195200920105
human/wp_0003,human,wp_0003,0.2348710596561432
human/wp_0004,human,wp_0004,0.16377422213554382
human/wp_0005,human,wp_0005,0.34310731291770935
human/wp_0006,human,wp_0006,0.2800580561161041
human/wp_0007,human,wp_0007,0.2454117089509964
human/wp_0008,human,wp_0008,0.24115948379039764
human/wp_0009,human,wp_0009,0.284252405166626
human/wp_0010,human,wp_0010,0.2685936391353607
human/wp_0011,human,wp_0011,0.22752436995506287
human/wp_0012,human,wp_0012,0.21204347908496857
human/wp_0013,human,wp_0013,0.15088318288326263
human/wp_0014,human,wp_0014,0.25292739272117615
human/wp_0015,human,wp_0015,0.21668577194213867
human/wp_0016,human,wp_0016,0.2541883885860443
human/wp_0017,human,wp_0017,0.2474098950624466
human/wp_0018,human,wp_0018,0.2958575189113617
human/wp_0019,human,wp_0019,0.24750180542469025
human/wp_0020,human,wp_0020,0.2936484217643738
human/wp_0021,human,wp_0021,0.1758044809103012
human/wp_0022,human,wp_0022,0.22883835434913635
human/wp_0023,human,wp_0023,0.26156705617904663
human/wp_0024,human,wp_0024,0.2520902752876282
human/wp_0025,human,wp_0025,0.3394300043582916
human/wp_0026,human,wp_0026,0.2549953758716583
human/wp_0027,human,wp_0027,0.23584619164466858
human/wp_0028,human,wp_0028,0.35675105452537537
human/wp_0029,human,wp_0029,0.17879123985767365
human/wp_0030,human,wp_0030,0.285530149936676
human/wp_0031,human,wp_0031,0.2723497748374939
human/wp_0032,human,wp_0032,0.3209904730319977
human/wp_0033,human,wp_0033,0.27032655477523804
human/wp_0034,human,wp_0034,0.2587946355342865
human/wp_0035,human,wp_0035,0.2600131630897522
human/wp_0036,human,wp_0036,0.23029831051826477
human/wp_0037,human,wp_0037,0.367375910282135
human/wp_0038,human,wp_0038,0.34205955266952515
human/wp_0039,human,wp_0039,0.283160924911499
human/wp_0040,human,wp_0040,0.3238103687763214
human/wp_0041,human,wp_0041,0.24590721726417542
human/wp_0042,human,wp_0042,0.27734366059303284
human/wp_0043,human,wp_0043,0.24291762709617615
human/wp_0044,human,wp_0044,0.23525497317314148
human/wp_0045,human,wp_0045,0.25981971621513367
human/wp_0046,human,wp_0046,0.2675725817680359
human/wp_0047,human,wp_0047,0.217902272939682
human/wp_0048,human,wp_0048,0.2354905903339386
human/wp_0049,human,wp_0049,0.23738472163677216
human/wp_0050,human,wp_0050,0.27831655740737915
human/wp_0051,human,wp_0051,0.26132065057754517
human/wp_0052,human,wp_0052,0.21423883736133575
human/wp_0053,human,wp_0053,0.32786837220191956
human/wp_0054,human,wp_0054,0.3231467306613922
human/wp_0055,human,wp_0055,0.24485430121421814
human/wp_0056,human,wp_0056,0.22187277674674988
human/wp_0057,human,wp_0057,0.30495017766952515
human/wp_0058,human,wp_0058,0.23677854239940643
human/wp_0059,human,wp_0059,0.2493801862001419
human/wp_0060,human,wp_0060,0.33618444204330444
human/wp_0061,human,wp_0061,0.25073543190956116
human/wp_0062,human,wp_0062,0.19982528686523438
human/wp_0063,human,wp_0063,0.30104219913482666
human/wp_0064,human,wp_0064,0.30879971385002136
human/wp_0065,human,wp_0065,0.22292634844779968
human/wp_0066,human,wp_0066,0.19161228835582733
human/wp_0067,human,wp_0067,0.25762298703193665
human/wp_0068,human,wp_0068,0.24720735847949982
human/wp_0069,human,wp_0069,0.2536619007587433
human/wp_0070,human,wp_0070,0.27011945843696594
human/wp_0071,human,wp_0071,0.1803555190563202
human/wp_0072,human,wp_0072,0.3870839476585388
human/wp_0073,human,wp_0073,0.3179374635219574
human/wp_0074,human,wp_0074,0.2069370299577713
human/wp_0075,human,wp_0075,0.28029340505599976
human/wp_0076,human,wp_0076,0.2538565993309021
human/wp_0077,human,wp_0077,0.35867172479629517
human/wp_0078,human,wp_0078,0.30508238077163696
human/wp_0079,human,wp_0079,0.32247400283813477
human/wp_0080,human,wp_0080,0.2778393626213074
human/wp_0081,human,wp_0081,0.20611491799354553
human/wp_0082,human,wp_0082,0.32372450828552246
human/wp_0083,human,wp_0083,0.2194155901670456
human/wp_0084,human,wp_0084,0.2771947681903839
human/wp_0085,human,wp_0085,0.21840743720531464
human/wp_0086,human,wp_0086,0.2601175010204315
human/wp_0087,human,wp_0087,0.18862994015216827
human/wp_0088,human,wp_0088,0.2389991283416748
human/wp_0089,human,wp_0089,0.22026357054710388
human/wp_0090,human,wp_0090,0.21282491087913513
human/wp_0091,human,wp_0091,0.20537137985229492
human/wp_0092,human,wp_0092,0.23739543557167053
human/wp_0093,human,wp_0093,0.34926217794418335
human/wp_0094,human,wp_0094,0.30849283933639526
human/wp_0095,human,wp_0095,0.2721465229988098
human/wp_0096,human,wp_0096,0.2736273407936096
human/wp_0097,human,wp_0097,0.323880136013031
human/wp_0098,human,wp_0098,0.26948076486587524
human/wp_0099,human,wp_0099,0.24453036487102509
human/wp_0100,human,wp_0100,0.31186091899871826
human/wp_0101,human,wp_0101,0.28879672288894653
human/wp_0102,human,wp_0102,0.21202392876148224
human/wp_0103,human,wp_0103,0.28969013690948486
human/wp_0104,human,wp_0104,0.28713199496269226
human/wp_0105,human,wp_0105,0.35406652092933655
human/wp_0106,human,wp_0106,0.2664267122745514
human/wp_0107,human,wp_0107,0.21518702805042267
human/wp_0108,human,wp_0108,0.23754605650901794
human/wp_0109,human,wp_0109,0.3125869333744049
human/wp_0110,human,wp_0110,0.329822838306427
human/wp_0111,human,wp_0111,0.21879233419895172
human/wp_0112,human,wp_0112,0.30342140793800354
human/wp_0113,human,wp_0113,0.2099127471446991
human/wp_0114,human,wp_0114,0.19782118499279022
human/wp_0115,human,wp_0115,0.26995357871055603
human/wp_0116,human,wp_0116,0.2567775249481201
human/wp_0117,human,wp_0117,0.3384729325771332
human/wp_0118,human,wp_0118,0.25636130571365356
human/wp_0119,human,wp_0119,0.2311698943376541
human/wp_0120,human,wp_0120,0.22470474243164062
human/wp_0121,human,wp_0121,0.19520354270935059
human/wp_0122,human,wp_0122,0.2426026612520218
human/wp_0123,human,wp_0123,0.1662106066942215
human/wp_0124,human,wp_0124,0.32535165548324585
human/wp_0125,human,wp_0125,0.2433544099330902
human/wp_0126,human,wp_0126,0.31053727865219116
human/wp_0127,human,wp_0127,0.17304453253746033
human/wp_0128,human,wp_0128,0.3535732328891754
human/wp_0129,human,wp_0129,0.31174927949905396
human/wp_0130,human,wp_0130,0.2515471577644348
human/wp_0131,human,wp_0131,0.2595846652984619
human/wp_0132,human,wp_0132,0.29516738653182983
human/wp_0133,human,wp_0133,0.30978265404701233
human/wp_0134,human,wp_0134,0.26799285411834717
human/wp_0135,human,wp_0135,0.3200276494026184
human/wp_0136,human,wp_0136,0.3229524493217468
human/wp_0137,human,wp_0137,0.28475943207740784
human/wp_0138,human,wp_0138,0.2796490788459778
human/wp_0139,human,wp_0139,0.22783048450946808
human/wp_0140,human,wp_0140,0.2652560770511627
human/wp_0141,human,wp_0141,0.301900714635849
human/wp_0142,human,wp_0142,0.3130013644695282
human/wp_0143,human,wp_0143,0.24587544798851013
human/wp_0144,human,wp_0144,0.16700568795204163
human/wp_0145,human,wp_0145,0.33692365884780884
human/wp_0146,human,wp_0146,0.19736909866333008
human/wp_0147,human,wp_0147,0.3619996905326843
human/wp_0148,human,wp_0148,0.33120831847190857
human/wp_0149,human,wp_0149,0.22308556735515594
human/wp_0150,human,wp_0150,0.23993591964244843
human/wp_0151,human,wp_0151,0.2893357276916504
human/wp_0152,human,wp_0152,0.33654141426086426
human/wp_0153,human,wp_0153,0.2625552713871002
human/wp_0154,human,wp_0154,0.2483139932155609
human/wp_0155,human,wp_0155,0.1544724702835083
human/wp_0156,human,wp_0156,0.261796772480011
human/wp_0157,human,wp_0157,0.30353131890296936
human/wp_0158,human,wp_0158,0.331609308719635
human/wp_0159,human,wp_0159,0.28810498118400574
human/wp_0160,human,wp_0160,0.20519189536571503
human/wp_0161,human,wp_0161,0.37754806876182556
human/wp_0162,human,wp_0162,0.1431083232164383
human/wp_0163,human,wp_0163,0.2396554946899414
human/wp_0164,human,wp_0164,0.2896178364753723
human/wp_0165,human,wp_0165,0.2482917308807373
human/wp_0166,human,wp_0166,0.3368210196495056
human/wp_0167,human,wp_0167,0.23485693335533142
human/wp_0168,human,wp_0168,0.231388658285141
human/wp_0169,human,wp_0169,0.26916661858558655
human/wp_0170,human,wp_0170,0.24129550158977509
human/wp_0171,human,wp_0171,0.2507757544517517
human/wp_0172,human,wp_0172,0.3582216203212738
human/wp_0173,human,wp_0173,0.18447236716747284
human/wp_0174,human,wp_0174,0.26363757252693176
human/wp_0175,human,wp_0175,0.23476628959178925
human/wp_0176,human,wp_0176,0.2919099032878876
human/wp_0177,human,wp_0177,0.2958190441131592
human/wp_0178,human,wp_0178,0.22643670439720154
human/wp_0179,human,wp_0179,0.23699124157428741
human/wp_0180,human,wp_0180,0.3218945264816284
human/wp_0181,human,wp_0181,0.2101229876279831
human/wp_0182,human,wp_0182,0.21376189589500427
human/wp_0183,human,wp_0183,0.19933967292308807
human/wp_0184,human,wp_0184,0.2550245523452759
human/wp_0185,human,wp_0185,0.3354460597038269
human/wp_0186,human,wp_0186,0.32809582352638245
human/wp_0187,human,wp_0187,0.2437695562839508
human/wp_0188,human,wp_0188,0.18364937603473663
human/wp_0189,human,wp_0189,0.27477720379829407
human/wp_0190,human,wp_0190,0.1733212023973465
human/wp_0191,human,wp_0191,0.3126121759414673
human/wp_0192,human,wp_0192,0.29123279452323914
human/wp_0193,human,wp_0193,0.26406949758529663
human/wp_0194,human,wp_0194,0.3526688814163208
human/wp_0195,human,wp_0195,0.20938937366008759
human/wp_0196,human,wp_0196,0.2554391026496887
human/wp_0197,human,wp_0197,0.2962716221809387
human/wp_0198,human,wp_0198,0.369097501039505
human/wp_0199,human,wp_0199,0.3247276842594147
