group_id,model_key,prompt_id,D_disc
gemma/wp_0000,gemma,wp_0000,0.008501208589599577
gemma/wp_0001,gemma,wp_0001,0.006623702973527589
gemma/wp_0002,gemma,wp_0002,0.006142440416022363
gemma/wp_0003,gemma,wp_0003,0.00922479523744132
gemma/wp_0004,gemma,wp_0004,0.005114781265033018
gemma/wp_0005,gemma,wp_0005,0.007466859658768385
gemma/wp_0006,gemma,wp_0006,0.00891417118527683
gemma/wp_0007,gemma,wp_0007,0.004280093054271965
gemma/wp_0008,gemma,wp_0008,0.0157601303312732
gemma/wp_0009,gemma,wp_0009,0.008928751417194581
gemma/wp_0010,gemma,wp_0010,0.0084623091768606
gemma/wp_0011,gemma,wp_0011,0.004649432364274855
gemma/wp_0012,gemma,wp_0012,0.008392667271862143
gemma/wp_0013,gemma,wp_0013,0.005130181466440131
gemma/wp_0014,gemma,wp_0014,0.0051740788169025425
gemma/wp_0015,gemma,wp_0015,0.005815515662244789
gemma/wp_0016,gemma,wp_0016,0.007531764983118767
gemma/wp_0017,gemma,wp_0017,0.008777502645404034
gemma/wp_0018,gemma,wp_0018,0.018510850620415336
gemma/wp_0019,gemma,wp_0019,0.010247955418132441
gemma/wp_0020,gemma,wp_0020,0.006075235238732538
gemma/wp_0021,gemma,wp_0021,0.007765406333165758
gemma/wp_0022,gemma,wp_0022,0.004009410169963741
gemma/wp_0023,gemma,wp_0023,0.004755283341487594
gemma/wp_0024,gemma,wp_0024,0.004732346951849556
gemma/wp_0025,gemma,wp_0025,0.009652200014615416
gemma/wp_0026,gemma,wp_0026,0.0034404468529789785
gemma/wp_0027,gemma,wp_0027,0.006008456319965145
gemma/wp_0028,gemma,wp_0028,0.00865359506516156
gemma/wp_0029,gemma,wp_0029,0.011967299071058467
gemma/wp_0030,gemma,wp_0030,0.010235988640065925
gemma/wp_0031,gemma,wp_0031,0.006960462874954759
gemma/wp_0032,gemma,wp_0032,0.006942423963736769
gemma/wp_0033,gemma,wp_0033,0.0037257853639659716
gemma/wp_0034,gemma,wp_0034,0.02051702571471245
gemma/wp_0035,gemma,wp_0035,0.007782783176512034
gemma/wp_0036,gemma,wp_0036,0.005532910880687778
gemma/wp_0037,gemma,wp_0037,0.011431889739007436
gemma/wp_0038,gemma,wp_0038,0.01485799238582053
gemma/wp_0039,gemma,wp_0039,0.006439593042743667
gemma/wp_0040,gemma,wp_0040,0.012723131014659508
gemma/wp_0041,gemma,wp_0041,0.004620250995556758
gemma/wp_0042,gemma,wp_0042,0.0060240260480653686
gemma/wp_0043,gemma,wp_0043,0.0058430593814254635
gemma/wp_0044,gemma,wp_0044,0.014613860493026208
gemma/wp_0045,gemma,wp_0045,0.009230451957388948
gemma/wp_0046,gemma,wp_0046,0.00656803523726872
gemma/wp_0047,gemma,wp_0047,0.009113023545879971
gemma/wp_0048,gemma,wp_0048,0.013051147160423132
gemma/wp_0049,gemma,wp_0049,0.01692704477171949
gemma/wp_0050,gemma,wp_0050,0.00959915161551925
gemma/wp_0051,gemma,wp_0051,0.005143429871554426
gemma/wp_0052,gemma,wp_0052,0.00767209307679487
gemma/wp_0053,gemma,wp_0053,0.005132836130383832
gemma/wp_0054,gemma,wp_0054,0.011205617429541268
gemma/wp_0055,gemma,wp_0055,0.00834007175998033
gemma/wp_0056,gemma,wp_0056,0.009611440676020057
gemma/wp_0057,gemma,wp_0057,0.011804625055362398
gemma/wp_0058,gemma,wp_0058,0.011496493253638888
gemma/wp_0059,gemma,wp_0059,0.005683275651885358
gemma/wp_0060,gemma,wp_0060,0.00831257086012541
gemma/wp_0061,gemma,wp_0061,0.01184072014007069
gemma/wp_0062,gemma,wp_0062,0.00628315602296026
gemma/wp_0063,gemma,wp_0063,0.005900946267096422
gemma/wp_0064,gemma,wp_0064,0.0037206223288346837
gemma/wp_0065,gemma,wp_0065,0.007898508524115465
gemma/wp_0066,gemma,wp_0066,0.0072466589412813025
gemma/wp_0067,gemma,wp_0067,0.00594434317209269
gemma/wp_0068,gemma,wp_0068,0.011366931669931118
gemma/wp_0069,gemma,wp_0069,0.005133645995157286
gemma/wp_0070,gemma,wp_0070,0.007791478834256571
gemma/wp_0071,gemma,wp_0071,0.003450745469302567
gemma/wp_0072,gemma,wp_0072,0.016029514485493456
gemma/wp_0073,gemma,wp_0073,0.008087167223145533
gemma/wp_0074,gemma,wp_0074,0.003050008845206772
gemma/wp_0075,gemma,wp_0075,0.00817655889063336
gemma/wp_0076,gemma,wp_0076,0.006948587049163832
gemma/wp_0077,gemma,wp_0077,0.00830947004127348
gemma/wp_0078,gemma,wp_0078,0.005095382933011046
gemma/wp_0079,gemma,wp_0079,0.006675458514638603
gemma/wp_0080,gemma,wp_0080,0.006949388890868507
gemma/wp_0081,gemma,wp_0081,0.0070602344635946855
gemma/wp_0082,gemma,wp_0082,0.010087244013486672
gemma/wp_0083,gemma,wp_0083,0.009008454381126393
gemma/wp_0084,gemma,wp_0084,0.012503662912435026
gemma/wp_0085,gemma,wp_0085,0.008961678926615084
gemma/wp_0086,gemma,wp_0086,0.003538783280326592
gemma/wp_0087,gemma,wp_0087,0.009739912465883216
gemma/wp_0088,gemma,wp_0088,0.008842652097132064
gemma/wp_0089,gemma,wp_0089,0.005532173215497656
gemma/wp_0090,gemma,wp_0090,0.007887885222922232
gemma/wp_0091,gemma,wp_0091,0.005554918566060862
gemma/wp_0092,gemma,wp_0092,0.0039914085846061145
gemma/wp_0093,gemma,wp_0093,0.006168148663381597
gemma/wp_0094,gemma,wp_0094,0.00836525748613292
gemma/wp_0095,gemma,wp_0095,0.010422932453211613
gemma/wp_0096,gemma,wp_0096,0.00703334287655614
gemma/wp_0097,gemma,wp_0097,0.007298457785164723
gemma/wp_0098,gemma,wp_0098,0.006158684122749232
gemma/wp_0099,gemma,wp_0099,0.008070917097244105
gemma/wp_0100,gemma,wp_0100,0.009873478573003115
gemma/wp_0101,gemma,wp_0101,0.005907107688592635
gemma/wp_0102,gemma,wp_0102,0.008184958535627994
gemma/wp_0103,gemma,wp_0103,0.008886929013998766
gemma/wp_0104,gemma,wp_0104,0.006327724194247283
gemma/wp_0105,gemma,wp_0105,0.007347037232406831
gemma/wp_0106,gemma,wp_0106,0.006467435266013085
gemma/wp_0107,gemma,wp_0107,0.008162222889597058
gemma/wp_0108,gemma,wp_0108,0.01043977960792683
gemma/wp_0109,gemma,wp_0109,0.014340159753978138
gemma/wp_0110,gemma,wp_0110,0.006753998471570918
gemma/wp_0111,gemma,wp_0111,0.006961859620820575
gemma/wp_0112,gemma,wp_0112,0.014242708892501427
gemma/wp_0113,gemma,wp_0113,0.010308929406258289
gemma/wp_0114,gemma,wp_0114,0.005760217839815311
gemma/wp_0115,gemma,wp_0115,0.009397352784936726
gemma/wp_0116,gemma,wp_0116,0.009804877926683067
gemma/wp_0117,gemma,wp_0117,0.014272939455116707
gemma/wp_0118,gemma,wp_0118,0.00477680595381472
gemma/wp_0119,gemma,wp_0119,0.005057778218807104
gemma/wp_0120,gemma,wp_0120,0.01839665128215632
gemma/wp_0121,gemma,wp_0121,0.006422877821302065
gemma/wp_0122,gemma,wp_0122,0.005348828571214088
gemma/wp_0123,gemma,wp_0123,0.007287715434693126
gemma/wp_0124,gemma,wp_0124,0.017932351075066542
gemma/wp_0125,gemma,wp_0125,0.007184054978375898
gemma/wp_0126,gemma,wp_0126,0.00818155533611712
gemma/wp_0127,gemma,wp_0127,0.0031107180064472804
gemma/wp_0128,gemma,wp_0128,0.04921509074420225
gemma/wp_0129,gemma,wp_0129,0.03091883871712197
gemma/wp_0130,gemma,wp_0130,0.01500075672387734
gemma/wp_0131,gemma,wp_0131,0.007206611071782446
gemma/wp_0132,gemma,wp_0132,0.007213198286671772
gemma/wp_0133,gemma,wp_0133,0.011664063537567503
gemma/wp_0134,gemma,wp_0134,0.008361378754273154
gemma/wp_0135,gemma,wp_0135,0.002828672784237557
gemma/wp_0136,gemma,wp_0136,0.008667000942999931
gemma/wp_0137,gemma,wp_0137,0.00574647973321999
gemma/wp_0138,gemma,wp_0138,0.009728039986877853
gemma/wp_0139,gemma,wp_0139,0.010245875206842878
gemma/wp_0140,gemma,wp_0140,0.006153569202465712
gemma/wp_0141,gemma,wp_0141,0.008897759874726921
gemma/wp_0142,gemma,wp_0142,0.00782429292122937
gemma/wp_0143,gemma,wp_0143,0.004515747235355829
gemma/wp_0144,gemma,wp_0144,0.005045261999459029
gemma/wp_0145,gemma,wp_0145,0.0067150317103331645
gemma/wp_0146,gemma,wp_0146,0.006658819052740104
gemma/wp_0147,gemma,wp_0147,0.011681528277499156
gemma/wp_0148,gemma,wp_0148,0.010210680791961291
gemma/wp_0149,gemma,wp_0149,0.007439026864392788
gemma/wp_0150,gemma,wp_0150,0.005052534241191595
gemma/wp_0151,gemma,wp_0151,0.0071509219059919076
gemma/wp_0152,gemma,wp_0152,0.0218706975386174
gemma/wp_0153,gemma,wp_0153,0.0035845683930090895
gemma/wp_0154,gemma,wp_0154,0.010699723092260874
gemma/wp_0155,gemma,wp_0155,0.007836046254327066
gemma/wp_0156,gemma,wp_0156,0.006700916826891878
gemma/wp_0157,gemma,wp_0157,0.0070291783799522525
gemma/wp_0158,gemma,wp_0158,0.003603003192720459
gemma/wp_0159,gemma,wp_0159,0.005111388259366915
gemma/wp_0160,gemma,wp_0160,0.014219489956828198
gemma/wp_0161,gemma,wp_0161,0.010064389384664862
gemma/wp_0162,gemma,wp_0162,0.005791754868548793
gemma/wp_0163,gemma,wp_0163,0.008394715814242839
gemma/wp_0164,gemma,wp_0164,0.007957404559438634
gemma/wp_0165,gemma,wp_0165,0.008384140302433148
gemma/wp_0166,gemma,wp_0166,0.00846793641299308
gemma/wp_0167,gemma,wp_0167,0.009754567127008135
gemma/wp_0168,gemma,wp_0168,0.005135712506823129
gemma/wp_0169,gemma,wp_0169,0.006627203846242334
gemma/wp_0170,gemma,wp_0170,0.007628150249169269
gemma/wp_0171,gemma,wp_0171,0.007971078336168605
gemma/wp_0172,gemma,wp_0172,0.006697721743485597
gemma/wp_0173,gemma,wp_0173,0.013664625359239058
gemma/wp_0174,gemma,wp_0174,0.009877779502563695
gemma/wp_0175,gemma,wp_0175,0.006830030656502667
gemma/wp_0176,gemma,wp_0176,0.008492118265211745
gemma/wp_0177,gemma,wp_0177,0.010526093981256262
gemma/wp_0178,gemma,wp_0178,0.006153159986555801
gemma/wp_0179,gemma,wp_0179,0.008777248429955175
gemma/wp_0180,gemma,wp_0180,0.005949174689523544
gemma/wp_0181,gemma,wp_0181,0.007020100208548673
gemma/wp_0182,gemma,wp_0182,0.011758763298978814
gemma/wp_0183,gemma,wp_0183,0.008057453517680497
gemma/wp_0184,gemma,wp_0184,0.010544562725060904
gemma/wp_0185,gemma,wp_0185,0.005202926532400286
gemma/wp_0186,gemma,wp_0186,0.00733299250827057
gemma/wp_0187,gemma,wp_0187,0.006105339332819283
gemma/wp_0188,gemma,wp_0188,0.0074908805795351995
gemma/wp_0189,gemma,wp_0189,0.013025701006502119
gemma/wp_0190,gemma,wp_0190,0.003728210822197093
gemma/wp_0191,gemma,wp_0191,0.00358924306322216
gemma/wp_0192,gemma,wp_0192,0.006413343743401025
gemma/wp_0193,gemma,wp_0193,0.010688114530212851
gemma/wp_0194,gemma,wp_0194,0.067082978486846
gemma/wp_0195,gemma,wp_0195,0.005895759161361303
gemma/wp_0196,gemma,wp_0196,0.010329590178905085
gemma/wp_0197,gemma,wp_0197,0.00757816030306039
gemma/wp_0198,gemma,wp_0198,0.011997780265882274
gemma/wp_0199,gemma,wp_0199,0.0077412033908106775
llama/wp_0000,llama,wp_0000,0.005606260274028449
llama/wp_0001,llama,wp_0001,0.008629634117735494
llama/wp_0002,llama,wp_0002,0.02716850797908439
llama/wp_0003,llama,wp_0003,0.008916855911556028
llama/wp_0004,llama,wp_0004,0.008738442975905085
llama/wp_0005,llama,wp_0005,0.010160634254513256
llama/wp_0006,llama,wp_0006,0.017711438835115757
llama/wp_0007,llama,wp_0007,0.007888095949715821
llama/wp_0008,llama,wp_0008,0.009239472179759308
llama/wp_0009,llama,wp_0009,0.01640806778258029
llama/wp_0010,llama,wp_0010,0.005634328866899012
llama/wp_0011,llama,wp_0011,0.0039216375019093625
llama/wp_0012,llama,wp_0012,0.018551880643748513
llama/wp_0013,llama,wp_0013,0.007208590169505934
llama/wp_0014,llama,wp_0014,0.006114799038794215
llama/wp_0015,llama,wp_0015,0.008913315087891453
llama/wp_0016,llama,wp_0016,0.008861739423970262
llama/wp_0017,llama,wp_0017,
llama/wp_0018,llama,wp_0018,0.007512386190232113
llama/wp_0019,llama,wp_0019,0.008009376953096961
llama/wp_0020,llama,wp_0020,0.007608873287376028
llama/wp_0021,llama,wp_0021,0.009236049258051226
llama/wp_0022,llama,wp_0022,0.007689967567923421
llama/wp_0023,llama,wp_0023,0.00563982222150064
llama/wp_0024,llama,wp_0024,0.008257929233906768
llama/wp_0025,llama,wp_0025,0.00895193158774949
llama/wp_0026,llama,wp_0026,0.004675206528446012
llama/wp_0027,llama,wp_0027,0.012312818067272212
llama/wp_0028,llama,wp_0028,0.007590333686536183
llama/wp_0029,llama,wp_0029,0.005407729012306512
llama/wp_0030,llama,wp_0030,0.0073852599049270915
llama/wp_0031,llama,wp_0031,0.015216203550230286
llama/wp_0032,llama,wp_0032,0.008265373144200876
llama/wp_0033,llama,wp_0033,0.015984952291592688
llama/wp_0034,llama,wp_0034,0.029704903817149478
llama/wp_0035,llama,wp_0035,0.007968616052681194
llama/wp_0036,llama,wp_0036,0.00699171228460932
llama/wp_0037,llama,wp_0037,0.032979490086057356
llama/wp_0038,llama,wp_0038,0.021896343080844677
llama/wp_0039,llama,wp_0039,0.007246036138655678
llama/wp_0040,llama,wp_0040,0.016137603475387053
llama/wp_0041,llama,wp_0041,0.012070032716512524
llama/wp_0042,llama,wp_0042,0.007994419458899506
llama/wp_0043,llama,wp_0043,0.009668191245795783
llama/wp_0044,llama,wp_0044,0.004471375822484807
llama/wp_0045,llama,wp_0045,0.014973997820578771
llama/wp_0046,llama,wp_0046,0.0074405380576325585
llama/wp_0047,llama,wp_0047,0.007976661221902197
llama/wp_0048,llama,wp_0048,0.014994611890621817
llama/wp_0049,llama,wp_0049,0.01207583206011309
llama/wp_0050,llama,wp_0050,0.007564973708791218
llama/wp_0051,llama,wp_0051,0.007487516279662291
llama/wp_0052,llama,wp_0052,0.00896046467704969
llama/wp_0053,llama,wp_0053,0.006418022145085278
llama/wp_0054,llama,wp_0054,0.010076273504628214
llama/wp_0055,llama,wp_0055,0.005857398709732764
llama/wp_0056,llama,wp_0056,0.011449992131852077
llama/wp_0057,llama,wp_0057,0.007939142309891645
llama/wp_0058,llama,wp_0058,0.011837276923814227
llama/wp_0059,llama,wp_0059,0.004760398925360785
llama/wp_0060,llama,wp_0060,0.026632945683542904
llama/wp_0061,llama,wp_0061,0.010377844924368515
llama/wp_0062,llama,wp_0062,0.011650433863072726
llama/wp_0063,llama,wp_0063,0.006902226914362352
llama/wp_0064,llama,wp_0064,0.006301670248579048
llama/wp_0065,llama,wp_0065,0.007354245036570708
llama/wp_0066,llama,wp_0066,0.0083081464089938
llama/wp_0067,llama,wp_0067,0.006925132187950956
llama/wp_0068,llama,wp_0068,0.005813323360379278
llama/wp_0069,llama,wp_0069,0.0057536555578826375
llama/wp_0070,llama,wp_0070,0.010023395495817182
llama/wp_0071,llama,wp_0071,0.0037498238590885895
llama/wp_0072,llama,wp_0072,0.00968899922106
llama/wp_0073,llama,wp_0073,0.011069958748507247
llama/wp_0074,llama,wp_0074,0.007804952452617591
llama/wp_0075,llama,wp_0075,0.010760516117290737
llama/wp_0076,llama,wp_0076,0.01804739887182378
llama/wp_0077,llama,wp_0077,0.011232702324564872
llama/wp_0078,llama,wp_0078,0.0047167424340628025
llama/wp_0079,llama,wp_0079,0.011603335229430304
llama/wp_0080,llama,wp_0080,0.006811152384997351
llama/wp_0081,llama,wp_0081,0.007706393259859804
llama/wp_0082,llama,wp_0082,0.013143439522757368
llama/wp_0083,llama,wp_0083,0.00866325313893401
llama/wp_0084,llama,wp_0084,0.012871677755945908
llama/wp_0085,llama,wp_0085,0.015935688732818087
llama/wp_0086,llama,wp_0086,0.006971691089172475
llama/wp_0087,llama,wp_0087,0.009783776992812954
llama/wp_0088,llama,wp_0088,0.006956641276430857
llama/wp_0089,llama,wp_0089,0.006830573751116575
llama/wp_0090,llama,wp_0090,0.0066289516918544315
llama/wp_0091,llama,wp_0091,0.006035935287188577
llama/wp_0092,llama,wp_0092,0.008301314064166843
llama/wp_0093,llama,wp_0093,0.01180373617068163
llama/wp_0094,llama,wp_0094,0.008550715475069278
llama/wp_0095,llama,wp_0095,0.0063229008395987805
llama/wp_0096,llama,wp_0096,0.018530541905507434
llama/wp_0097,llama,wp_0097,0.004827780813230978
llama/wp_0098,llama,wp_0098,0.008131236076300334
llama/wp_0099,llama,wp_0099,0.011546864783278706
llama/wp_0100,llama,wp_0100,0.012764214587523448
llama/wp_0101,llama,wp_0101,0.007114835169400292
llama/wp_0102,llama,wp_0102,0.014966620526518457
llama/wp_0103,llama,wp_0103,0.008946397568275456
llama/wp_0104,llama,wp_0104,0.016299034135739104
llama/wp_0105,llama,wp_0105,0.007302141139091325
llama/wp_0106,llama,wp_0106,0.012616464680578771
llama/wp_0107,llama,wp_0107,0.012565255194130017
llama/wp_0108,llama,wp_0108,0.007665816203688726
llama/wp_0109,llama,wp_0109,0.009289689448089812
llama/wp_0110,llama,wp_0110,0.007160742394699251
llama/wp_0111,llama,wp_0111,0.006974489232528125
llama/wp_0112,llama,wp_0112,0.01117489230286173
llama/wp_0113,llama,wp_0113,0.007999951388400322
llama/wp_0114,llama,wp_0114,0.005374692183804118
llama/wp_0115,llama,wp_0115,0.01440411027882281
llama/wp_0116,llama,wp_0116,0.007954388618657594
llama/wp_0117,llama,wp_0117,0.017716787998914352
llama/wp_0118,llama,wp_0118,0.004851669033194866
llama/wp_0119,llama,wp_0119,0.003885635260932967
llama/wp_0120,llama,wp_0120,0.021797982419773036
llama/wp_0121,llama,wp_0121,0.005695969258005099
llama/wp_0122,llama,wp_0122,0.008794811393541588
llama/wp_0123,llama,wp_0123,0.010598885758524232
llama/wp_0124,llama,wp_0124,0.022079067922897183
llama/wp_0125,llama,wp_0125,0.012248386368410729
llama/wp_0126,llama,wp_0126,0.00855425884734812
llama/wp_0127,llama,wp_0127,0.008805710308218456
llama/wp_0128,llama,wp_0128,0.012908797838917165
llama/wp_0129,llama,wp_0129,0.008723916358419263
llama/wp_0130,llama,wp_0130,0.00963485037000152
llama/wp_0131,llama,wp_0131,0.01071654437803818
llama/wp_0132,llama,wp_0132,0.008969786435358191
llama/wp_0133,llama,wp_0133,0.009890851190288576
llama/wp_0134,llama,wp_0134,0.008193896338188268
llama/wp_0135,llama,wp_0135,0.005628363358414089
llama/wp_0136,llama,wp_0136,0.007998904026626116
llama/wp_0137,llama,wp_0137,0.00792763154475509
llama/wp_0138,llama,wp_0138,0.010168777632977886
llama/wp_0139,llama,wp_0139,0.01630441662934269
llama/wp_0140,llama,wp_0140,0.007177178083172085
llama/wp_0141,llama,wp_0141,0.012045779225556481
llama/wp_0142,llama,wp_0142,0.016621494190384493
llama/wp_0143,llama,wp_0143,0.010785239029110522
llama/wp_0144,llama,wp_0144,0.018343609774929347
llama/wp_0145,llama,wp_0145,0.01225934776529369
llama/wp_0146,llama,wp_0146,0.01720226923017643
llama/wp_0147,llama,wp_0147,0.011343433734024994
llama/wp_0148,llama,wp_0148,0.013074656403368164
llama/wp_0149,llama,wp_0149,0.006741953817244679
llama/wp_0150,llama,wp_0150,0.010203213833918152
llama/wp_0151,llama,wp_0151,0.008068480410088324
llama/wp_0152,llama,wp_0152,0.02264066532333351
llama/wp_0153,llama,wp_0153,0.008531159174475155
llama/wp_0154,llama,wp_0154,0.010376902093506795
llama/wp_0155,llama,wp_0155,0.0070788614123211795
llama/wp_0156,llama,wp_0156,0.015755875070260043
llama/wp_0157,llama,wp_0157,0.011937904043982053
llama/wp_0158,llama,wp_0158,0.007647385899955608
llama/wp_0159,llama,wp_0159,0.007966352259980849
llama/wp_0160,llama,wp_0160,0.013382595210629412
llama/wp_0161,llama,wp_0161,0.007593404170637216
llama/wp_0162,llama,wp_0162,0.008216810483400467
llama/wp_0163,llama,wp_0163,0.007677739137899021
llama/wp_0164,llama,wp_0164,0.005738147637428609
llama/wp_0165,llama,wp_0165,0.010058050691835858
llama/wp_0166,llama,wp_0166,0.008707223297319502
llama/wp_0167,llama,wp_0167,0.014303120299460369
llama/wp_0168,llama,wp_0168,0.016141182639349418
llama/wp_0169,llama,wp_0169,0.009995688685479946
llama/wp_0170,llama,wp_0170,0.006290894939585203
llama/wp_0171,llama,wp_0171,0.005430779787712604
llama/wp_0172,llama,wp_0172,0.010642657636548153
llama/wp_0173,llama,wp_0173,0.009237581255170237
llama/wp_0174,llama,wp_0174,0.010668753826479901
llama/wp_0175,llama,wp_0175,0.007858030678084733
llama/wp_0176,llama,wp_0176,0.010688102494712911
llama/wp_0177,llama,wp_0177,0.01401316619548227
llama/wp_0178,llama,wp_0178,0.0031934067500695397
llama/wp_0179,llama,wp_0179,0.013660183207826204
llama/wp_0180,llama,wp_0180,0.013902339207798087
llama/wp_0181,llama,wp_0181,0.006013209109107234
llama/wp_0182,llama,wp_0182,0.005737925247798788
llama/wp_0183,llama,wp_0183,0.006497402084425704
llama/wp_0184,llama,wp_0184,0.012852736707758262
llama/wp_0185,llama,wp_0185,0.006119764230239642
llama/wp_0186,llama,wp_0186,0.010615437156838253
llama/wp_0187,llama,wp_0187,0.010688630946409768
llama/wp_0188,llama,wp_0188,0.0063653100992614575
llama/wp_0189,llama,wp_0189,0.005501994637552998
llama/wp_0190,llama,wp_0190,0.003138913804299758
llama/wp_0191,llama,wp_0191,0.010792938157353714
llama/wp_0192,llama,wp_0192,0.00950474588829697
llama/wp_0193,llama,wp_0193,0.011623645593929633
llama/wp_0194,llama,wp_0194,0.003957290663857842
llama/wp_0195,llama,wp_0195,0.010464797439285202
llama/wp_0196,llama,wp_0196,0.0106476400290508
llama/wp_0197,llama,wp_0197,0.010998499242769867
llama/wp_0198,llama,wp_0198,0.00774722878782487
llama/wp_0199,llama,wp_0199,0.009135168230501782
mistral/wp_0000,mistral,wp_0000,0.009657029477437386
mistral/wp_0001,mistral,wp_0001,0.01737688959372966
mistral/wp_0002,mistral,wp_0002,0.013413480084627446
mistral/wp_0003,mistral,wp_0003,0.0057603201613566826
mistral/wp_0004,mistral,wp_0004,0.009790368063917634
mistral/wp_0005,mistral,wp_0005,0.01386777297797153
mistral/wp_0006,mistral,wp_0006,0.00994100706704993
mistral/wp_0007,mistral,wp_0007,0.0079004558901068
mistral/wp_0008,mistral,wp_0008,0.013816466733708021
mistral/wp_0009,mistral,wp_0009,0.008501379518646202
mistral/wp_0010,mistral,wp_0010,0.010793673079667554
mistral/wp_0011,mistral,wp_0011,0.006434212553801406
mistral/wp_0012,mistral,wp_0012,0.010210441240997677
mistral/wp_0013,mistral,wp_0013,0.010332621931518002
mistral/wp_0014,mistral,wp_0014,0.00785315353990983
mistral/wp_0015,mistral,wp_0015,0.006763139140724019
mistral/wp_0016,mistral,wp_0016,0.005724009788021187
mistral/wp_0017,mistral,wp_0017,0.00455908377382761
mistral/wp_0018,mistral,wp_0018,0.04195750039488126
mistral/wp_0019,mistral,wp_0019,0.005364975754309684
mistral/wp_0020,mistral,wp_0020,0.014482674919057525
mistral/wp_0021,mistral,wp_0021,0.016666056146542173
mistral/wp_0022,mistral,wp_0022,0.009477893279860697
mistral/wp_0023,mistral,wp_0023,0.009106225764636296
mistral/wp_0024,mistral,wp_0024,0.01061486281545143
mistral/wp_0025,mistral,wp_0025,0.009622539268519036
mistral/wp_0026,mistral,wp_0026,0.006281374107891967
mistral/wp_0027,mistral,wp_0027,0.015290924819683683
mistral/wp_0028,mistral,wp_0028,0.011373504476686247
mistral/wp_0029,mistral,wp_0029,0.0072678019980049954
mistral/wp_0030,mistral,wp_0030,0.011314934545925278
mistral/wp_0031,mistral,wp_0031,0.012658177611839017
mistral/wp_0032,mistral,wp_0032,0.011082293203474172
mistral/wp_0033,mistral,wp_0033,0.008885976736761942
mistral/wp_0034,mistral,wp_0034,0.020191279515680075
mistral/wp_0035,mistral,wp_0035,0.008870415926059185
mistral/wp_0036,mistral,wp_0036,0.006447481531829155
mistral/wp_0037,mistral,wp_0037,0.011541708459208364
mistral/wp_0038,mistral,wp_0038,0.008904754432910951
mistral/wp_0039,mistral,wp_0039,0.006933937320027906
mistral/wp_0040,mistral,wp_0040,0.0151934703532152
mistral/wp_0041,mistral,wp_0041,0.009833864060621797
mistral/wp_0042,mistral,wp_0042,0.006089335833243826
mistral/wp_0043,mistral,wp_0043,0.006470959707961155
mistral/wp_0044,mistral,wp_0044,0.010424668354585737
mistral/wp_0045,mistral,wp_0045,0.012622408818140994
mistral/wp_0046,mistral,wp_0046,0.008211365246891115
mistral/wp_0047,mistral,wp_0047,0.008523207589304123
mistral/wp_0048,mistral,wp_0048,0.005678135417867587
mistral/wp_0049,mistral,wp_0049,0.011163466264161408
mistral/wp_0050,mistral,wp_0050,0.013335854041470524
mistral/wp_0051,mistral,wp_0051,0.013566103813375115
mistral/wp_0052,mistral,wp_0052,0.017716848624958648
mistral/wp_0053,mistral,wp_0053,0.009204054690323548
mistral/wp_0054,mistral,wp_0054,0.016478314306110558
mistral/wp_0055,mistral,wp_0055,0.005740393618470356
mistral/wp_0056,mistral,wp_0056,0.007417814898265056
mistral/wp_0057,mistral,wp_0057,0.01870441518067896
mistral/wp_0058,mistral,wp_0058,0.012762144823651822
mistral/wp_0059,mistral,wp_0059,0.018649383375778185
mistral/wp_0060,mistral,wp_0060,0.013465699595153162
mistral/wp_0061,mistral,wp_0061,0.01009009267040925
mistral/wp_0062,mistral,wp_0062,0.004840054006457291
mistral/wp_0063,mistral,wp_0063,0.014246781706716652
mistral/wp_0064,mistral,wp_0064,0.008006624434250624
mistral/wp_0065,mistral,wp_0065,0.007930913271572746
mistral/wp_0066,mistral,wp_0066,0.006039412117972721
mistral/wp_0067,mistral,wp_0067,0.007085934407646382
mistral/wp_0068,mistral,wp_0068,0.0066901741672220055
mistral/wp_0069,mistral,wp_0069,0.008710624455644094
mistral/wp_0070,mistral,wp_0070,0.021784655305805894
mistral/wp_0071,mistral,wp_0071,0.007753449507326238
mistral/wp_0072,mistral,wp_0072,0.011132281256345862
mistral/wp_0073,mistral,wp_0073,0.009883465576513248
mistral/wp_0074,mistral,wp_0074,0.012567942408801056
mistral/wp_0075,mistral,wp_0075,0.014915263053942439
mistral/wp_0076,mistral,wp_0076,0.01079251381581886
mistral/wp_0077,mistral,wp_0077,0.009740678743704101
mistral/wp_0078,mistral,wp_0078,0.005132517543253917
mistral/wp_0079,mistral,wp_0079,0.009862394180641009
mistral/wp_0080,mistral,wp_0080,0.009293849474596706
mistral/wp_0081,mistral,wp_0081,0.008979434581844456
mistral/wp_0082,mistral,wp_0082,0.011015687259740527
mistral/wp_0083,mistral,wp_0083,0.01045666135394294
mistral/wp_0084,mistral,wp_0084,0.008363761231993873
mistral/wp_0085,mistral,wp_0085,0.009510353774536476
mistral/wp_0086,mistral,wp_0086,0.006423649273483146
mistral/wp_0087,mistral,wp_0087,0.009206075251277215
mistral/wp_0088,mistral,wp_0088,0.008035913903920446
mistral/wp_0089,mistral,wp_0089,0.010100245895808352
mistral/wp_0090,mistral,wp_0090,0.008346675913240901
mistral/wp_0091,mistral,wp_0091,0.013852968415738083
mistral/wp_0092,mistral,wp_0092,0.0149531939767066
mistral/wp_0093,mistral,wp_0093,0.010385782496728216
mistral/wp_0094,mistral,wp_0094,0.007801306944921309
mistral/wp_0095,mistral,wp_0095,0.009694818097826107
mistral/wp_0096,mistral,wp_0096,0.012378591749459579
mistral/wp_0097,mistral,wp_0097,0.006684163483565769
mistral/wp_0098,mistral,wp_0098,0.01035950453599711
mistral/wp_0099,mistral,wp_0099,0.009510767784557887
mistral/wp_0100,mistral,wp_0100,0.005253099218503739
mistral/wp_0101,mistral,wp_0101,0.012232405694278272
mistral/wp_0102,mistral,wp_0102,0.009216543089166772
mistral/wp_0103,mistral,wp_0103,0.016879680803114312
mistral/wp_0104,mistral,wp_0104,0.00771190533192969
mistral/wp_0105,mistral,wp_0105,0.008282560183688979
mistral/wp_0106,mistral,wp_0106,0.006867910813274874
mistral/wp_0107,mistral,wp_0107,0.010314079018205214
mistral/wp_0108,mistral,wp_0108,0.009217225235134876
mistral/wp_0109,mistral,wp_0109,0.008316027062502491
mistral/wp_0110,mistral,wp_0110,0.009026798319878373
mistral/wp_0111,mistral,wp_0111,0.012413026008709941
mistral/wp_0112,mistral,wp_0112,0.014378702805049735
mistral/wp_0113,mistral,wp_0113,0.00892556264070922
mistral/wp_0114,mistral,wp_0114,0.00660207482332811
mistral/wp_0115,mistral,wp_0115,0.006976001355460704
mistral/wp_0116,mistral,wp_0116,0.015054368612269827
mistral/wp_0117,mistral,wp_0117,0.01747597694520495
mistral/wp_0118,mistral,wp_0118,0.010968674855071083
mistral/wp_0119,mistral,wp_0119,0.006805298265723557
mistral/wp_0120,mistral,wp_0120,0.01664126612619331
mistral/wp_0121,mistral,wp_0121,0.005406697563670262
mistral/wp_0122,mistral,wp_0122,0.00887260393910352
mistral/wp_0123,mistral,wp_0123,0.010298911766637407
mistral/wp_0124,mistral,wp_0124,0.06793457592070735
mistral/wp_0125,mistral,wp_0125,0.005982412038994946
mistral/wp_0126,mistral,wp_0126,0.006691282509510418
mistral/wp_0127,mistral,wp_0127,0.009889180196853052
mistral/wp_0128,mistral,wp_0128,0.018018200008902502
mistral/wp_0129,mistral,wp_0129,0.012224272176655324
mistral/wp_0130,mistral,wp_0130,0.008536291499802815
mistral/wp_0131,mistral,wp_0131,0.008771514730517002
mistral/wp_0132,mistral,wp_0132,0.01603754691857488
mistral/wp_0133,mistral,wp_0133,0.006539697334645588
mistral/wp_0134,mistral,wp_0134,0.010578826567289278
mistral/wp_0135,mistral,wp_0135,0.007573227124549241
mistral/wp_0136,mistral,wp_0136,0.008686942168450104
mistral/wp_0137,mistral,wp_0137,0.008011912983508788
mistral/wp_0138,mistral,wp_0138,0.008565778159637126
mistral/wp_0139,mistral,wp_0139,0.0055532853323372496
mistral/wp_0140,mistral,wp_0140,0.010430750229268954
mistral/wp_0141,mistral,wp_0141,0.017064972676526652
mistral/wp_0142,mistral,wp_0142,0.0589663149412703
mistral/wp_0143,mistral,wp_0143,0.018749011410024087
mistral/wp_0144,mistral,wp_0144,0.005893370370701893
mistral/wp_0145,mistral,wp_0145,0.01092676303880176
mistral/wp_0146,mistral,wp_0146,0.007166365297562212
mistral/wp_0147,mistral,wp_0147,0.02006419481738235
mistral/wp_0148,mistral,wp_0148,0.015802094250092588
mistral/wp_0149,mistral,wp_0149,0.01051593831135741
mistral/wp_0150,mistral,wp_0150,0.007377794701665858
mistral/wp_0151,mistral,wp_0151,0.013580004129126678
mistral/wp_0152,mistral,wp_0152,0.014980400660725923
mistral/wp_0153,mistral,wp_0153,0.007979006502239186
mistral/wp_0154,mistral,wp_0154,0.012719868845018682
mistral/wp_0155,mistral,wp_0155,0.010779674326278053
mistral/wp_0156,mistral,wp_0156,0.011208701753509267
mistral/wp_0157,mistral,wp_0157,0.009057508468615822
mistral/wp_0158,mistral,wp_0158,0.02688588970826078
mistral/wp_0159,mistral,wp_0159,0.021731449617831182
mistral/wp_0160,mistral,wp_0160,0.009571349109254399
mistral/wp_0161,mistral,wp_0161,0.008695809192394701
mistral/wp_0162,mistral,wp_0162,0.008795094958104377
mistral/wp_0163,mistral,wp_0163,0.004960721615200805
mistral/wp_0164,mistral,wp_0164,0.011440775206527238
mistral/wp_0165,mistral,wp_0165,0.013468091812801154
mistral/wp_0166,mistral,wp_0166,0.012242934400869553
mistral/wp_0167,mistral,wp_0167,0.008248826605600404
mistral/wp_0168,mistral,wp_0168,0.015103613993582145
mistral/wp_0169,mistral,wp_0169,0.012722294478996393
mistral/wp_0170,mistral,wp_0170,0.006388648548087366
mistral/wp_0171,mistral,wp_0171,0.007371457536597421
mistral/wp_0172,mistral,wp_0172,0.009702984673264348
mistral/wp_0173,mistral,wp_0173,0.009355657799419614
mistral/wp_0174,mistral,wp_0174,0.008568497392430617
mistral/wp_0175,mistral,wp_0175,0.006392524247428644
mistral/wp_0176,mistral,wp_0176,0.015850748115182934
mistral/wp_0177,mistral,wp_0177,0.014091354765647976
mistral/wp_0178,mistral,wp_0178,0.0032222537213825704
mistral/wp_0179,mistral,wp_0179,0.006180368203508363
mistral/wp_0180,mistral,wp_0180,0.019143099892484472
mistral/wp_0181,mistral,wp_0181,0.011195627129017404
mistral/wp_0182,mistral,wp_0182,0.014395487923484595
mistral/wp_0183,mistral,wp_0183,0.010020296006927411
mistral/wp_0184,mistral,wp_0184,0.009238874052895446
mistral/wp_0185,mistral,wp_0185,0.006697571015549212
mistral/wp_0186,mistral,wp_0186,0.007492670792290685
mistral/wp_0187,mistral,wp_0187,0.008141635153712
mistral/wp_0188,mistral,wp_0188,0.007712211618042256
mistral/wp_0189,mistral,wp_0189,0.01813423548352211
mistral/wp_0190,mistral,wp_0190,0.012324351242967978
mistral/wp_0191,mistral,wp_0191,0.014219956471469782
mistral/wp_0192,mistral,wp_0192,0.005254132760148186
mistral/wp_0193,mistral,wp_0193,0.007837519337757108
mistral/wp_0194,mistral,wp_0194,0.02035525302900683
mistral/wp_0195,mistral,wp_0195,0.009903937256835622
mistral/wp_0196,mistral,wp_0196,0.007393061359197215
mistral/wp_0197,mistral,wp_0197,0.00604308718693007
mistral/wp_0198,mistral,wp_0198,0.01389144218126621
mistral/wp_0199,mistral,wp_0199,0.008145979913182506
qwen/wp_0000,qwen,wp_0000,0.007538756182648872
qwen/wp_0001,qwen,wp_0001,0.008687543165484712
qwen/wp_0002,qwen,wp_0002,0.007632176939521007
qwen/wp_0003,qwen,wp_0003,0.0035971048590650763
qwen/wp_0004,qwen,wp_0004,0.005977158026466419
qwen/wp_0005,qwen,wp_0005,0.01973171793021882
qwen/wp_0006,qwen,wp_0006,0.011480458709054562
qwen/wp_0007,qwen,wp_0007,0.010543518835501501
qwen/wp_0008,qwen,wp_0008,0.0067309224152367775
qwen/wp_0009,qwen,wp_0009,0.012536149683213482
qwen/wp_0010,qwen,wp_0010,0.01178328844796709
qwen/wp_0011,qwen,wp_0011,0.011608220117599632
qwen/wp_0012,qwen,wp_0012,0.015816727328886716
qwen/wp_0013,qwen,wp_0013,0.008790456515191548
qwen/wp_0014,qwen,wp_0014,0.00835003886163316
qwen/wp_0015,qwen,wp_0015,0.005732915306551298
qwen/wp_0016,qwen,wp_0016,0.010717989766887748
qwen/wp_0017,qwen,wp_0017,0.006686240694077096
qwen/wp_0018,qwen,wp_0018,0.07018358788635164
qwen/wp_0019,qwen,wp_0019,0.015145490198251845
qwen/wp_0020,qwen,wp_0020,0.008287203418278705
qwen/wp_0021,qwen,wp_0021,0.008117537691509318
qwen/wp_0022,qwen,wp_0022,0.0074246209716762115
qwen/wp_0023,qwen,wp_0023,0.015280882509182817
qwen/wp_0024,qwen,wp_0024,0.012632258013512174
qwen/wp_0025,qwen,wp_0025,0.0129272202856372
qwen/wp_0026,qwen,wp_0026,0.0066323147155107984
qwen/wp_0027,qwen,wp_0027,0.006953522716693832
qwen/wp_0028,qwen,wp_0028,0.0133847605561214
qwen/wp_0029,qwen,wp_0029,0.010053697798604773
qwen/wp_0030,qwen,wp_0030,0.005989659010834293
qwen/wp_0031,qwen,wp_0031,0.009849494211173267
qwen/wp_0032,qwen,wp_0032,0.016421484128513877
qwen/wp_0033,qwen,wp_0033,0.007323908198872409
qwen/wp_0034,qwen,wp_0034,0.018756132305938727
qwen/wp_0035,qwen,wp_0035,0.007958935579500555
qwen/wp_0036,qwen,wp_0036,0.004213650753813015
qwen/wp_0037,qwen,wp_0037,0.02514055772173262
qwen/wp_0038,qwen,wp_0038,0.022777326886521825
qwen/wp_0039,qwen,wp_0039,0.012296886323850766
qwen/wp_0040,qwen,wp_0040,0.022697856337657515
qwen/wp_0041,qwen,wp_0041,0.007684598872233304
qwen/wp_0042,qwen,wp_0042,0.01054006247965223
qwen/wp_0043,qwen,wp_0043,0.005284210743415067
qwen/wp_0044,qwen,wp_0044,0.010679583864160253
qwen/wp_0045,qwen,wp_0045,0.007439014961683499
qwen/wp_0046,qwen,wp_0046,0.006702970367179313
qwen/wp_0047,qwen,wp_0047,0.009023231936560159
qwen/wp_0048,qwen,wp_0048,0.012729839037537848
qwen/wp_0049,qwen,wp_0049,0.009235803620158703
qwen/wp_0050,qwen,wp_0050,0.005044675330234205
qwen/wp_0051,qwen,wp_0051,0.009611571642359994
qwen/wp_0052,qwen,wp_0052,0.004417326667644696
qwen/wp_0053,qwen,wp_0053,0.004998287045143691
qwen/wp_0054,qwen,wp_0054,0.009584041637488987
qwen/wp_0055,qwen,wp_0055,0.005007283064082253
qwen/wp_0056,qwen,wp_0056,0.01433435022318537
qwen/wp_0057,qwen,wp_0057,0.019608475675649235
qwen/wp_0058,qwen,wp_0058,0.009406273638860162
qwen/wp_0059,qwen,wp_0059,0.006984670643334162
qwen/wp_0060,qwen,wp_0060,0.04116841245570997
qwen/wp_0061,qwen,wp_0061,0.013486003313727358
qwen/wp_0062,qwen,wp_0062,0.012895208234019082
qwen/wp_0063,qwen,wp_0063,0.006594536023870106
qwen/wp_0064,qwen,wp_0064,0.008888224014745386
qwen/wp_0065,qwen,wp_0065,0.012460693258750273
qwen/wp_0066,qwen,wp_0066,0.009568098312615108
qwen/wp_0067,qwen,wp_0067,0.007145203760821657
qwen/wp_0068,qwen,wp_0068,0.006210542893304062
qwen/wp_0069,qwen,wp_0069,0.008329759675418389
qwen/wp_0070,qwen,wp_0070,0.013364410884543765
qwen/wp_0071,qwen,wp_0071,0.0059016407769343655
qwen/wp_0072,qwen,wp_0072,0.011320006571881553
qwen/wp_0073,qwen,wp_0073,0.011998460053999026
qwen/wp_0074,qwen,wp_0074,0.01024314581649575
qwen/wp_0075,qwen,wp_0075,0.008458474933846542
qwen/wp_0076,qwen,wp_0076,0.016400517179600005
qwen/wp_0077,qwen,wp_0077,0.007448860500922643
qwen/wp_0078,qwen,wp_0078,0.004926499064629605
qwen/wp_0079,qwen,wp_0079,0.008470183261729113
qwen/wp_0080,qwen,wp_0080,0.008590983681611857
qwen/wp_0081,qwen,wp_0081,0.00677074535161716
qwen/wp_0082,qwen,wp_0082,0.007623036671843552
qwen/wp_0083,qwen,wp_0083,0.01358951924754534
qwen/wp_0084,qwen,wp_0084,0.012614622893422918
qwen/wp_0085,qwen,wp_0085,0.008281397274495245
qwen/wp_0086,qwen,wp_0086,0.003252120820632427
qwen/wp_0087,qwen,wp_0087,0.005690269802563456
qwen/wp_0088,qwen,wp_0088,0.010159424731470391
qwen/wp_0089,qwen,wp_0089,0.007045907927978773
qwen/wp_0090,qwen,wp_0090,0.012272881635182085
qwen/wp_0091,qwen,wp_0091,0.006487936900952174
qwen/wp_0092,qwen,wp_0092,0.009957197499861422
qwen/wp_0093,qwen,wp_0093,0.009861120949844105
qwen/wp_0094,qwen,wp_0094,0.01143710816644334
qwen/wp_0095,qwen,wp_0095,0.00966079427750905
qwen/wp_0096,qwen,wp_0096,0.010259285225081759
qwen/wp_0097,qwen,wp_0097,0.009472005967643957
qwen/wp_0098,qwen,wp_0098,0.008771320710246054
qwen/wp_0099,qwen,wp_0099,0.006936480903242538
qwen/wp_0100,qwen,wp_0100,0.004050925886163348
qwen/wp_0101,qwen,wp_0101,0.007119133845359475
qwen/wp_0102,qwen,wp_0102,0.0074816650649784065
qwen/wp_0103,qwen,wp_0103,0.005947271105992271
qwen/wp_0104,qwen,wp_0104,0.00755863971760106
qwen/wp_0105,qwen,wp_0105,0.013221212217964608
qwen/wp_0106,qwen,wp_0106,0.007537695573166084
qwen/wp_0107,qwen,wp_0107,0.007150973018697559
qwen/wp_0108,qwen,wp_0108,0.006411898544490648
qwen/wp_0109,qwen,wp_0109,0.013411361860290873
qwen/wp_0110,qwen,wp_0110,0.005454774162474143
qwen/wp_0111,qwen,wp_0111,0.009325800142231593
qwen/wp_0112,qwen,wp_0112,0.01734628372035175
qwen/wp_0113,qwen,wp_0113,0.011156628872907397
qwen/wp_0114,qwen,wp_0114,0.006587536389531617
qwen/wp_0115,qwen,wp_0115,0.014735054747767706
qwen/wp_0116,qwen,wp_0116,0.009497832559145079
qwen/wp_0117,qwen,wp_0117,0.008566948537982053
qwen/wp_0118,qwen,wp_0118,0.018678751213434687
qwen/wp_0119,qwen,wp_0119,0.005101740292232605
qwen/wp_0120,qwen,wp_0120,0.013644387736754991
qwen/wp_0121,qwen,wp_0121,0.005863734611792433
qwen/wp_0122,qwen,wp_0122,0.005462606914833877
qwen/wp_0123,qwen,wp_0123,0.009337943787163534
qwen/wp_0124,qwen,wp_0124,0.04890807478629792
qwen/wp_0125,qwen,wp_0125,0.014800548446796232
qwen/wp_0126,qwen,wp_0126,0.00871516063291459
qwen/wp_0127,qwen,wp_0127,0.009553194184061618
qwen/wp_0128,qwen,wp_0128,0.03210474179646686
qwen/wp_0129,qwen,wp_0129,0.016191452689296497
qwen/wp_0130,qwen,wp_0130,0.006477076183832834
qwen/wp_0131,qwen,wp_0131,0.006157976550248899
qwen/wp_0132,qwen,wp_0132,0.005538681965664575
qwen/wp_0133,qwen,wp_0133,0.016377987025018782
qwen/wp_0134,qwen,wp_0134,0.009252815336762086
qwen/wp_0135,qwen,wp_0135,0.01032966604308794
qwen/wp_0136,qwen,wp_0136,0.009685444218456548
qwen/wp_0137,qwen,wp_0137,0.00971006745021491
qwen/wp_0138,qwen,wp_0138,0.008531268593634293
qwen/wp_0139,qwen,wp_0139,0.00651210798539811
qwen/wp_0140,qwen,wp_0140,0.00961197578291156
qwen/wp_0141,qwen,wp_0141,0.00802301628170923
qwen/wp_0142,qwen,wp_0142,0.016579461299796677
qwen/wp_0143,qwen,wp_0143,0.009705739688420383
qwen/wp_0144,qwen,wp_0144,0.005309181804296317
qwen/wp_0145,qwen,wp_0145,0.005917243480984871
qwen/wp_0146,qwen,wp_0146,0.012559452303745958
qwen/wp_0147,qwen,wp_0147,0.019474956485424383
qwen/wp_0148,qwen,wp_0148,0.03172634228914331
qwen/wp_0149,qwen,wp_0149,0.008404090938000605
qwen/wp_0150,qwen,wp_0150,0.006496332242973418
qwen/wp_0151,qwen,wp_0151,0.011806718816243088
qwen/wp_0152,qwen,wp_0152,0.044967334940925904
qwen/wp_0153,qwen,wp_0153,0.011863412524172869
qwen/wp_0154,qwen,wp_0154,0.005680667351364303
qwen/wp_0155,qwen,wp_0155,0.009649504722606499
qwen/wp_0156,qwen,wp_0156,0.006892335557052178
qwen/wp_0157,qwen,wp_0157,0.016660302154304783
qwen/wp_0158,qwen,wp_0158,0.008434729496683165
qwen/wp_0159,qwen,wp_0159,0.013470644937700376
qwen/wp_0160,qwen,wp_0160,0.010197587443820343
qwen/wp_0161,qwen,wp_0161,0.007991152359231889
qwen/wp_0162,qwen,wp_0162,0.01784623881804434
qwen/wp_0163,qwen,wp_0163,0.012999245665216387
qwen/wp_0164,qwen,wp_0164,0.005932363170974158
qwen/wp_0165,qwen,wp_0165,0.008252712186156627
qwen/wp_0166,qwen,wp_0166,0.043203219228881276
qwen/wp_0167,qwen,wp_0167,0.009918992414870412
qwen/wp_0168,qwen,wp_0168,0.008161166988575722
qwen/wp_0169,qwen,wp_0169,0.00932382534923492
qwen/wp_0170,qwen,wp_0170,0.00748089544695079
qwen/wp_0171,qwen,wp_0171,0.00663900170424188
qwen/wp_0172,qwen,wp_0172,0.007484163238632012
qwen/wp_0173,qwen,wp_0173,0.012472298532533375
qwen/wp_0174,qwen,wp_0174,0.01613553610805628
qwen/wp_0175,qwen,wp_0175,0.0074772360473241185
qwen/wp_0176,qwen,wp_0176,0.009362802399293274
qwen/wp_0177,qwen,wp_0177,0.008474462324792294
qwen/wp_0178,qwen,wp_0178,0.007590904620499658
qwen/wp_0179,qwen,wp_0179,0.005518947040163803
qwen/wp_0180,qwen,wp_0180,0.009589581516765089
qwen/wp_0181,qwen,wp_0181,0.012365200851001948
qwen/wp_0182,qwen,wp_0182,0.012508969911728389
qwen/wp_0183,qwen,wp_0183,0.00819628436996748
qwen/wp_0184,qwen,wp_0184,0.007104662888302324
qwen/wp_0185,qwen,wp_0185,0.014716290463591464
qwen/wp_0186,qwen,wp_0186,0.00750646364674833
qwen/wp_0187,qwen,wp_0187,0.008766413028514917
qwen/wp_0188,qwen,wp_0188,0.0042878577304775
qwen/wp_0189,qwen,wp_0189,0.01044665176065639
qwen/wp_0190,qwen,wp_0190,0.0027713307379269208
qwen/wp_0191,qwen,wp_0191,0.02315734002130656
qwen/wp_0192,qwen,wp_0192,0.00963053034477232
qwen/wp_0193,qwen,wp_0193,0.007765705690945002
qwen/wp_0194,qwen,wp_0194,0.07669971376562618
qwen/wp_0195,qwen,wp_0195,0.010294523790593372
qwen/wp_0196,qwen,wp_0196,0.005856042364804005
qwen/wp_0197,qwen,wp_0197,0.006429932877952747
qwen/wp_0198,qwen,wp_0198,0.006413142906017853
qwen/wp_0199,qwen,wp_0199,0.010272593052134637
human/wp_0000,human,wp_0000,0.017367270277813047
human/wp_0001,human,wp_0001,0.027076430618249624
human/wp_0002,human,wp_0002,0.051830794507263224
human/wp_0003,human,wp_0003,0.005094384275315413
human/wp_0004,human,wp_0004,0.007873891165034034
human/wp_0005,human,wp_0005,0.007123706019344485
human/wp_0006,human,wp_0006,0.1509294183359566
human/wp_0007,human,wp_0007,0.049715531452222544
human/wp_0008,human,wp_0008,0.06017310411058257
human/wp_0009,human,wp_0009,0.08182161969297719
human/wp_0010,human,wp_0010,0.012888213381242032
human/wp_0011,human,wp_0011,0.055140923108260284
human/wp_0012,human,wp_0012,0.06481624562700702
human/wp_0013,human,wp_0013,0.012205831592824243
human/wp_0014,human,wp_0014,0.2846337380387862
human/wp_0015,human,wp_0015,0.024560060615728734
human/wp_0016,human,wp_0016,0.013570978275282936
human/wp_0017,human,wp_0017,0.039984529315144485
human/wp_0018,human,wp_0018,0.03576243947405768
human/wp_0019,human,wp_0019,0.02506848784971257
human/wp_0020,human,wp_0020,0.01932348489639686
human/wp_0021,human,wp_0021,0.01867352216757394
human/wp_0022,human,wp_0022,0.015321793078363148
human/wp_0023,human,wp_0023,0.019593251168252085
human/wp_0024,human,wp_0024,0.016898763269102085
human/wp_0025,human,wp_0025,0.03008046768461401
human/wp_0026,human,wp_0026,0.028262865878523367
human/wp_0027,human,wp_0027,0.16579534342786656
human/wp_0028,human,wp_0028,0.035775926787643554
human/wp_0029,human,wp_0029,0.023027145626667505
human/wp_0030,human,wp_0030,0.09867205949766453
human/wp_0031,human,wp_0031,0.009169933823412083
human/wp_0032,human,wp_0032,0.017879719165750343
human/wp_0033,human,wp_0033,0.047581064414617305
human/wp_0034,human,wp_0034,0.04041515374095049
human/wp_0035,human,wp_0035,0.06159301009274114
human/wp_0036,human,wp_0036,0.02644674182281795
human/wp_0037,human,wp_0037,0.053616211701444635
human/wp_0038,human,wp_0038,0.06266666117020098
human/wp_0039,human,wp_0039,0.09805849724682894
human/wp_0040,human,wp_0040,0.012725785176096988
human/wp_0041,human,wp_0041,0.0415529505654965
human/wp_0042,human,wp_0042,0.029859098684145394
human/wp_0043,human,wp_0043,0.06180776464085769
human/wp_0044,human,wp_0044,0.0065203079996094485
human/wp_0045,human,wp_0045,0.011545667038545948
human/wp_0046,human,wp_0046,0.09591108076050989
human/wp_0047,human,wp_0047,0.03357969533626572
human/wp_0048,human,wp_0048,0.011696096242118344
human/wp_0049,human,wp_0049,0.013211115364019822
human/wp_0050,human,wp_0050,0.049754546490146226
human/wp_0051,human,wp_0051,0.048215490807781286
human/wp_0052,human,wp_0052,0.01876807886932661
human/wp_0053,human,wp_0053,0.025665023761274292
human/wp_0054,human,wp_0054,0.03442231120819995
human/wp_0055,human,wp_0055,0.04263740709202607
human/wp_0056,human,wp_0056,0.010833904963052633
human/wp_0057,human,wp_0057,0.05673212968896193
human/wp_0058,human,wp_0058,0.06659016758364211
human/wp_0059,human,wp_0059,0.040276758137627745
human/wp_0060,human,wp_0060,0.051134612335644154
human/wp_0061,human,wp_0061,0.008737063736064143
human/wp_0062,human,wp_0062,0.01585914344533192
human/wp_0063,human,wp_0063,0.021162693287455125
human/wp_0064,human,wp_0064,0.01813095481231244
human/wp_0065,human,wp_0065,0.011659356543019101
human/wp_0066,human,wp_0066,0.05339485251078592
human/wp_0067,human,wp_0067,0.048346577726361514
human/wp_0068,human,wp_0068,0.042611026078855405
human/wp_0069,human,wp_0069,0.04837166815410318
human/wp_0070,human,wp_0070,0.02111002281848301
human/wp_0071,human,wp_0071,0.007378303050439187
human/wp_0072,human,wp_0072,0.025325971174314246
human/wp_0073,human,wp_0073,0.017910444395963655
human/wp_0074,human,wp_0074,0.009576754116357226
human/wp_0075,human,wp_0075,0.022034764154154902
human/wp_0076,human,wp_0076,0.026429882342965998
human/wp_0077,human,wp_0077,0.019820365726391922
human/wp_0078,human,wp_0078,0.019483679817247614
human/wp_0079,human,wp_0079,0.11318238376092596
human/wp_0080,human,wp_0080,0.027038946931399063
human/wp_0081,human,wp_0081,0.01619946826317928
human/wp_0082,human,wp_0082,0.050101471132233136
human/wp_0083,human,wp_0083,0.018697819686811
human/wp_0084,human,wp_0084,0.05219805830245214
human/wp_0085,human,wp_0085,0.1035293335292852
human/wp_0086,human,wp_0086,0.031716023996305735
human/wp_0087,human,wp_0087,0.03464363584555623
human/wp_0088,human,wp_0088,0.030925840520043858
human/wp_0089,human,wp_0089,0.04346543943428049
human/wp_0090,human,wp_0090,0.03096929377195115
human/wp_0091,human,wp_0091,0.09132899834325509
human/wp_0092,human,wp_0092,0.038442039464699915
human/wp_0093,human,wp_0093,0.050031434985367294
human/wp_0094,human,wp_0094,0.013608368365043384
human/wp_0095,human,wp_0095,0.07138502429589971
human/wp_0096,human,wp_0096,0.054409386915789185
human/wp_0097,human,wp_0097,0.03187185848245204
human/wp_0098,human,wp_0098,0.049935551645429954
human/wp_0099,human,wp_0099,0.029574758650123607
human/wp_0100,human,wp_0100,0.01831435272745234
human/wp_0101,human,wp_0101,0.06031077117523895
human/wp_0102,human,wp_0102,0.02432140798645761
human/wp_0103,human,wp_0103,0.02247708970134738
human/wp_0104,human,wp_0104,0.03639052057188642
human/wp_0105,human,wp_0105,0.03308435330049459
human/wp_0106,human,wp_0106,0.06677182013657307
human/wp_0107,human,wp_0107,0.025106863981412333
human/wp_0108,human,wp_0108,0.02196644073092955
human/wp_0109,human,wp_0109,0.018568616930336873
human/wp_0110,human,wp_0110,0.1101461486825034
human/wp_0111,human,wp_0111,0.029635887514994883
human/wp_0112,human,wp_0112,0.00972378689387821
human/wp_0113,human,wp_0113,0.03106905516907825
human/wp_0114,human,wp_0114,0.04614791550256038
human/wp_0115,human,wp_0115,0.021693175527362246
human/wp_0116,human,wp_0116,0.014952077147388953
human/wp_0117,human,wp_0117,0.091963662594118
human/wp_0118,human,wp_0118,0.030661920566596966
human/wp_0119,human,wp_0119,0.01913103087222695
human/wp_0120,human,wp_0120,0.15879935065466644
human/wp_0121,human,wp_0121,0.04851201704382892
human/wp_0122,human,wp_0122,0.008959394538753855
human/wp_0123,human,wp_0123,0.01183235944347336
human/wp_0124,human,wp_0124,0.05126245537021481
human/wp_0125,human,wp_0125,0.03156254681901036
human/wp_0126,human,wp_0126,0.022519947404623618
human/wp_0127,human,wp_0127,0.030686595557596
human/wp_0128,human,wp_0128,0.05204471825604721
human/wp_0129,human,wp_0129,0.06441898524806403
human/wp_0130,human,wp_0130,0.013720438340200068
human/wp_0131,human,wp_0131,0.0752116845520946
human/wp_0132,human,wp_0132,0.045644643902965784
human/wp_0133,human,wp_0133,0.043556449095908736
human/wp_0134,human,wp_0134,0.04451058533920404
human/wp_0135,human,wp_0135,0.021737341337474562
human/wp_0136,human,wp_0136,0.05242569796299739
human/wp_0137,human,wp_0137,0.09470843853046432
human/wp_0138,human,wp_0138,0.0272728816482923
human/wp_0139,human,wp_0139,0.05757163533470691
human/wp_0140,human,wp_0140,0.015065380828632267
human/wp_0141,human,wp_0141,0.02790164228135477
human/wp_0142,human,wp_0142,0.33203141812911763
human/wp_0143,human,wp_0143,0.26586513377890325
human/wp_0144,human,wp_0144,0.008527579740527003
human/wp_0145,human,wp_0145,0.06522664701028365
human/wp_0146,human,wp_0146,0.04915543395812308
human/wp_0147,human,wp_0147,0.07185632225689759
human/wp_0148,human,wp_0148,0.2575743548243987
human/wp_0149,human,wp_0149,0.03073175722375906
human/wp_0150,human,wp_0150,0.014340550050945255
human/wp_0151,human,wp_0151,0.0567904149896926
human/wp_0152,human,wp_0152,0.13115598492271957
human/wp_0153,human,wp_0153,0.051399696162153286
human/wp_0154,human,wp_0154,0.005574100470690449
human/wp_0155,human,wp_0155,0.02020306989858677
human/wp_0156,human,wp_0156,0.08733783510818585
human/wp_0157,human,wp_0157,0.1036267284518639
human/wp_0158,human,wp_0158,0.015870106702507117
human/wp_0159,human,wp_0159,0.019901944269387226
human/wp_0160,human,wp_0160,0.07272463184524904
human/wp_0161,human,wp_0161,0.016449333673384234
human/wp_0162,human,wp_0162,0.07486336310086758
human/wp_0163,human,wp_0163,0.011733496668151041
human/wp_0164,human,wp_0164,0.011660372946487293
human/wp_0165,human,wp_0165,0.05017689182856798
human/wp_0166,human,wp_0166,0.03746013821588728
human/wp_0167,human,wp_0167,0.01318762321773988
human/wp_0168,human,wp_0168,0.036655932908439944
human/wp_0169,human,wp_0169,0.027249102152030365
human/wp_0170,human,wp_0170,0.17104576075730238
human/wp_0171,human,wp_0171,0.016499979766333904
human/wp_0172,human,wp_0172,0.043787478452395
human/wp_0173,human,wp_0173,0.04110480657613362
human/wp_0174,human,wp_0174,0.0318821286443889
human/wp_0175,human,wp_0175,0.05711248921595412
human/wp_0176,human,wp_0176,0.11677270803107093
human/wp_0177,human,wp_0177,0.04141945628873355
human/wp_0178,human,wp_0178,0.030448223281064536
human/wp_0179,human,wp_0179,0.0356959609862558
human/wp_0180,human,wp_0180,0.06637144978650203
human/wp_0181,human,wp_0181,0.007889285261138503
human/wp_0182,human,wp_0182,0.046811795343654865
human/wp_0183,human,wp_0183,0.034832229874419335
human/wp_0184,human,wp_0184,0.017227302970780407
human/wp_0185,human,wp_0185,0.02595354507018749
human/wp_0186,human,wp_0186,0.19250154617021198
human/wp_0187,human,wp_0187,0.0173978838372255
human/wp_0188,human,wp_0188,0.024310228322693642
human/wp_0189,human,wp_0189,0.03333983502448057
human/wp_0190,human,wp_0190,0.042415772733786716
human/wp_0191,human,wp_0191,0.042524878075586824
human/wp_0192,human,wp_0192,0.03987286633641245
human/wp_0193,human,wp_0193,0.01577992593828804
human/wp_0194,human,wp_0194,0.05776300141901594
human/wp_0195,human,wp_0195,0.017585298175415275
human/wp_0196,human,wp_0196,0.014237383865838695
human/wp_0197,human,wp_0197,0.04104121714526822
human/wp_0198,human,wp_0198,0.1329226562179729
human/wp_0199,human,wp_0199,0.10874294610537857
