group_id,model_key,prompt_id,D_syn
gemma/wp_0000,gemma,wp_0000,0.3572345935587126
gemma/wp_0001,gemma,wp_0001,0.37105985391708957
gemma/wp_0002,gemma,wp_0002,0.35228054114087604
gemma/wp_0003,gemma,wp_0003,0.3366056630605712
gemma/wp_0004,gemma,wp_0004,0.3692566077205345
gemma/wp_0005,gemma,wp_0005,0.38284496275943175
gemma/wp_0006,gemma,wp_0006,0.33338952329008353
gemma/wp_0007,gemma,wp_0007,0.36619710432162844
gemma/wp_0008,gemma,wp_0008,0.42684164019300364
gemma/wp_0009,gemma,wp_0009,0.3812587361816203
gemma/wp_0010,gemma,wp_0010,0.3424977613899453
gemma/wp_0011,gemma,wp_0011,0.3479760762002027
gemma/wp_0012,gemma,wp_0012,0.34553100302245626
gemma/wp_0013,gemma,wp_0013,0.3014747119149255
gemma/wp_0014,gemma,wp_0014,0.3809954131920473
gemma/wp_0015,gemma,wp_0015,0.3463497874683658
gemma/wp_0016,gemma,wp_0016,0.3758662763680162
gemma/wp_0017,gemma,wp_0017,0.3568129307302823
gemma/wp_0018,gemma,wp_0018,0.4320998820331413
gemma/wp_0019,gemma,wp_0019,0.3613132065329933
gemma/wp_0020,gemma,wp_0020,0.3334343949750239
gemma/wp_0021,gemma,wp_0021,0.35000589182439745
gemma/wp_0022,gemma,wp_0022,0.3433571216033553
gemma/wp_0023,gemma,wp_0023,0.382709988313739
gemma/wp_0024,gemma,wp_0024,0.3389401218447819
gemma/wp_0025,gemma,wp_0025,0.3499865923420195
gemma/wp_0026,gemma,wp_0026,0.3393828399063457
gemma/wp_0027,gemma,wp_0027,0.35352362728810566
gemma/wp_0028,gemma,wp_0028,0.3923769337149421
gemma/wp_0029,gemma,wp_0029,0.3892869020401582
gemma/wp_0030,gemma,wp_0030,0.36542783304786175
gemma/wp_0031,gemma,wp_0031,0.3737280873913614
gemma/wp_0032,gemma,wp_0032,0.3122640004405244
gemma/wp_0033,gemma,wp_0033,0.37858148075008774
gemma/wp_0034,gemma,wp_0034,0.37514399523255637
gemma/wp_0035,gemma,wp_0035,0.37707167941699454
gemma/wp_0036,gemma,wp_0036,0.33594891356087603
gemma/wp_0037,gemma,wp_0037,0.4135195931106779
gemma/wp_0038,gemma,wp_0038,0.3444514031996089
gemma/wp_0039,gemma,wp_0039,0.33779963401454044
gemma/wp_0040,gemma,wp_0040,0.388276272846488
gemma/wp_0041,gemma,wp_0041,0.31399305101995456
gemma/wp_0042,gemma,wp_0042,0.36226831392175274
gemma/wp_0043,gemma,wp_0043,0.33930339814636545
gemma/wp_0044,gemma,wp_0044,0.3125752458224226
gemma/wp_0045,gemma,wp_0045,0.3750360621372229
gemma/wp_0046,gemma,wp_0046,0.3666609144259896
gemma/wp_0047,gemma,wp_0047,0.3503756996317816
gemma/wp_0048,gemma,wp_0048,0.3527038357414129
gemma/wp_0049,gemma,wp_0049,0.40284869931176515
gemma/wp_0050,gemma,wp_0050,0.3767035521477715
gemma/wp_0051,gemma,wp_0051,0.29368145278350294
gemma/wp_0052,gemma,wp_0052,0.3379409140219358
gemma/wp_0053,gemma,wp_0053,0.3416165065656377
gemma/wp_0054,gemma,wp_0054,0.3619304695617701
gemma/wp_0055,gemma,wp_0055,0.32860294000403584
gemma/wp_0056,gemma,wp_0056,0.3782821962580977
gemma/wp_0057,gemma,wp_0057,0.39143248940265807
gemma/wp_0058,gemma,wp_0058,0.3180471600223807
gemma/wp_0059,gemma,wp_0059,0.38168841066608006
gemma/wp_0060,gemma,wp_0060,0.39323809767209594
gemma/wp_0061,gemma,wp_0061,0.3723400718621567
gemma/wp_0062,gemma,wp_0062,0.331490194814734
gemma/wp_0063,gemma,wp_0063,0.38137041293820517
gemma/wp_0064,gemma,wp_0064,0.35992512474297234
gemma/wp_0065,gemma,wp_0065,0.42329431834874043
gemma/wp_0066,gemma,wp_0066,0.40689225702732895
gemma/wp_0067,gemma,wp_0067,0.3095642599746045
gemma/wp_0068,gemma,wp_0068,0.3456008972999347
gemma/wp_0069,gemma,wp_0069,0.3549215919301929
gemma/wp_0070,gemma,wp_0070,0.42374849968117506
gemma/wp_0071,gemma,wp_0071,0.3705092724842413
gemma/wp_0072,gemma,wp_0072,0.39357677700279103
gemma/wp_0073,gemma,wp_0073,0.3681927862407
gemma/wp_0074,gemma,wp_0074,0.38376426709273376
gemma/wp_0075,gemma,wp_0075,0.3359449532846998
gemma/wp_0076,gemma,wp_0076,0.3071682714275582
gemma/wp_0077,gemma,wp_0077,0.3754498945364658
gemma/wp_0078,gemma,wp_0078,0.3231236942663148
gemma/wp_0079,gemma,wp_0079,0.3646812644048407
gemma/wp_0080,gemma,wp_0080,0.328114002624383
gemma/wp_0081,gemma,wp_0081,0.398524214991747
gemma/wp_0082,gemma,wp_0082,0.383322735775954
gemma/wp_0083,gemma,wp_0083,0.3322103678713474
gemma/wp_0084,gemma,wp_0084,0.3831053961625028
gemma/wp_0085,gemma,wp_0085,0.3801087654538394
gemma/wp_0086,gemma,wp_0086,0.32465773999828007
gemma/wp_0087,gemma,wp_0087,0.36059904599248543
gemma/wp_0088,gemma,wp_0088,0.3101352317455749
gemma/wp_0089,gemma,wp_0089,0.33161669429363033
gemma/wp_0090,gemma,wp_0090,0.4239889758118293
gemma/wp_0091,gemma,wp_0091,0.3567074416753634
gemma/wp_0092,gemma,wp_0092,0.3430647186260179
gemma/wp_0093,gemma,wp_0093,0.41079835117981756
gemma/wp_0094,gemma,wp_0094,0.34930718039175385
gemma/wp_0095,gemma,wp_0095,0.37371593846549256
gemma/wp_0096,gemma,wp_0096,0.3815826974734112
gemma/wp_0097,gemma,wp_0097,0.3547913041477067
gemma/wp_0098,gemma,wp_0098,0.31315473220506135
gemma/wp_0099,gemma,wp_0099,0.33188198291355575
gemma/wp_0100,gemma,wp_0100,0.3155522721380253
gemma/wp_0101,gemma,wp_0101,0.35593420941630505
gemma/wp_0102,gemma,wp_0102,0.3410229444633298
gemma/wp_0103,gemma,wp_0103,0.38323552929915566
gemma/wp_0104,gemma,wp_0104,0.3319713767426834
gemma/wp_0105,gemma,wp_0105,0.357515975724365
gemma/wp_0106,gemma,wp_0106,0.35223078749080655
gemma/wp_0107,gemma,wp_0107,0.34808078095056366
gemma/wp_0108,gemma,wp_0108,0.3325693201136419
gemma/wp_0109,gemma,wp_0109,0.35372904860725074
gemma/wp_0110,gemma,wp_0110,0.337881049075113
gemma/wp_0111,gemma,wp_0111,0.33372633159374654
gemma/wp_0112,gemma,wp_0112,0.3757791383837229
gemma/wp_0113,gemma,wp_0113,0.3655513669676228
gemma/wp_0114,gemma,wp_0114,0.3453974850436771
gemma/wp_0115,gemma,wp_0115,0.3368113111870699
gemma/wp_0116,gemma,wp_0116,0.3769647342559098
gemma/wp_0117,gemma,wp_0117,0.409259079666154
gemma/wp_0118,gemma,wp_0118,0.32933780442967175
gemma/wp_0119,gemma,wp_0119,0.3479692479188867
gemma/wp_0120,gemma,wp_0120,0.35766236645639915
gemma/wp_0121,gemma,wp_0121,0.35990300766522404
gemma/wp_0122,gemma,wp_0122,0.3456038747474564
gemma/wp_0123,gemma,wp_0123,0.3434357517753715
gemma/wp_0124,gemma,wp_0124,0.47521625599392303
gemma/wp_0125,gemma,wp_0125,0.3333819709732622
gemma/wp_0126,gemma,wp_0126,0.40212751169510474
gemma/wp_0127,gemma,wp_0127,0.3440232830632911
gemma/wp_0128,gemma,wp_0128,0.44668444997102974
gemma/wp_0129,gemma,wp_0129,0.41960350187731416
gemma/wp_0130,gemma,wp_0130,0.41496077725713076
gemma/wp_0131,gemma,wp_0131,0.35728474838587343
gemma/wp_0132,gemma,wp_0132,0.3848347114194829
gemma/wp_0133,gemma,wp_0133,0.36640327636715614
gemma/wp_0134,gemma,wp_0134,0.3489474440353662
gemma/wp_0135,gemma,wp_0135,0.3551603907506485
gemma/wp_0136,gemma,wp_0136,0.36852654285821335
gemma/wp_0137,gemma,wp_0137,0.35166158435939593
gemma/wp_0138,gemma,wp_0138,0.38463296438152095
gemma/wp_0139,gemma,wp_0139,0.35433004339833607
gemma/wp_0140,gemma,wp_0140,0.3764520483496402
gemma/wp_0141,gemma,wp_0141,0.3854219243682258
gemma/wp_0142,gemma,wp_0142,0.3466942239065677
gemma/wp_0143,gemma,wp_0143,0.3422685969166791
gemma/wp_0144,gemma,wp_0144,0.3289895304506477
gemma/wp_0145,gemma,wp_0145,0.3379564465585963
gemma/wp_0146,gemma,wp_0146,0.38081239954907853
gemma/wp_0147,gemma,wp_0147,0.38832987688295084
gemma/wp_0148,gemma,wp_0148,0.3672076218715762
gemma/wp_0149,gemma,wp_0149,0.3537417605158343
gemma/wp_0150,gemma,wp_0150,0.3824178844395432
gemma/wp_0151,gemma,wp_0151,0.3652642284582477
gemma/wp_0152,gemma,wp_0152,0.4064708094026611
gemma/wp_0153,gemma,wp_0153,0.30545634852372283
gemma/wp_0154,gemma,wp_0154,0.3375526289473076
gemma/wp_0155,gemma,wp_0155,0.33564932158978283
gemma/wp_0156,gemma,wp_0156,0.33554557761741405
gemma/wp_0157,gemma,wp_0157,0.3363333435713785
gemma/wp_0158,gemma,wp_0158,0.3660064314819738
gemma/wp_0159,gemma,wp_0159,0.3479666781884078
gemma/wp_0160,gemma,wp_0160,0.3298245901436897
gemma/wp_0161,gemma,wp_0161,0.34920410890197173
gemma/wp_0162,gemma,wp_0162,0.3589761824865484
gemma/wp_0163,gemma,wp_0163,0.354867105690746
gemma/wp_0164,gemma,wp_0164,0.3528107760413317
gemma/wp_0165,gemma,wp_0165,0.34604160432100783
gemma/wp_0166,gemma,wp_0166,0.3751841372136903
gemma/wp_0167,gemma,wp_0167,0.3668507671855878
gemma/wp_0168,gemma,wp_0168,0.3673723949498986
gemma/wp_0169,gemma,wp_0169,0.37478332150528537
gemma/wp_0170,gemma,wp_0170,0.39161985997094495
gemma/wp_0171,gemma,wp_0171,0.34964173562620526
gemma/wp_0172,gemma,wp_0172,0.374081542252865
gemma/wp_0173,gemma,wp_0173,0.40902866730020493
gemma/wp_0174,gemma,wp_0174,0.305184299564157
gemma/wp_0175,gemma,wp_0175,0.3848922794730455
gemma/wp_0176,gemma,wp_0176,0.38140199639642897
gemma/wp_0177,gemma,wp_0177,0.3720937309349341
gemma/wp_0178,gemma,wp_0178,0.35956424604408666
gemma/wp_0179,gemma,wp_0179,0.33919240593369737
gemma/wp_0180,gemma,wp_0180,0.41097907351296364
gemma/wp_0181,gemma,wp_0181,0.3830227104881743
gemma/wp_0182,gemma,wp_0182,0.3567923433657203
gemma/wp_0183,gemma,wp_0183,0.34588950714715583
gemma/wp_0184,gemma,wp_0184,0.35885304480636615
gemma/wp_0185,gemma,wp_0185,0.3505392215479401
gemma/wp_0186,gemma,wp_0186,0.37297519188615924
gemma/wp_0187,gemma,wp_0187,0.3442053991837769
gemma/wp_0188,gemma,wp_0188,0.3506853045064321
gemma/wp_0189,gemma,wp_0189,0.37008141625380836
gemma/wp_0190,gemma,wp_0190,0.31882628383771977
gemma/wp_0191,gemma,wp_0191,0.39012376400071686
gemma/wp_0192,gemma,wp_0192,0.35564935092725886
gemma/wp_0193,gemma,wp_0193,0.3542601090861736
gemma/wp_0194,gemma,wp_0194,0.5306813658940064
gemma/wp_0195,gemma,wp_0195,0.39204812349504825
gemma/wp_0196,gemma,wp_0196,0.39098275715719333
gemma/wp_0197,gemma,wp_0197,0.40771375436242724
gemma/wp_0198,gemma,wp_0198,0.3573516577593997
gemma/wp_0199,gemma,wp_0199,0.36724178035989896
llama/wp_0000,llama,wp_0000,0.34655748011887155
llama/wp_0001,llama,wp_0001,0.3687861580010443
llama/wp_0002,llama,wp_0002,0.36912933557939953
llama/wp_0003,llama,wp_0003,0.3695318873950864
llama/wp_0004,llama,wp_0004,0.292151035981441
llama/wp_0005,llama,wp_0005,0.34394480066920685
llama/wp_0006,llama,wp_0006,0.294991432661429
llama/wp_0007,llama,wp_0007,0.4001778295315743
llama/wp_0008,llama,wp_0008,0.39794636921462273
llama/wp_0009,llama,wp_0009,0.3898739027877749
llama/wp_0010,llama,wp_0010,0.2822171334815251
llama/wp_0011,llama,wp_0011,0.36722835040369683
llama/wp_0012,llama,wp_0012,0.3799000119511293
llama/wp_0013,llama,wp_0013,0.35050236688737435
llama/wp_0014,llama,wp_0014,0.36049957822298906
llama/wp_0015,llama,wp_0015,0.3827608708285464
llama/wp_0016,llama,wp_0016,0.34837549414550595
llama/wp_0017,llama,wp_0017,0.49361239588871164
llama/wp_0018,llama,wp_0018,0.35655769243578816
llama/wp_0019,llama,wp_0019,0.3714976713935647
llama/wp_0020,llama,wp_0020,0.3678660478333452
llama/wp_0021,llama,wp_0021,0.35700780585798475
llama/wp_0022,llama,wp_0022,0.33013896297585504
llama/wp_0023,llama,wp_0023,0.32535687871815766
llama/wp_0024,llama,wp_0024,0.3583170987015812
llama/wp_0025,llama,wp_0025,0.34056741524720124
llama/wp_0026,llama,wp_0026,0.4048186398885793
llama/wp_0027,llama,wp_0027,0.36978922003691517
llama/wp_0028,llama,wp_0028,0.39938194617280787
llama/wp_0029,llama,wp_0029,0.34061785079948015
llama/wp_0030,llama,wp_0030,0.34509329025645485
llama/wp_0031,llama,wp_0031,0.34925430872946217
llama/wp_0032,llama,wp_0032,0.375204683332502
llama/wp_0033,llama,wp_0033,0.3583499581022462
llama/wp_0034,llama,wp_0034,0.3190249358955408
llama/wp_0035,llama,wp_0035,0.3879914020446865
llama/wp_0036,llama,wp_0036,0.3446347823611718
llama/wp_0037,llama,wp_0037,0.3710740255463493
llama/wp_0038,llama,wp_0038,0.406360220916675
llama/wp_0039,llama,wp_0039,0.3745868347084241
llama/wp_0040,llama,wp_0040,0.3587475025188077
llama/wp_0041,llama,wp_0041,0.34527433841679966
llama/wp_0042,llama,wp_0042,0.3349775786208862
llama/wp_0043,llama,wp_0043,0.36821822769397433
llama/wp_0044,llama,wp_0044,0.347942305274625
llama/wp_0045,llama,wp_0045,0.35957603453696907
llama/wp_0046,llama,wp_0046,0.33507778746800254
llama/wp_0047,llama,wp_0047,0.35338450014211675
llama/wp_0048,llama,wp_0048,0.39704155784169826
llama/wp_0049,llama,wp_0049,0.36850479437920886
llama/wp_0050,llama,wp_0050,0.33222051942916453
llama/wp_0051,llama,wp_0051,0.3404226529735237
llama/wp_0052,llama,wp_0052,0.3559235176623915
llama/wp_0053,llama,wp_0053,0.41246459867093155
llama/wp_0054,llama,wp_0054,0.3686957061226502
llama/wp_0055,llama,wp_0055,0.2948465353479407
llama/wp_0056,llama,wp_0056,0.3677217346848458
llama/wp_0057,llama,wp_0057,0.34811658437304766
llama/wp_0058,llama,wp_0058,0.36537786392508187
llama/wp_0059,llama,wp_0059,0.3506338242109869
llama/wp_0060,llama,wp_0060,0.38231500223169257
llama/wp_0061,llama,wp_0061,0.364809787255412
llama/wp_0062,llama,wp_0062,0.3252096835786191
llama/wp_0063,llama,wp_0063,0.3901271679915382
llama/wp_0064,llama,wp_0064,0.36967841462880946
llama/wp_0065,llama,wp_0065,0.34530800555401364
llama/wp_0066,llama,wp_0066,0.3560280979006337
llama/wp_0067,llama,wp_0067,0.3192224756717313
llama/wp_0068,llama,wp_0068,0.3243547057604911
llama/wp_0069,llama,wp_0069,0.3759528897061887
llama/wp_0070,llama,wp_0070,0.36628132785861967
llama/wp_0071,llama,wp_0071,0.32909975815358133
llama/wp_0072,llama,wp_0072,0.34098760078688606
llama/wp_0073,llama,wp_0073,0.36715360955588144
llama/wp_0074,llama,wp_0074,0.3756475036412041
llama/wp_0075,llama,wp_0075,0.33158629773790266
llama/wp_0076,llama,wp_0076,0.34620870565245315
llama/wp_0077,llama,wp_0077,0.3471995626358305
llama/wp_0078,llama,wp_0078,0.3960847682564486
llama/wp_0079,llama,wp_0079,0.35681758286149023
llama/wp_0080,llama,wp_0080,0.32536056685891185
llama/wp_0081,llama,wp_0081,0.37226030051552556
llama/wp_0082,llama,wp_0082,0.3490186938401762
llama/wp_0083,llama,wp_0083,0.36742713999277476
llama/wp_0084,llama,wp_0084,0.38605122567974115
llama/wp_0085,llama,wp_0085,0.3778049339618866
llama/wp_0086,llama,wp_0086,0.3387332903806143
llama/wp_0087,llama,wp_0087,0.35399121754801044
llama/wp_0088,llama,wp_0088,0.3497193559188244
llama/wp_0089,llama,wp_0089,0.38256104061489504
llama/wp_0090,llama,wp_0090,0.37502269513053527
llama/wp_0091,llama,wp_0091,0.37790717968565857
llama/wp_0092,llama,wp_0092,0.3604742370951527
llama/wp_0093,llama,wp_0093,0.39635711822732006
llama/wp_0094,llama,wp_0094,0.3673783140373893
llama/wp_0095,llama,wp_0095,0.37011667701805673
llama/wp_0096,llama,wp_0096,0.39831184960934973
llama/wp_0097,llama,wp_0097,0.36494396606100216
llama/wp_0098,llama,wp_0098,0.32521159523719445
llama/wp_0099,llama,wp_0099,0.4040699929331558
llama/wp_0100,llama,wp_0100,0.3718616822967654
llama/wp_0101,llama,wp_0101,0.3713684628016775
llama/wp_0102,llama,wp_0102,0.3953868540923979
llama/wp_0103,llama,wp_0103,0.41914440378678613
llama/wp_0104,llama,wp_0104,0.33970230132304835
llama/wp_0105,llama,wp_0105,0.3576375723347188
llama/wp_0106,llama,wp_0106,0.3400590402620266
llama/wp_0107,llama,wp_0107,0.31692278047795347
llama/wp_0108,llama,wp_0108,0.3305165680588892
llama/wp_0109,llama,wp_0109,0.3897931877583495
llama/wp_0110,llama,wp_0110,0.3626806085471143
llama/wp_0111,llama,wp_0111,0.3475066227600522
llama/wp_0112,llama,wp_0112,0.3581853617703626
llama/wp_0113,llama,wp_0113,0.3675660866300083
llama/wp_0114,llama,wp_0114,0.32487119976144935
llama/wp_0115,llama,wp_0115,0.33923953755904657
llama/wp_0116,llama,wp_0116,0.3675219915230977
llama/wp_0117,llama,wp_0117,0.38746375653010606
llama/wp_0118,llama,wp_0118,0.3615822244929993
llama/wp_0119,llama,wp_0119,0.3265436322747617
llama/wp_0120,llama,wp_0120,0.38036825766760696
llama/wp_0121,llama,wp_0121,0.39167206701710794
llama/wp_0122,llama,wp_0122,0.3516039583076495
llama/wp_0123,llama,wp_0123,0.33249043636930414
llama/wp_0124,llama,wp_0124,0.5504869246588798
llama/wp_0125,llama,wp_0125,0.39897451347887225
llama/wp_0126,llama,wp_0126,0.3822411774179522
llama/wp_0127,llama,wp_0127,0.343034046012143
llama/wp_0128,llama,wp_0128,0.40502575177433436
llama/wp_0129,llama,wp_0129,0.35576514534181125
llama/wp_0130,llama,wp_0130,0.3819309622010557
llama/wp_0131,llama,wp_0131,0.3502442957281281
llama/wp_0132,llama,wp_0132,0.33450927273344744
llama/wp_0133,llama,wp_0133,0.3711482564207364
llama/wp_0134,llama,wp_0134,0.3748165420063519
llama/wp_0135,llama,wp_0135,0.35799320477924995
llama/wp_0136,llama,wp_0136,0.40017478922476146
llama/wp_0137,llama,wp_0137,0.34402611689934914
llama/wp_0138,llama,wp_0138,0.3204566107061898
llama/wp_0139,llama,wp_0139,0.3504660355267423
llama/wp_0140,llama,wp_0140,0.3579846735791618
llama/wp_0141,llama,wp_0141,0.3896282042467103
llama/wp_0142,llama,wp_0142,0.3621627139039985
llama/wp_0143,llama,wp_0143,0.359223725515003
llama/wp_0144,llama,wp_0144,0.34839289919391425
llama/wp_0145,llama,wp_0145,0.3940844661021671
llama/wp_0146,llama,wp_0146,0.35366894245902836
llama/wp_0147,llama,wp_0147,0.37612277579667563
llama/wp_0148,llama,wp_0148,0.3890811649625904
llama/wp_0149,llama,wp_0149,0.3311033364458754
llama/wp_0150,llama,wp_0150,0.3588637970064773
llama/wp_0151,llama,wp_0151,0.3435092151939787
llama/wp_0152,llama,wp_0152,0.40012210002683835
llama/wp_0153,llama,wp_0153,0.3743342189776413
llama/wp_0154,llama,wp_0154,0.37704427168055077
llama/wp_0155,llama,wp_0155,0.30161839412726354
llama/wp_0156,llama,wp_0156,0.3387270044761773
llama/wp_0157,llama,wp_0157,0.39733475457485246
llama/wp_0158,llama,wp_0158,0.36412354552514686
llama/wp_0159,llama,wp_0159,0.32230150163139976
llama/wp_0160,llama,wp_0160,0.36386306392266965
llama/wp_0161,llama,wp_0161,0.3107959686846916
llama/wp_0162,llama,wp_0162,0.35687701088103674
llama/wp_0163,llama,wp_0163,0.3564025393145564
llama/wp_0164,llama,wp_0164,0.32448951167375606
llama/wp_0165,llama,wp_0165,0.3312393916823934
llama/wp_0166,llama,wp_0166,0.37485644665056234
llama/wp_0167,llama,wp_0167,0.3870872168657916
llama/wp_0168,llama,wp_0168,0.3474096585334959
llama/wp_0169,llama,wp_0169,0.3861441462887901
llama/wp_0170,llama,wp_0170,0.3934061358890078
llama/wp_0171,llama,wp_0171,0.37172445487925027
llama/wp_0172,llama,wp_0172,0.41236583701722934
llama/wp_0173,llama,wp_0173,0.3636098115582961
llama/wp_0174,llama,wp_0174,0.3760118082112429
llama/wp_0175,llama,wp_0175,0.370861739516035
llama/wp_0176,llama,wp_0176,0.37633747080909247
llama/wp_0177,llama,wp_0177,0.357397022175229
llama/wp_0178,llama,wp_0178,0.37130699270752193
llama/wp_0179,llama,wp_0179,0.3669484646777483
llama/wp_0180,llama,wp_0180,0.35197119887895
llama/wp_0181,llama,wp_0181,0.3941667151510468
llama/wp_0182,llama,wp_0182,0.37495214459488524
llama/wp_0183,llama,wp_0183,0.37999957077719715
llama/wp_0184,llama,wp_0184,0.34528567195578863
llama/wp_0185,llama,wp_0185,0.3889643351095652
llama/wp_0186,llama,wp_0186,0.3733121121596879
llama/wp_0187,llama,wp_0187,0.295772504805905
llama/wp_0188,llama,wp_0188,0.36940613557986535
llama/wp_0189,llama,wp_0189,0.36231984870041856
llama/wp_0190,llama,wp_0190,0.32349347677765816
llama/wp_0191,llama,wp_0191,0.3622729309659539
llama/wp_0192,llama,wp_0192,0.3603667371263903
llama/wp_0193,llama,wp_0193,0.3609895682341512
llama/wp_0194,llama,wp_0194,0.5555555555555556
llama/wp_0195,llama,wp_0195,0.32135416808895834
llama/wp_0196,llama,wp_0196,0.3649922959065283
llama/wp_0197,llama,wp_0197,0.35705276569197336
llama/wp_0198,llama,wp_0198,0.3569185083655073
llama/wp_0199,llama,wp_0199,0.38904016189467006
mistral/wp_0000,mistral,wp_0000,0.33298131111409063
mistral/wp_0001,mistral,wp_0001,0.38909423828507556
mistral/wp_0002,mistral,wp_0002,0.3628951423206984
mistral/wp_0003,mistral,wp_0003,0.3519540228836049
mistral/wp_0004,mistral,wp_0004,0.3345291264148966
mistral/wp_0005,mistral,wp_0005,0.34882047845952824
mistral/wp_0006,mistral,wp_0006,0.3244220677139069
mistral/wp_0007,mistral,wp_0007,0.3582795339838365
mistral/wp_0008,mistral,wp_0008,0.37089036917343715
mistral/wp_0009,mistral,wp_0009,0.38872383352759216
mistral/wp_0010,mistral,wp_0010,0.37565283652474096
mistral/wp_0011,mistral,wp_0011,0.3744122444886521
mistral/wp_0012,mistral,wp_0012,0.31200036411800675
mistral/wp_0013,mistral,wp_0013,0.40937616087425416
mistral/wp_0014,mistral,wp_0014,0.34943119278727075
mistral/wp_0015,mistral,wp_0015,0.3399774313020115
mistral/wp_0016,mistral,wp_0016,0.313547653256705
mistral/wp_0017,mistral,wp_0017,0.3433269467368658
mistral/wp_0018,mistral,wp_0018,0.4400128561873696
mistral/wp_0019,mistral,wp_0019,0.36450202384650127
mistral/wp_0020,mistral,wp_0020,0.32808640096641756
mistral/wp_0021,mistral,wp_0021,0.31981198751396345
mistral/wp_0022,mistral,wp_0022,0.38655048174106277
mistral/wp_0023,mistral,wp_0023,0.39861815517826704
mistral/wp_0024,mistral,wp_0024,0.3549710769900497
mistral/wp_0025,mistral,wp_0025,0.2978109806609254
mistral/wp_0026,mistral,wp_0026,0.3593353178014099
mistral/wp_0027,mistral,wp_0027,0.3544751355325867
mistral/wp_0028,mistral,wp_0028,0.3885607242134554
mistral/wp_0029,mistral,wp_0029,0.35257838276914466
mistral/wp_0030,mistral,wp_0030,0.370551073634081
mistral/wp_0031,mistral,wp_0031,0.3770411630838536
mistral/wp_0032,mistral,wp_0032,0.34701301085730574
mistral/wp_0033,mistral,wp_0033,0.3812618302125618
mistral/wp_0034,mistral,wp_0034,0.3939529318768443
mistral/wp_0035,mistral,wp_0035,0.38056065165048064
mistral/wp_0036,mistral,wp_0036,0.37411461284629555
mistral/wp_0037,mistral,wp_0037,0.3608032891877673
mistral/wp_0038,mistral,wp_0038,0.34999567329112785
mistral/wp_0039,mistral,wp_0039,0.3850584380563446
mistral/wp_0040,mistral,wp_0040,0.3545225963457175
mistral/wp_0041,mistral,wp_0041,0.3203917364742299
mistral/wp_0042,mistral,wp_0042,0.30948357919760483
mistral/wp_0043,mistral,wp_0043,0.3481030773922805
mistral/wp_0044,mistral,wp_0044,0.34982682050487146
mistral/wp_0045,mistral,wp_0045,0.31883495128436795
mistral/wp_0046,mistral,wp_0046,0.3363932496194429
mistral/wp_0047,mistral,wp_0047,0.35900338826184347
mistral/wp_0048,mistral,wp_0048,0.35580305514836463
mistral/wp_0049,mistral,wp_0049,0.3383350699880842
mistral/wp_0050,mistral,wp_0050,0.3348908071905603
mistral/wp_0051,mistral,wp_0051,0.35331096755068775
mistral/wp_0052,mistral,wp_0052,0.3745486705625865
mistral/wp_0053,mistral,wp_0053,0.3674752229999395
mistral/wp_0054,mistral,wp_0054,0.37421732399441393
mistral/wp_0055,mistral,wp_0055,0.3257621087817047
mistral/wp_0056,mistral,wp_0056,0.38747174516474125
mistral/wp_0057,mistral,wp_0057,0.3617991616641948
mistral/wp_0058,mistral,wp_0058,0.3244892728757736
mistral/wp_0059,mistral,wp_0059,0.3641835088423935
mistral/wp_0060,mistral,wp_0060,0.34605720687018415
mistral/wp_0061,mistral,wp_0061,0.362916779022563
mistral/wp_0062,mistral,wp_0062,0.3469225266537308
mistral/wp_0063,mistral,wp_0063,0.3276323468250656
mistral/wp_0064,mistral,wp_0064,0.39193118789428133
mistral/wp_0065,mistral,wp_0065,0.343512426911792
mistral/wp_0066,mistral,wp_0066,0.345436640654032
mistral/wp_0067,mistral,wp_0067,0.2901609772586491
mistral/wp_0068,mistral,wp_0068,0.33045586425338874
mistral/wp_0069,mistral,wp_0069,0.3583211037658129
mistral/wp_0070,mistral,wp_0070,0.38212784367588937
mistral/wp_0071,mistral,wp_0071,0.36299662852377446
mistral/wp_0072,mistral,wp_0072,0.3653552095642732
mistral/wp_0073,mistral,wp_0073,0.33025127220947076
mistral/wp_0074,mistral,wp_0074,0.3490186797490503
mistral/wp_0075,mistral,wp_0075,0.3952888691837408
mistral/wp_0076,mistral,wp_0076,0.387638620630517
mistral/wp_0077,mistral,wp_0077,0.42689645427432554
mistral/wp_0078,mistral,wp_0078,0.3643971021166548
mistral/wp_0079,mistral,wp_0079,0.4004260093740621
mistral/wp_0080,mistral,wp_0080,0.34611927045121416
mistral/wp_0081,mistral,wp_0081,0.4158661974868692
mistral/wp_0082,mistral,wp_0082,0.3023805162892151
mistral/wp_0083,mistral,wp_0083,0.35431293058952945
mistral/wp_0084,mistral,wp_0084,0.33516983222216024
mistral/wp_0085,mistral,wp_0085,0.36352443804600376
mistral/wp_0086,mistral,wp_0086,0.31879441549248994
mistral/wp_0087,mistral,wp_0087,0.39029086503285504
mistral/wp_0088,mistral,wp_0088,0.2934769110322398
mistral/wp_0089,mistral,wp_0089,0.3821686960651542
mistral/wp_0090,mistral,wp_0090,0.3410740895638508
mistral/wp_0091,mistral,wp_0091,0.3256255897690078
mistral/wp_0092,mistral,wp_0092,0.35311012150695975
mistral/wp_0093,mistral,wp_0093,0.38741479789689076
mistral/wp_0094,mistral,wp_0094,0.37454811331763527
mistral/wp_0095,mistral,wp_0095,0.38550111933700937
mistral/wp_0096,mistral,wp_0096,0.3827808318794549
mistral/wp_0097,mistral,wp_0097,0.3499090285641599
mistral/wp_0098,mistral,wp_0098,0.32771678559414574
mistral/wp_0099,mistral,wp_0099,0.3741960977335368
mistral/wp_0100,mistral,wp_0100,0.39095612520403394
mistral/wp_0101,mistral,wp_0101,0.3581358349867328
mistral/wp_0102,mistral,wp_0102,0.34952731931684083
mistral/wp_0103,mistral,wp_0103,0.36029286388138726
mistral/wp_0104,mistral,wp_0104,0.3327614407665346
mistral/wp_0105,mistral,wp_0105,0.339780844321378
mistral/wp_0106,mistral,wp_0106,0.27837449140565385
mistral/wp_0107,mistral,wp_0107,0.3303815101247304
mistral/wp_0108,mistral,wp_0108,0.39169253357192785
mistral/wp_0109,mistral,wp_0109,0.3431287112917195
mistral/wp_0110,mistral,wp_0110,0.3510339118915182
mistral/wp_0111,mistral,wp_0111,0.388953185044164
mistral/wp_0112,mistral,wp_0112,0.36422620621626917
mistral/wp_0113,mistral,wp_0113,0.38184825358391894
mistral/wp_0114,mistral,wp_0114,0.31646198638725886
mistral/wp_0115,mistral,wp_0115,0.3519813300197698
mistral/wp_0116,mistral,wp_0116,0.3970476651706611
mistral/wp_0117,mistral,wp_0117,0.35974398944015906
mistral/wp_0118,mistral,wp_0118,0.3657467566728009
mistral/wp_0119,mistral,wp_0119,0.3704935457056299
mistral/wp_0120,mistral,wp_0120,0.3363613529627052
mistral/wp_0121,mistral,wp_0121,0.3001909014495723
mistral/wp_0122,mistral,wp_0122,0.3855973157370542
mistral/wp_0123,mistral,wp_0123,0.3631756620326918
mistral/wp_0124,mistral,wp_0124,0.6039542640858431
mistral/wp_0125,mistral,wp_0125,0.34824018678601787
mistral/wp_0126,mistral,wp_0126,0.36533632772916
mistral/wp_0127,mistral,wp_0127,0.34630400879245565
mistral/wp_0128,mistral,wp_0128,0.43275039273745214
mistral/wp_0129,mistral,wp_0129,0.37500039146159647
mistral/wp_0130,mistral,wp_0130,0.34786825147499045
mistral/wp_0131,mistral,wp_0131,0.3719007599392881
mistral/wp_0132,mistral,wp_0132,0.3237674056503294
mistral/wp_0133,mistral,wp_0133,0.37089597609692454
mistral/wp_0134,mistral,wp_0134,0.32862783559236003
mistral/wp_0135,mistral,wp_0135,0.3539364058730479
mistral/wp_0136,mistral,wp_0136,0.3260018608375614
mistral/wp_0137,mistral,wp_0137,0.3671193697396515
mistral/wp_0138,mistral,wp_0138,0.348081165223607
mistral/wp_0139,mistral,wp_0139,0.3174215932730469
mistral/wp_0140,mistral,wp_0140,0.3424346112898454
mistral/wp_0141,mistral,wp_0141,0.34399037332835675
mistral/wp_0142,mistral,wp_0142,0.4418720566393559
mistral/wp_0143,mistral,wp_0143,0.3240859145970143
mistral/wp_0144,mistral,wp_0144,0.34888109826564284
mistral/wp_0145,mistral,wp_0145,0.34435582009036103
mistral/wp_0146,mistral,wp_0146,0.392038572899022
mistral/wp_0147,mistral,wp_0147,0.40190276110574585
mistral/wp_0148,mistral,wp_0148,0.36455710691494336
mistral/wp_0149,mistral,wp_0149,0.3337743336122513
mistral/wp_0150,mistral,wp_0150,0.34101273889245953
mistral/wp_0151,mistral,wp_0151,0.3727216750043839
mistral/wp_0152,mistral,wp_0152,0.4080378970258332
mistral/wp_0153,mistral,wp_0153,0.3775304019353034
mistral/wp_0154,mistral,wp_0154,0.33860570742004215
mistral/wp_0155,mistral,wp_0155,0.29999383168507604
mistral/wp_0156,mistral,wp_0156,0.37045959199384326
mistral/wp_0157,mistral,wp_0157,0.379104468112882
mistral/wp_0158,mistral,wp_0158,0.3992807232595824
mistral/wp_0159,mistral,wp_0159,0.34582218485512595
mistral/wp_0160,mistral,wp_0160,0.34264446064507437
mistral/wp_0161,mistral,wp_0161,0.3569600669712776
mistral/wp_0162,mistral,wp_0162,0.4222058483955947
mistral/wp_0163,mistral,wp_0163,0.3287161717096974
mistral/wp_0164,mistral,wp_0164,0.3501188041916543
mistral/wp_0165,mistral,wp_0165,0.34961265871940544
mistral/wp_0166,mistral,wp_0166,0.38854973467758763
mistral/wp_0167,mistral,wp_0167,0.3569643554030316
mistral/wp_0168,mistral,wp_0168,0.30617751458729014
mistral/wp_0169,mistral,wp_0169,0.3690891056364555
mistral/wp_0170,mistral,wp_0170,0.3324414700091213
mistral/wp_0171,mistral,wp_0171,0.34726844717615524
mistral/wp_0172,mistral,wp_0172,0.3723346462249508
mistral/wp_0173,mistral,wp_0173,0.32703551868845004
mistral/wp_0174,mistral,wp_0174,0.3366155036973389
mistral/wp_0175,mistral,wp_0175,0.3783732821822425
mistral/wp_0176,mistral,wp_0176,0.285648218733778
mistral/wp_0177,mistral,wp_0177,0.3452644323981837
mistral/wp_0178,mistral,wp_0178,0.31004620396346405
mistral/wp_0179,mistral,wp_0179,0.38270405035767496
mistral/wp_0180,mistral,wp_0180,0.4064679382463323
mistral/wp_0181,mistral,wp_0181,0.3608698502498562
mistral/wp_0182,mistral,wp_0182,0.37804430092646335
mistral/wp_0183,mistral,wp_0183,0.29520285864005175
mistral/wp_0184,mistral,wp_0184,0.35565406705351615
mistral/wp_0185,mistral,wp_0185,0.3801945710015409
mistral/wp_0186,mistral,wp_0186,0.2902034265726896
mistral/wp_0187,mistral,wp_0187,0.30304224236195276
mistral/wp_0188,mistral,wp_0188,0.29566779017480693
mistral/wp_0189,mistral,wp_0189,0.39876882063663416
mistral/wp_0190,mistral,wp_0190,0.36655372812002823
mistral/wp_0191,mistral,wp_0191,0.3755299962771624
mistral/wp_0192,mistral,wp_0192,0.3486616270867432
mistral/wp_0193,mistral,wp_0193,0.3039972933648295
mistral/wp_0194,mistral,wp_0194,0.38443770043305303
mistral/wp_0195,mistral,wp_0195,0.35416987506722103
mistral/wp_0196,mistral,wp_0196,0.27283293471700293
mistral/wp_0197,mistral,wp_0197,0.3528399165408172
mistral/wp_0198,mistral,wp_0198,0.34647035131800974
mistral/wp_0199,mistral,wp_0199,0.38487440337880574
qwen/wp_0000,qwen,wp_0000,0.33713563764933036
qwen/wp_0001,qwen,wp_0001,0.38290009014452664
qwen/wp_0002,qwen,wp_0002,0.3568038977123158
qwen/wp_0003,qwen,wp_0003,0.3303272051956306
qwen/wp_0004,qwen,wp_0004,0.35061496089786615
qwen/wp_0005,qwen,wp_0005,0.37024880026677
qwen/wp_0006,qwen,wp_0006,0.35846822008978063
qwen/wp_0007,qwen,wp_0007,0.35994741717808304
qwen/wp_0008,qwen,wp_0008,0.3865103177721235
qwen/wp_0009,qwen,wp_0009,0.34694416365045927
qwen/wp_0010,qwen,wp_0010,0.3431304028593941
qwen/wp_0011,qwen,wp_0011,0.3352202492385798
qwen/wp_0012,qwen,wp_0012,0.33356525071472903
qwen/wp_0013,qwen,wp_0013,0.3370731720827113
qwen/wp_0014,qwen,wp_0014,0.3311289909267184
qwen/wp_0015,qwen,wp_0015,0.384440541749116
qwen/wp_0016,qwen,wp_0016,0.36736034392878447
qwen/wp_0017,qwen,wp_0017,0.38818748881793613
qwen/wp_0018,qwen,wp_0018,0.426868409177941
qwen/wp_0019,qwen,wp_0019,0.369783208617209
qwen/wp_0020,qwen,wp_0020,0.32220602277681204
qwen/wp_0021,qwen,wp_0021,0.3475705713058661
qwen/wp_0022,qwen,wp_0022,0.31913909855285505
qwen/wp_0023,qwen,wp_0023,0.34799227627855
qwen/wp_0024,qwen,wp_0024,0.3371831401117657
qwen/wp_0025,qwen,wp_0025,0.3748736322231886
qwen/wp_0026,qwen,wp_0026,0.3663243375957241
qwen/wp_0027,qwen,wp_0027,0.3398383055013317
qwen/wp_0028,qwen,wp_0028,0.33362607652936555
qwen/wp_0029,qwen,wp_0029,0.36600760713223224
qwen/wp_0030,qwen,wp_0030,0.3303095588439403
qwen/wp_0031,qwen,wp_0031,0.3278198554405157
qwen/wp_0032,qwen,wp_0032,0.353413918719686
qwen/wp_0033,qwen,wp_0033,0.3518425957794394
qwen/wp_0034,qwen,wp_0034,0.4163861455734928
qwen/wp_0035,qwen,wp_0035,0.39314908126787956
qwen/wp_0036,qwen,wp_0036,0.3523722175687549
qwen/wp_0037,qwen,wp_0037,0.4222200042570602
qwen/wp_0038,qwen,wp_0038,0.38606151169254854
qwen/wp_0039,qwen,wp_0039,0.35950644713844665
qwen/wp_0040,qwen,wp_0040,0.36427753763180243
qwen/wp_0041,qwen,wp_0041,0.3346954970727458
qwen/wp_0042,qwen,wp_0042,0.380783214935474
qwen/wp_0043,qwen,wp_0043,0.29804189716457946
qwen/wp_0044,qwen,wp_0044,0.3258113069854069
qwen/wp_0045,qwen,wp_0045,0.3552637360076548
qwen/wp_0046,qwen,wp_0046,0.3114939461210076
qwen/wp_0047,qwen,wp_0047,0.37533962558239053
qwen/wp_0048,qwen,wp_0048,0.38207986340717065
qwen/wp_0049,qwen,wp_0049,0.3543817847753909
qwen/wp_0050,qwen,wp_0050,0.32157321994645616
qwen/wp_0051,qwen,wp_0051,0.3406556897957503
qwen/wp_0052,qwen,wp_0052,0.3520514158369578
qwen/wp_0053,qwen,wp_0053,0.3308210225102891
qwen/wp_0054,qwen,wp_0054,0.329421268657748
qwen/wp_0055,qwen,wp_0055,0.33648975425457195
qwen/wp_0056,qwen,wp_0056,0.3453849549036466
qwen/wp_0057,qwen,wp_0057,0.3478549067196289
qwen/wp_0058,qwen,wp_0058,0.3469960163639981
qwen/wp_0059,qwen,wp_0059,0.3344787555426017
qwen/wp_0060,qwen,wp_0060,0.4088120074526588
qwen/wp_0061,qwen,wp_0061,0.34594528518184686
qwen/wp_0062,qwen,wp_0062,0.3557557138412275
qwen/wp_0063,qwen,wp_0063,0.3624997645792067
qwen/wp_0064,qwen,wp_0064,0.3528810334127235
qwen/wp_0065,qwen,wp_0065,0.39296714851943004
qwen/wp_0066,qwen,wp_0066,0.3443353799673484
qwen/wp_0067,qwen,wp_0067,0.38211189068722023
qwen/wp_0068,qwen,wp_0068,0.30079605516754077
qwen/wp_0069,qwen,wp_0069,0.3886959832416912
qwen/wp_0070,qwen,wp_0070,0.36987851351459594
qwen/wp_0071,qwen,wp_0071,0.3805539762580807
qwen/wp_0072,qwen,wp_0072,0.34484768845929237
qwen/wp_0073,qwen,wp_0073,0.35862889647085916
qwen/wp_0074,qwen,wp_0074,0.33000686214208486
qwen/wp_0075,qwen,wp_0075,0.3142868420308713
qwen/wp_0076,qwen,wp_0076,0.38086084353238203
qwen/wp_0077,qwen,wp_0077,0.3715703215329755
qwen/wp_0078,qwen,wp_0078,0.35791640908484323
qwen/wp_0079,qwen,wp_0079,0.34439159970287125
qwen/wp_0080,qwen,wp_0080,0.3439730176236747
qwen/wp_0081,qwen,wp_0081,0.35815913114942977
qwen/wp_0082,qwen,wp_0082,0.31170177226210327
qwen/wp_0083,qwen,wp_0083,0.3473255631655948
qwen/wp_0084,qwen,wp_0084,0.40147485784914727
qwen/wp_0085,qwen,wp_0085,0.38004527007176164
qwen/wp_0086,qwen,wp_0086,0.321728365414354
qwen/wp_0087,qwen,wp_0087,0.33972802475666286
qwen/wp_0088,qwen,wp_0088,0.3547345621552747
qwen/wp_0089,qwen,wp_0089,0.3549288533883522
qwen/wp_0090,qwen,wp_0090,0.3892303057745327
qwen/wp_0091,qwen,wp_0091,0.3219963657700447
qwen/wp_0092,qwen,wp_0092,0.3445355625511309
qwen/wp_0093,qwen,wp_0093,0.3622069317714428
qwen/wp_0094,qwen,wp_0094,0.37017679202619486
qwen/wp_0095,qwen,wp_0095,0.3472323176496647
qwen/wp_0096,qwen,wp_0096,0.3904585352786644
qwen/wp_0097,qwen,wp_0097,0.3739429175734121
qwen/wp_0098,qwen,wp_0098,0.34301376762312374
qwen/wp_0099,qwen,wp_0099,0.3481938816167823
qwen/wp_0100,qwen,wp_0100,0.3504349999671782
qwen/wp_0101,qwen,wp_0101,0.3618322081429128
qwen/wp_0102,qwen,wp_0102,0.3504111220300504
qwen/wp_0103,qwen,wp_0103,0.3577709983716614
qwen/wp_0104,qwen,wp_0104,0.3299698134096295
qwen/wp_0105,qwen,wp_0105,0.3689271506661221
qwen/wp_0106,qwen,wp_0106,0.35632021083491344
qwen/wp_0107,qwen,wp_0107,0.26150985398101917
qwen/wp_0108,qwen,wp_0108,0.3489547527413314
qwen/wp_0109,qwen,wp_0109,0.3413656509398124
qwen/wp_0110,qwen,wp_0110,0.4154562928961427
qwen/wp_0111,qwen,wp_0111,0.3654284175832623
qwen/wp_0112,qwen,wp_0112,0.41011243446016665
qwen/wp_0113,qwen,wp_0113,0.3733858555308003
qwen/wp_0114,qwen,wp_0114,0.31196154442339213
qwen/wp_0115,qwen,wp_0115,0.3424529767655871
qwen/wp_0116,qwen,wp_0116,0.3946044946410156
qwen/wp_0117,qwen,wp_0117,0.35511862500266594
qwen/wp_0118,qwen,wp_0118,0.3884417848697122
qwen/wp_0119,qwen,wp_0119,0.3689642087441519
qwen/wp_0120,qwen,wp_0120,0.3479429911643205
qwen/wp_0121,qwen,wp_0121,0.36721414993533763
qwen/wp_0122,qwen,wp_0122,0.3230733801205119
qwen/wp_0123,qwen,wp_0123,0.2974104656166775
qwen/wp_0124,qwen,wp_0124,0.8072396494060662
qwen/wp_0125,qwen,wp_0125,0.38471321668005287
qwen/wp_0126,qwen,wp_0126,0.32679943364239045
qwen/wp_0127,qwen,wp_0127,0.36633128032978807
qwen/wp_0128,qwen,wp_0128,0.6063810376988392
qwen/wp_0129,qwen,wp_0129,0.3775191300432144
qwen/wp_0130,qwen,wp_0130,0.4007187837941153
qwen/wp_0131,qwen,wp_0131,0.3520385827837227
qwen/wp_0132,qwen,wp_0132,0.34416793270719115
qwen/wp_0133,qwen,wp_0133,0.3742902730391547
qwen/wp_0134,qwen,wp_0134,0.3359781741191484
qwen/wp_0135,qwen,wp_0135,0.3592821243948932
qwen/wp_0136,qwen,wp_0136,0.31182308577169787
qwen/wp_0137,qwen,wp_0137,0.38320806787276585
qwen/wp_0138,qwen,wp_0138,0.3373324480484155
qwen/wp_0139,qwen,wp_0139,0.3173137764095695
qwen/wp_0140,qwen,wp_0140,0.31438343979068295
qwen/wp_0141,qwen,wp_0141,0.3332109179596169
qwen/wp_0142,qwen,wp_0142,0.3894158006405668
qwen/wp_0143,qwen,wp_0143,0.3358753827517906
qwen/wp_0144,qwen,wp_0144,0.3484897646417028
qwen/wp_0145,qwen,wp_0145,0.331880528190387
qwen/wp_0146,qwen,wp_0146,0.3533006436249547
qwen/wp_0147,qwen,wp_0147,0.32102072391763464
qwen/wp_0148,qwen,wp_0148,0.3702707409636463
qwen/wp_0149,qwen,wp_0149,0.3677962075787987
qwen/wp_0150,qwen,wp_0150,0.3232806783332289
qwen/wp_0151,qwen,wp_0151,0.41030616189650376
qwen/wp_0152,qwen,wp_0152,0.44570985542414154
qwen/wp_0153,qwen,wp_0153,0.3248763495200495
qwen/wp_0154,qwen,wp_0154,0.34672426809599743
qwen/wp_0155,qwen,wp_0155,0.2966120480023812
qwen/wp_0156,qwen,wp_0156,0.33672755706948454
qwen/wp_0157,qwen,wp_0157,0.33417176325428827
qwen/wp_0158,qwen,wp_0158,0.34527258281053413
qwen/wp_0159,qwen,wp_0159,0.35503520963565066
qwen/wp_0160,qwen,wp_0160,0.3359425353278708
qwen/wp_0161,qwen,wp_0161,0.3523931928521212
qwen/wp_0162,qwen,wp_0162,0.34576917664176066
qwen/wp_0163,qwen,wp_0163,0.35027394982246385
qwen/wp_0164,qwen,wp_0164,0.3703159246417457
qwen/wp_0165,qwen,wp_0165,0.33280937375571784
qwen/wp_0166,qwen,wp_0166,0.5304953342511967
qwen/wp_0167,qwen,wp_0167,0.32556731725027244
qwen/wp_0168,qwen,wp_0168,0.33600885098571714
qwen/wp_0169,qwen,wp_0169,0.35643159483022313
qwen/wp_0170,qwen,wp_0170,0.3676414458627907
qwen/wp_0171,qwen,wp_0171,0.30861407464120055
qwen/wp_0172,qwen,wp_0172,0.3600018104235041
qwen/wp_0173,qwen,wp_0173,0.3674724698314681
qwen/wp_0174,qwen,wp_0174,0.34958115156648895
qwen/wp_0175,qwen,wp_0175,0.37244316774029285
qwen/wp_0176,qwen,wp_0176,0.3271503248456041
qwen/wp_0177,qwen,wp_0177,0.38310360706550783
qwen/wp_0178,qwen,wp_0178,0.3666465618280876
qwen/wp_0179,qwen,wp_0179,0.3384727374990175
qwen/wp_0180,qwen,wp_0180,0.35004404397201216
qwen/wp_0181,qwen,wp_0181,0.35809778907707085
qwen/wp_0182,qwen,wp_0182,0.3779052548683433
qwen/wp_0183,qwen,wp_0183,0.3603606331206272
qwen/wp_0184,qwen,wp_0184,0.3639123185908878
qwen/wp_0185,qwen,wp_0185,0.37797229299060653
qwen/wp_0186,qwen,wp_0186,0.35798606072962735
qwen/wp_0187,qwen,wp_0187,0.3277591810065775
qwen/wp_0188,qwen,wp_0188,0.351087572569357
qwen/wp_0189,qwen,wp_0189,0.37719221962142824
qwen/wp_0190,qwen,wp_0190,0.3479742591258101
qwen/wp_0191,qwen,wp_0191,0.3556070583095065
qwen/wp_0192,qwen,wp_0192,0.3623195219571188
qwen/wp_0193,qwen,wp_0193,0.33694517615103664
qwen/wp_0194,qwen,wp_0194,0.7637420520779211
qwen/wp_0195,qwen,wp_0195,0.3449777027986384
qwen/wp_0196,qwen,wp_0196,0.3667583445171541
qwen/wp_0197,qwen,wp_0197,0.3619459044336119
qwen/wp_0198,qwen,wp_0198,0.3413495633372836
qwen/wp_0199,qwen,wp_0199,0.38504385713354816
human/wp_0000,human,wp_0000,0.40913944753437936
human/wp_0001,human,wp_0001,0.44476130457711793
human/wp_0002,human,wp_0002,0.4488016494295821
human/wp_0003,human,wp_0003,0.38199495682890494
human/wp_0004,human,wp_0004,0.3651307309970344
human/wp_0005,human,wp_0005,0.46978077620608066
human/wp_0006,human,wp_0006,0.5018019016147941
human/wp_0007,human,wp_0007,0.5242124873123484
human/wp_0008,human,wp_0008,0.49803331639104825
human/wp_0009,human,wp_0009,0.49948171980573974
human/wp_0010,human,wp_0010,0.3524062511280932
human/wp_0011,human,wp_0011,0.4526623747330287
human/wp_0012,human,wp_0012,0.4359237948358861
human/wp_0013,human,wp_0013,0.37279767855200624
human/wp_0014,human,wp_0014,0.5735532391335589
human/wp_0015,human,wp_0015,0.45497074205298044
human/wp_0016,human,wp_0016,0.3970576507510978
human/wp_0017,human,wp_0017,0.4589180570538975
human/wp_0018,human,wp_0018,0.4424988285016477
human/wp_0019,human,wp_0019,0.4210800507498929
human/wp_0020,human,wp_0020,0.4531342995964601
human/wp_0021,human,wp_0021,0.4116291208879292
human/wp_0022,human,wp_0022,0.387390950496374
human/wp_0023,human,wp_0023,0.4469604850672416
human/wp_0024,human,wp_0024,0.4955260715901983
human/wp_0025,human,wp_0025,0.44682318859777803
human/wp_0026,human,wp_0026,0.39644830540258325
human/wp_0027,human,wp_0027,0.6548894852452611
human/wp_0028,human,wp_0028,0.47023058975345633
human/wp_0029,human,wp_0029,0.4179825161978991
human/wp_0030,human,wp_0030,0.4968865989226622
human/wp_0031,human,wp_0031,0.39737734771614835
human/wp_0032,human,wp_0032,0.46452765811915453
human/wp_0033,human,wp_0033,0.450388324183146
human/wp_0034,human,wp_0034,0.5544003225249231
human/wp_0035,human,wp_0035,0.5956365789590934
human/wp_0036,human,wp_0036,0.41372620668429005
human/wp_0037,human,wp_0037,0.553446948878634
human/wp_0038,human,wp_0038,0.5370529769054699
human/wp_0039,human,wp_0039,0.5361557502877242
human/wp_0040,human,wp_0040,0.37791230700545325
human/wp_0041,human,wp_0041,0.45359125596385824
human/wp_0042,human,wp_0042,0.44457554172319824
human/wp_0043,human,wp_0043,0.5319115570168117
human/wp_0044,human,wp_0044,0.3636363521073217
human/wp_0045,human,wp_0045,0.4382308581264046
human/wp_0046,human,wp_0046,0.5170785387560162
human/wp_0047,human,wp_0047,0.47774549529086735
human/wp_0048,human,wp_0048,0.4301736715369886
human/wp_0049,human,wp_0049,0.41472822170902923
human/wp_0050,human,wp_0050,0.41347675186594757
human/wp_0051,human,wp_0051,0.45303174338651103
human/wp_0052,human,wp_0052,0.4111926199917043
human/wp_0053,human,wp_0053,0.44024847601265316
human/wp_0054,human,wp_0054,0.5582128878959994
human/wp_0055,human,wp_0055,0.4786142369837926
human/wp_0056,human,wp_0056,0.36874309989174725
human/wp_0057,human,wp_0057,0.5060208975753011
human/wp_0058,human,wp_0058,0.5281298019674628
human/wp_0059,human,wp_0059,0.49427156716995285
human/wp_0060,human,wp_0060,0.530044996176419
human/wp_0061,human,wp_0061,0.38189927124661277
human/wp_0062,human,wp_0062,0.4349997082782113
human/wp_0063,human,wp_0063,0.4251228261019847
human/wp_0064,human,wp_0064,0.331902765193573
human/wp_0065,human,wp_0065,0.40331261783846895
human/wp_0066,human,wp_0066,0.4845512800115964
human/wp_0067,human,wp_0067,0.5247199304381486
human/wp_0068,human,wp_0068,0.45162218403942306
human/wp_0069,human,wp_0069,0.48326192169487336
human/wp_0070,human,wp_0070,0.4679898983362142
human/wp_0071,human,wp_0071,0.3886708190202457
human/wp_0072,human,wp_0072,0.441298413704075
human/wp_0073,human,wp_0073,0.47859169809515717
human/wp_0074,human,wp_0074,0.3900167128802574
human/wp_0075,human,wp_0075,0.4007788392752169
human/wp_0076,human,wp_0076,0.4432574308025492
human/wp_0077,human,wp_0077,0.43471031661443715
human/wp_0078,human,wp_0078,0.509821924599134
human/wp_0079,human,wp_0079,0.5169629755609798
human/wp_0080,human,wp_0080,0.45248780806421324
human/wp_0081,human,wp_0081,0.3905059676199153
human/wp_0082,human,wp_0082,0.489918213455924
human/wp_0083,human,wp_0083,0.4561442914728933
human/wp_0084,human,wp_0084,0.5610363826610817
human/wp_0085,human,wp_0085,0.5071362725042919
human/wp_0086,human,wp_0086,0.4724911796985257
human/wp_0087,human,wp_0087,0.4890191344399792
human/wp_0088,human,wp_0088,0.47856079413646446
human/wp_0089,human,wp_0089,0.4417445519357305
human/wp_0090,human,wp_0090,0.5296987799127206
human/wp_0091,human,wp_0091,0.49805164668849355
human/wp_0092,human,wp_0092,0.4255567585649055
human/wp_0093,human,wp_0093,0.5176723592253074
human/wp_0094,human,wp_0094,0.402506667477552
human/wp_0095,human,wp_0095,0.4781526916739168
human/wp_0096,human,wp_0096,0.5055073057938967
human/wp_0097,human,wp_0097,0.45448927870074096
human/wp_0098,human,wp_0098,0.4694034839144884
human/wp_0099,human,wp_0099,0.4444471941619179
human/wp_0100,human,wp_0100,0.46074799415030815
human/wp_0101,human,wp_0101,0.5033652269609694
human/wp_0102,human,wp_0102,0.4185243166284017
human/wp_0103,human,wp_0103,0.4140105502118902
human/wp_0104,human,wp_0104,0.5205742806721438
human/wp_0105,human,wp_0105,0.4972800990248917
human/wp_0106,human,wp_0106,0.44555149770173036
human/wp_0107,human,wp_0107,0.4348789854953693
human/wp_0108,human,wp_0108,0.377578269138383
human/wp_0109,human,wp_0109,0.49203253435519223
human/wp_0110,human,wp_0110,0.5211893520672908
human/wp_0111,human,wp_0111,0.48258457275271427
human/wp_0112,human,wp_0112,0.40588953776455083
human/wp_0113,human,wp_0113,0.42865460951667467
human/wp_0114,human,wp_0114,0.40529850656820426
human/wp_0115,human,wp_0115,0.4051539069619218
human/wp_0116,human,wp_0116,0.43088471668259426
human/wp_0117,human,wp_0117,0.5529045901775149
human/wp_0118,human,wp_0118,0.4525992474580301
human/wp_0119,human,wp_0119,0.3991167473653118
human/wp_0120,human,wp_0120,0.5537418009522407
human/wp_0121,human,wp_0121,0.4611013603613447
human/wp_0122,human,wp_0122,0.37022749913730413
human/wp_0123,human,wp_0123,0.43680700163170344
human/wp_0124,human,wp_0124,0.508284168019171
human/wp_0125,human,wp_0125,0.46594342871432454
human/wp_0126,human,wp_0126,0.4655127193014133
human/wp_0127,human,wp_0127,0.4668960668737586
human/wp_0128,human,wp_0128,0.49905888652197944
human/wp_0129,human,wp_0129,0.5481435028597209
human/wp_0130,human,wp_0130,0.3822487596665881
human/wp_0131,human,wp_0131,0.5345340991987382
human/wp_0132,human,wp_0132,0.5131451666370938
human/wp_0133,human,wp_0133,0.452208704876647
human/wp_0134,human,wp_0134,0.47703218657138236
human/wp_0135,human,wp_0135,0.41364164758709154
human/wp_0136,human,wp_0136,0.5548374394998248
human/wp_0137,human,wp_0137,0.4998573309379045
human/wp_0138,human,wp_0138,0.41385868721711505
human/wp_0139,human,wp_0139,0.5035707072707123
human/wp_0140,human,wp_0140,0.4125614456272477
human/wp_0141,human,wp_0141,0.4676574204378774
human/wp_0142,human,wp_0142,0.6092671361044675
human/wp_0143,human,wp_0143,0.43122494019160984
human/wp_0144,human,wp_0144,0.38340734434286045
human/wp_0145,human,wp_0145,0.39024901844249793
human/wp_0146,human,wp_0146,0.4512063369018414
human/wp_0147,human,wp_0147,0.47652184950274634
human/wp_0148,human,wp_0148,0.5164328595784426
human/wp_0149,human,wp_0149,0.4278527520831473
human/wp_0150,human,wp_0150,0.4307248677377526
human/wp_0151,human,wp_0151,0.5350088883798496
human/wp_0152,human,wp_0152,0.5618698419121066
human/wp_0153,human,wp_0153,0.5121766188859092
human/wp_0154,human,wp_0154,0.3431452853055069
human/wp_0155,human,wp_0155,0.45937272002693297
human/wp_0156,human,wp_0156,0.4559977614822349
human/wp_0157,human,wp_0157,0.5631425448688011
human/wp_0158,human,wp_0158,0.38852170567610733
human/wp_0159,human,wp_0159,0.4302894264231612
human/wp_0160,human,wp_0160,0.48063058122543667
human/wp_0161,human,wp_0161,0.4527863520019535
human/wp_0162,human,wp_0162,0.5218595645562523
human/wp_0163,human,wp_0163,0.4272219447074403
human/wp_0164,human,wp_0164,0.4033275024721553
human/wp_0165,human,wp_0165,0.454577582731137
human/wp_0166,human,wp_0166,0.4858107583176766
human/wp_0167,human,wp_0167,0.38197216549322077
human/wp_0168,human,wp_0168,0.4795964574985165
human/wp_0169,human,wp_0169,0.4646339062200915
human/wp_0170,human,wp_0170,0.5481741208463353
human/wp_0171,human,wp_0171,0.4242132091780353
human/wp_0172,human,wp_0172,0.5381623627725436
human/wp_0173,human,wp_0173,0.49362805785564523
human/wp_0174,human,wp_0174,0.4062625092323969
human/wp_0175,human,wp_0175,0.5669517628650685
human/wp_0176,human,wp_0176,0.4984980735305746
human/wp_0177,human,wp_0177,0.4378982647125623
human/wp_0178,human,wp_0178,0.4389785793562494
human/wp_0179,human,wp_0179,0.4187622207473498
human/wp_0180,human,wp_0180,0.5213114789180827
human/wp_0181,human,wp_0181,0.3998064119805682
human/wp_0182,human,wp_0182,0.5245701381586093
human/wp_0183,human,wp_0183,0.4679974064173349
human/wp_0184,human,wp_0184,0.40010109281856715
human/wp_0185,human,wp_0185,0.4674793208422046
human/wp_0186,human,wp_0186,0.5669534532688051
human/wp_0187,human,wp_0187,0.45165633521671616
human/wp_0188,human,wp_0188,0.4735128668352805
human/wp_0189,human,wp_0189,0.4635603695042702
human/wp_0190,human,wp_0190,0.4764085299977089
human/wp_0191,human,wp_0191,0.48339367980428455
human/wp_0192,human,wp_0192,0.41528498176125517
human/wp_0193,human,wp_0193,0.41142415975084135
human/wp_0194,human,wp_0194,0.5117332910019879
human/wp_0195,human,wp_0195,0.4295252408731945
human/wp_0196,human,wp_0196,0.4555773314969264
human/wp_0197,human,wp_0197,0.5056479999208856
human/wp_0198,human,wp_0198,0.5455138411683761
human/wp_0199,human,wp_0199,0.5254405990867823
