metric,source,model,n,unadj_mean_delta,adj_mean_delta,adj_ci_lo,adj_ci_hi,shift,length_coef,length_p
D_sem,gemma,Gemma-2-9B,199,-0.018835429144864108,-0.018016415823822924,-0.021784636140086792,-0.014248195507559056,0.0008190133210411836,8.483595265220595e-05,7.116823670547601e-08
D_sem,llama,Llama-3.1-8B,199,-0.021719798337874102,-0.021400878036821464,-0.025239404904851853,-0.017562351168791075,0.000318920301052638,8.483595265220595e-05,7.116823670547601e-08
D_sem,mistral,Mistral-7B-v0.3,199,-0.018567320596632644,-0.01925306260441567,-0.022817278482312336,-0.015688846726519007,-0.0006857420077830273,8.483595265220595e-05,7.116823670547601e-08
D_sem,qwen,Qwen2.5-7B,199,-0.013863242211653361,-0.014315433825964098,-0.017951239218283475,-0.01067962843364472,-0.00045219161431073705,8.483595265220595e-05,7.116823670547601e-08
D_lex,gemma,Gemma-2-9B,199,0.020273410258397576,0.020549490386887793,0.018766730636157736,0.02233225013761785,0.00027608012849021646,2.859724024883462e-05,0.0004289948476126703
D_lex,llama,Llama-3.1-8B,199,0.011928891961498423,0.012036396388387126,0.009980019247090436,0.014092773529683815,0.00010750442688870279,2.859724024883462e-05,0.0004289948476126703
D_lex,mistral,Mistral-7B-v0.3,199,0.01450592006619992,0.014274764190274474,0.012251407658197457,0.01629812072235149,-0.000231155875925447,2.859724024883462e-05,0.0004289948476126703
D_lex,qwen,Qwen2.5-7B,199,0.01135940757666887,0.011206978897215386,0.009227725799499634,0.013186231994931139,-0.00015242867945348439,2.859724024883462e-05,0.0004289948476126703
D_syn,gemma,Gemma-2-9B,199,-0.008142186340457502,-0.008054887230191867,-0.013727366658331339,-0.002382407802052397,8.729911026563418e-05,9.042713952026936e-06,0.7513878196113635
D_syn,llama,Llama-3.1-8B,199,-0.012054200164422416,-0.012020206262476905,-0.01853282355727735,-0.005507588967676461,3.399390194551086e-05,9.042713952026936e-06,0.7513878196113635
D_syn,mistral,Mistral-7B-v0.3,199,-0.005953877390048239,-0.0060269710328660665,-0.012041105318136184,-1.2836747595948265e-05,-7.309364281782738e-05,9.042713952026936e-06,0.7513878196113635
D_syn,qwen,Qwen2.5-7B,199,-0.017830661519017927,-0.017878860888411233,-0.024898765236049128,-0.010858956540773339,-4.819936939330638e-05,9.042713952026936e-06,0.7513878196113635
D_disc,gemma,Gemma-2-9B,199,-0.014344299198742387,-0.014360676539065689,-0.017865487755986655,-0.010855865322144723,-1.6377340323302236e-05,-1.6964159587424664e-06,0.947668080047814
D_disc,llama,Llama-3.1-8B,199,-0.01372599352363391,-0.013732370790245033,-0.018094750924577255,-0.009369990655912812,-6.377266611123922e-06,-1.6964159587424664e-06,0.947668080047814
D_disc,mistral,Mistral-7B-v0.3,199,-0.013950957743767632,-0.013937245353569666,-0.017405893198153655,-0.010468597508985676,1.3712390197966745e-05,-1.6964159587424664e-06,0.947668080047814
D_disc,qwen,Qwen2.5-7B,199,-0.013661420350188094,-0.013652378133451614,-0.01712770339282401,-0.010177052874079216,9.04221673648023e-06,-1.6964159587424664e-06,0.947668080047814
D_narr,gemma,Gemma-2-9B,197,0.04017889539796829,0.03020809054805317,-0.026068585993201204,0.08648476708930754,-0.00997080484991512,-0.0010669682600451078,4.5956161071800014e-05
D_narr,llama,Llama-3.1-8B,197,0.17671397201572275,0.17264057695928622,0.11096875143326711,0.23431240248530533,-0.0040733950564365295,-0.0010669682600451078,4.5956161071800014e-05
D_narr,mistral,Mistral-7B-v0.3,197,0.5625514037247095,0.5713555031546369,0.49877071584253974,0.6439402904667341,0.008804099429927437,-0.0010669682600451078,4.5956161071800014e-05
D_narr,qwen,Qwen2.5-7B,197,0.27095826399656975,0.2761983644729941,0.21131642726634142,0.3410803016796468,0.00524010047642437,-0.0010669682600451078,4.5956161071800014e-05
D_style,gemma,Gemma-2-9B,199,0.02726551514791548,0.02652044182941339,0.013240715637516224,0.03980016802131056,-0.0007450733185020882,-7.717701671873926e-05,0.21057878453804513
D_style,llama,Llama-3.1-8B,199,0.01080583196171584,0.01051570358292356,-0.0020538631807598615,0.02308527034660698,-0.00029012837879228114,-7.717701671873926e-05,0.21057878453804513
D_style,mistral,Mistral-7B-v0.3,199,0.034296448063271694,0.03492028171804748,0.020483156898696557,0.0493574065373984,0.0006238336547757864,-7.717701671873926e-05,0.21057878453804513
D_style,qwen,Qwen2.5-7B,199,0.022152872172279632,0.022564240214798182,0.008237865228063036,0.036890615201533326,0.00041136804251854994,-7.717701671873926e-05,0.21057878453804513
