metric,source,pairing,mean,std,count
D_disc,gemma,human-model,0.0318093139381656,0.05410056673726524,4845
D_disc,gemma,model-model,0.008833203812519685,0.008076265529470376,2000
D_disc,human,human-human,0.0452875865864401,0.06848109494042379,1889
D_disc,llama,human-model,0.0316179406058253,0.051659252998703026,4809
D_disc,llama,model-model,0.010133651637320438,0.007239775647182216,1977
D_disc,mistral,human-model,0.032470946266729916,0.04788685033678042,4770
D_disc,mistral,model-model,0.011249562637600224,0.009161863772651515,1940
D_disc,qwen,human-model,0.032304564235306935,0.05078143820204831,4789
D_disc,qwen,model-model,0.010987700719144896,0.01057475156640864,1954
D_lex,gemma,human-model,0.9168054519581158,0.017483370164132567,4975
D_lex,gemma,model-model,0.8674114120699493,0.023794369605208865,2000
D_lex,human,human-human,0.8965320416997182,0.025069893316091132,1990
D_lex,llama,human-model,0.9082282526247426,0.021699141964503028,4955
D_lex,llama,model-model,0.8506639922881656,0.036453364874730866,1987
D_lex,mistral,human-model,0.9110595477766457,0.019989438726415818,4900
D_lex,mistral,model-model,0.8447640609930273,0.027624520787667764,1940
D_lex,qwen,human-model,0.9077771063960292,0.021719727860658927,4935
D_lex,qwen,model-model,0.8595958845893013,0.02524270468233707,1968
D_narr,gemma,human-model,2.684823409014833,0.7409005949930182,4705
D_narr,gemma,model-model,2.274663668937118,0.6024626414744056,2000
D_narr,human,human-human,2.6230637273444524,0.7881207154285559,1795
D_narr,llama,human-model,2.815833804121701,0.7493364438043028,4666
D_narr,llama,model-model,2.3048493025546817,0.6324466938399725,1977
D_narr,mistral,human-model,3.215349490652382,0.7622113190275694,4633
D_narr,mistral,model-model,2.016731840987044,0.6797945764948086,1936
D_narr,qwen,human-model,2.9152544878538866,0.7704198408019007,4643
D_narr,qwen,model-model,2.137916170101024,0.6289126261481326,1947
D_sem,gemma,human-model,0.24620112993010324,0.06948565200795373,4975
D_sem,gemma,model-model,0.12855076432228088,0.055848504447392026,2000
D_sem,human,human-human,0.26503655907496737,0.06821239310906205,1990
D_sem,llama,human-model,0.24258301188317846,0.07286990395630123,4955
D_sem,llama,model-model,0.12408775829104965,0.05843870286958077,1987
D_sem,mistral,human-model,0.24656449968717536,0.07052993919783777,4900
D_sem,mistral,model-model,0.11171794195765072,0.05314054384286039,1940
D_sem,qwen,human-model,0.25103358514644697,0.07062620943486518,4935
D_sem,qwen,model-model,0.13558609989600454,0.05880659935387132,1968
D_style,gemma,human-model,0.5737638880340149,0.1693374870840715,4965
D_style,gemma,model-model,0.2631962262192309,0.11044926280865909,2000
D_style,human,human-human,0.5462657670608966,0.18816749418464274,1982
D_style,llama,human-model,0.5558242513530548,0.18172253059304141,4925
D_style,llama,model-model,0.2869667739411843,0.11866743600740444,1977
D_style,mistral,human-model,0.5812435025392364,0.19016221244022058,4890
D_style,mistral,model-model,0.28248514784005163,0.126526255904956,1940
D_style,qwen,human-model,0.5665580876633085,0.18173626987690722,4895
D_style,qwen,model-model,0.29204753224575986,0.12532429972801745,1951
D_syn,gemma,human-model,0.4548205034082106,0.061795744895445974,4975
D_syn,gemma,model-model,0.36223969581144627,0.04759996887770636,2000
D_syn,human,human-human,0.46296268974866817,0.08378848029690857,1990
D_syn,llama,human-model,0.4500770234265719,0.06940410373982778,4955
D_syn,llama,model-model,0.36220851939341125,0.050780898186480454,1987
D_syn,mistral,human-model,0.45718731258083717,0.06643440674090925,4900
D_syn,mistral,model-model,0.3569904906297037,0.051275871439409725,1940
D_syn,qwen,human-model,0.4448100193834253,0.07932942895603991,4935
D_syn,qwen,model-model,0.359830837838721,0.06631449232049795,1968
