source,position,mean_sentiment,std_sentiment
human,1,-0.0716283941928748,0.5754544940359352
human,2,-0.07280725715550572,0.5858637150059035
human,3,-0.12039627632675359,0.6133408182792702
human,4,-0.1389465151013291,0.6346793788810159
human,5,-0.1961671314066309,0.6401681815539065
human,6,-0.15263016239343552,0.6818301312886388
human,7,-0.20622412448624586,0.6417180057230341
human,8,-0.12794457761107325,0.6767672630962499
human,9,-0.19592073620720715,0.6960155039052728
human,10,-0.12487802539982572,0.7264029296964937
llama,1,-0.06487926106065345,0.6292367207722538
llama,2,-0.0413687227603795,0.6365723011063982
llama,3,-0.07095920210308516,0.6307338665996322
llama,4,-0.06641615603447985,0.6605221270228444
llama,5,-0.13936753310331684,0.6623596507052955
llama,6,-0.06901414097274657,0.7021424308547215
llama,7,-0.19801844957598655,0.6750793723097307
llama,8,-0.12438171321016206,0.7280238656716421
llama,9,-0.10743328741020064,0.7464147941254055
llama,10,-0.038618027605442945,0.7580647931273349
mistral,1,-0.017728022620166498,0.6290784587732923
mistral,2,-0.00922886828097893,0.6457248128985735
mistral,3,-0.07410449309104178,0.6215838195662152
mistral,4,-0.12796872355530756,0.6407047649037163
mistral,5,-0.14683313317666175,0.6541175393410468
mistral,6,-0.135731658893896,0.6727888855568599
mistral,7,-0.12439874642404047,0.6847944300181097
mistral,8,-0.14250717744379182,0.7231086577186112
mistral,9,-0.1089237591519218,0.7292131045565692
mistral,10,-0.014422570215902902,0.7393234889007942
qwen,1,-0.02311415655416126,0.6372303770242657
qwen,2,0.036478258818511904,0.6586604753724367
qwen,3,-0.08665413352223944,0.6675043744271063
qwen,4,-0.10940864495558368,0.6601400394494811
qwen,5,-0.1361171648407645,0.6667478455164028
qwen,6,-0.006745122415774152,0.7195756858199174
qwen,7,-0.180846983891441,0.7292704090051416
qwen,8,-0.17710129235302452,0.7330699639780552
qwen,9,-0.09819234996459854,0.777097571499339
qwen,10,-0.08606669192377221,0.7780334501264148
gemma,1,0.015712305370845402,0.6345032135932964
gemma,2,0.010574478411539037,0.671819858837087
gemma,3,-0.01867207509520123,0.6631146219688207
gemma,4,-0.09655321548313142,0.6715217788541802
gemma,5,-0.1648938656203822,0.6863199045571997
gemma,6,-0.026819678371093204,0.7322810231925845
gemma,7,-0.19256545975034414,0.6978730866334437
gemma,8,-0.17174712062461187,0.7660659130111697
gemma,9,-0.11921692238736736,0.8032074100427671
gemma,10,-0.020159256853866072,0.797835462933737
