prompt_id,source,n_texts,D_style
0,gemma,5,0.5609655046722446
0,human,6,0.6899034090618434
0,llama,5,0.5939524147362387
0,mistral,5,0.32726511349291776
0,qwen,5,0.48125185879842064
1,gemma,5,0.5786613991713505
1,human,10,0.5543348474673417
1,llama,5,0.4513104438723106
1,mistral,5,0.5704489416463275
1,qwen,5,0.5465259626158651
2,gemma,5,0.6294327026198466
2,human,12,0.6033551017877976
2,llama,5,0.6265242485389965
2,mistral,5,0.627979485103965
2,qwen,5,0.6011692588175632
3,gemma,5,0.5512837927449747
3,human,5,0.6266972441716796
3,llama,5,0.5123143943499373
3,mistral,5,0.5857289236426538
3,qwen,5,0.5676328587109437
4,gemma,5,0.45376630428893444
4,human,18,0.26937594427372896
4,llama,5,0.43823948439266547
4,mistral,5,0.4770298159337074
4,qwen,5,0.4282706140790289
5,gemma,5,0.5418224272780574
5,human,5,0.4948634132442096
5,llama,5,0.5491839270122236
5,mistral,5,0.545959594898224
5,qwen,5,0.6388446571711945
6,gemma,5,0.5084801613243146
6,human,12,0.39688629997921304
6,llama,5,0.4167067663140053
6,mistral,5,0.23247628442267976
6,qwen,5,0.4699169613455647
7,gemma,5,0.42429381659168697
7,human,29,0.3747949441930521
7,llama,5,0.37318570249027494
7,mistral,5,0.3201549641003051
7,qwen,5,0.27552950084922156
8,gemma,5,0.45656527567603017
8,human,5,0.6087306075506601
8,llama,5,0.43979079758774225
8,mistral,4,0.5980361473583292
8,qwen,5,0.5756594052460964
9,gemma,5,0.48206847120420193
9,human,7,0.4742139024178028
9,llama,5,0.5988482310650821
9,mistral,5,0.2726142433920681
9,qwen,5,0.40908483040405996
10,gemma,5,0.6170976204150691
10,human,23,0.36987713220112656
10,llama,5,0.6301926382094217
10,mistral,5,0.7272955128886895
10,qwen,5,0.5396684582478293
11,gemma,5,0.4222994652687137
11,human,7,0.4024045950822273
11,llama,5,0.25349723665123336
11,mistral,5,0.30577311486399755
11,qwen,5,0.2695959525131302
12,gemma,5,0.4148955226162485
12,human,6,0.5705555452395492
12,llama,5,0.22517853062000245
12,mistral,4,0.3414136399138008
12,qwen,5,0.2890171800449193
13,gemma,5,0.4289417489410482
13,human,8,0.4118604207470199
13,llama,5,0.37194961251340936
13,mistral,5,0.4979025985912139
13,qwen,5,0.10946570483794402
14,gemma,5,0.5632605544532604
14,human,5,0.823963709012279
14,llama,5,0.5031572594806977
14,mistral,5,0.6363714744840985
14,qwen,5,0.47470970927344713
15,gemma,5,0.4235096905577617
15,human,16,0.4777970940055092
15,llama,5,0.4505833029237455
15,mistral,5,0.5277549532989985
15,qwen,5,0.5335956170290856
16,gemma,5,0.5316763909628385
16,human,45,0.31226845582028556
16,llama,5,0.4473324113125376
16,mistral,4,0.527631404894734
16,qwen,5,0.5244370909204261
17,gemma,5,0.43904789231331
17,human,12,0.5520493989435065
17,mistral,5,0.506736604990875
17,qwen,5,0.687823493513801
18,gemma,5,0.8264578194289214
18,human,10,0.6247593421286055
18,llama,5,0.7726021800232936
18,mistral,5,0.7106468722101795
18,qwen,5,0.8088986882618683
19,gemma,5,0.48907017902019123
19,human,7,0.5666195245097669
19,llama,5,0.5117772543374085
19,mistral,5,0.4651963502832218
19,qwen,5,0.48677505342957794
20,gemma,5,0.4612200090470886
20,human,20,0.4446082937302736
20,llama,5,0.4924541792967839
20,mistral,5,0.502063406714145
20,qwen,5,0.5965790722952855
21,gemma,5,0.4881153631210837
21,human,5,0.43993650000681817
21,llama,5,0.656860723717878
21,mistral,5,0.6618407421023618
21,qwen,5,0.7590024077926767
22,gemma,5,0.50622381775016
22,human,5,0.5642475032182924
22,llama,5,0.47795566167267645
22,mistral,4,0.6885824836607736
22,qwen,5,0.4497781656102162
23,gemma,5,0.6073418423359509
23,human,6,0.4142610770153442
23,llama,5,0.530970531340726
23,mistral,5,0.5095736080906572
23,qwen,5,0.36023213428439826
24,gemma,5,0.44446718703999344
24,human,11,0.5420261493441019
24,llama,5,0.5051772641056065
24,mistral,5,0.4763809932763452
24,qwen,5,0.5115994168868621
25,gemma,5,0.4778031058659413
25,human,13,0.49027746530004757
25,llama,5,0.5916288834825344
25,mistral,5,0.5392166294660222
25,qwen,5,0.5404037484176553
26,gemma,5,0.5297003728890777
26,human,9,0.5539984179110202
26,llama,5,0.47952788423869785
26,mistral,5,0.4637195000326271
26,qwen,5,0.5736793644842102
27,gemma,5,0.48406994227496464
27,human,4,0.7723396354688656
27,llama,5,0.5509908496487076
27,mistral,5,0.32028576881610205
27,qwen,5,0.4582312173088423
28,gemma,5,0.5345152487095073
28,human,5,0.8946347500371743
28,llama,5,0.46337292782600903
28,mistral,5,0.48128259866805634
28,qwen,5,0.43212104262955153
29,gemma,5,0.5644326003104645
29,human,8,0.5506156159952896
29,llama,5,0.5138194145104686
29,mistral,5,0.4958613966486218
29,qwen,5,0.5560974462074102
30,gemma,5,0.5457940703805357
30,human,9,0.5769189315464709
30,llama,5,0.557829631136683
30,mistral,5,0.4288345217415654
30,qwen,5,0.6138435599981468
31,gemma,5,0.45543020748544805
31,human,12,0.24284113639987745
31,llama,5,0.461460489513478
31,mistral,5,0.08215303020316397
31,qwen,5,0.5320486400108978
32,gemma,5,0.47895158099775537
32,human,5,0.7374387145440529
32,llama,5,0.6201969474306064
32,mistral,5,0.5061591843309186
32,qwen,5,0.5280840549671977
33,gemma,5,0.4622569108516071
33,human,6,0.5668858578274623
33,llama,5,0.500638783414217
33,mistral,5,0.5375427311948477
33,qwen,5,0.5563936907648718
34,gemma,5,0.08584793167235859
34,human,5,0.6227692963088538
34,llama,5,0.04916134218216863
34,mistral,5,0.08270058781632686
34,qwen,5,0.05321324938109137
35,gemma,5,0.48929344932211394
35,human,34,0.402683388220794
35,llama,5,0.5332961862835067
35,mistral,5,0.4604001076298595
35,qwen,5,0.5548743193013292
36,gemma,5,0.5029258413779258
36,human,5,0.50274572543833
36,llama,5,0.46640048951419744
36,mistral,5,0.49274337367896603
36,qwen,5,0.4808479296820275
37,gemma,5,0.5844161686165785
37,human,10,0.5814131580553145
37,llama,5,0.5837893053326472
37,mistral,4,0.6409558523427211
37,qwen,5,0.4993114915899327
38,gemma,5,0.568740338134792
38,human,5,0.6092146477218131
38,llama,5,0.44151244893024044
38,mistral,4,0.3911123631996902
38,qwen,5,0.4368907921534475
39,gemma,5,0.5935301052916209
39,human,22,0.4614498612356993
39,llama,5,0.574251077905057
39,mistral,4,0.607306872810562
39,qwen,5,0.5537095966225731
40,gemma,5,0.5243163695658223
40,human,5,0.7306848251915934
40,llama,5,0.23674424251216214
40,mistral,5,0.47688886381294493
40,qwen,5,0.3513025077376315
41,gemma,5,0.526022649528618
41,human,7,0.6278672034987373
41,llama,5,0.45800114950307425
41,mistral,5,0.5343100958782115
41,qwen,5,0.4968775762626938
42,gemma,5,0.5575115558570582
42,human,33,0.4012637586359107
42,llama,5,0.5764213976668721
42,mistral,5,0.530877483862882
42,qwen,5,0.4609914765035079
43,gemma,5,0.44116924272335667
43,human,9,0.4914940713862711
43,llama,5,0.45708267167523325
43,mistral,5,0.4348127260180247
43,qwen,5,0.4715634046772989
44,gemma,5,0.5747048109699404
44,human,5,0.6475466148405612
44,llama,5,0.5550638970644021
44,mistral,5,0.6373706298433959
44,qwen,5,0.5905812441478395
45,gemma,5,0.4400262474038767
45,human,10,0.5875841501321999
45,llama,5,0.6204884560775678
45,mistral,5,0.30239324519991456
45,qwen,5,0.6720830271126668
46,gemma,5,0.317381791210414
46,human,6,0.8164213470451873
46,llama,5,0.45361060761992233
46,mistral,5,0.22121923254072787
46,qwen,5,0.0764304242360336
47,gemma,5,0.4951890208577233
47,human,12,0.5504338603864427
47,llama,5,0.4951543009501697
47,mistral,4,0.8836510034400962
47,qwen,5,0.7249547690611513
48,gemma,5,0.6236911565242182
48,human,10,0.5419431893709605
48,llama,5,0.6544764889908448
48,mistral,5,0.5053574168213519
48,qwen,5,0.4925552819077822
49,gemma,5,0.32768928858581425
49,human,6,0.5053965225161766
49,llama,5,0.49946174515912023
49,mistral,5,0.2661652721431217
49,qwen,5,0.25858582663954255
50,gemma,5,0.5182893757282712
50,human,6,0.44647960068289355
50,llama,5,0.4550254107224422
50,mistral,5,0.13770446618924906
50,qwen,5,0.4353778019435476
51,gemma,5,0.5798321106139696
51,human,9,0.3260094333191042
51,llama,5,0.5426695118654967
51,mistral,5,0.511422962867196
51,qwen,5,0.5922094731366097
52,gemma,5,0.4570500118583284
52,human,10,0.32530343836853415
52,llama,5,0.5741787729113016
52,mistral,5,0.5117937063621614
52,qwen,5,0.629024345602307
53,gemma,5,0.5078412265204639
53,human,6,0.711932048968895
53,llama,5,0.5883722697674635
53,mistral,5,0.5601323582449778
53,qwen,5,0.47257696233805946
54,gemma,5,0.5926697030420154
54,human,5,0.8936943102042896
54,llama,5,0.11150118450870744
54,mistral,5,0.09515936361853956
54,qwen,5,0.5192035112479325
55,gemma,5,0.521444568763202
55,human,7,0.6546000828153093
55,llama,5,0.5641522135089371
55,mistral,5,0.47402651287238007
55,qwen,5,0.589667796837809
56,gemma,5,0.4872160894129165
56,human,11,0.4865743479984811
56,llama,5,0.49799226156334253
56,mistral,5,0.5015986332124902
56,qwen,5,0.4842940465382653
57,gemma,5,0.5352318271307862
57,human,7,0.5049207753207509
57,llama,5,0.5775934680153666
57,mistral,5,0.4352997218304887
57,qwen,5,0.43412152173737745
58,gemma,5,0.4803825868786965
58,human,14,0.6126914478022277
58,llama,5,0.5697433590242197
58,mistral,5,0.5231500697332028
58,qwen,5,0.5699631267093153
59,gemma,5,0.48617872036207893
59,human,6,0.4646406585677976
59,llama,5,0.49200903816784186
59,mistral,5,0.4846988493982399
59,qwen,4,0.6422320791030097
60,gemma,5,0.5037722874868318
60,human,7,0.5009943641292046
60,llama,5,0.5434881333806765
60,mistral,5,0.6013071069975859
60,qwen,5,0.4663892753620834
61,gemma,5,0.27754359870166145
61,human,6,0.6055167321709507
61,llama,5,0.47157262380902987
61,mistral,5,0.5178035730800904
61,qwen,5,0.4178778622095841
62,gemma,5,0.4895593515074443
62,human,8,0.525484946817976
62,llama,5,0.44662642640177086
62,mistral,4,0.574929141769347
62,qwen,5,0.5077141882445613
63,gemma,5,0.5434394871973018
63,human,8,0.5
63,llama,5,0.49887401959567174
63,mistral,5,0.4407664209265302
63,qwen,5,0.7680662127137514
64,gemma,5,0.5256918461026703
64,human,5,0.6412160073581377
64,llama,5,0.35781033524551986
64,mistral,5,0.751493840792198
64,qwen,5,0.5881912117253099
65,gemma,5,0.4555661483253323
65,human,6,0.598827578138001
65,llama,5,0.48876537945406884
65,mistral,5,0.47207194337689773
65,qwen,5,0.6142663299900266
66,gemma,5,0.40871449622102657
66,human,6,0.5475095946584714
66,llama,5,0.4893521730866478
66,mistral,5,0.47200660202592426
66,qwen,5,0.5133141716960148
67,gemma,5,0.4793616255782795
67,human,6,0.450171633477225
67,llama,5,0.45641486919377117
67,mistral,5,0.4053749372732969
67,qwen,4,0.7087347355960492
68,gemma,5,0.4671041233808712
68,human,9,0.5491352985545244
68,llama,5,0.4786315802011738
68,mistral,5,0.31078658272921406
68,qwen,5,0.47841161762794665
69,gemma,5,0.4628625936244885
69,human,5,0.6536889410163156
69,llama,5,0.458144167579523
69,mistral,5,0.5791199491048016
69,qwen,5,0.6612155375565223
70,gemma,5,0.471256481819978
70,human,18,0.5206221667711053
70,llama,5,0.2682408635644101
70,mistral,5,0.2447275825278608
70,qwen,5,0.48813814751868534
71,gemma,5,0.4632448884720455
71,human,5,0.5681412158910345
71,llama,5,0.5161992700821867
71,mistral,5,0.5624842978264515
71,qwen,5,0.570211487523979
72,gemma,5,0.5541970275315599
72,human,7,0.39404685575902504
72,llama,5,0.4757466879658118
72,mistral,5,0.49959150452455947
72,qwen,5,0.4680251272327335
73,gemma,5,0.5406461904822883
73,human,6,0.5386206812909397
73,llama,5,0.5205432038363689
73,mistral,5,0.57224618076263
73,qwen,5,0.6017521216715603
74,gemma,5,0.6098291812471597
74,human,21,0.3460975786930804
74,llama,5,0.7063533198911786
74,mistral,5,0.5868980878551162
74,qwen,5,0.6545307455447412
75,gemma,5,0.48596540322272586
75,human,10,0.401240551638059
75,llama,5,0.48500994375961515
75,mistral,5,0.6001394691611615
75,qwen,5,0.48043653731430364
76,gemma,5,0.5879527069767334
76,human,6,0.5027672766534524
76,llama,5,0.6228232786012773
76,mistral,5,0.4856876929546834
76,qwen,5,0.6365248028704689
77,gemma,5,0.5530652443719115
77,human,6,0.7789869180510393
77,llama,5,0.5667387076106766
77,mistral,5,0.43441396235447927
77,qwen,5,0.7343839185330806
78,gemma,5,0.6188067142960257
78,human,5,0.5310191480882795
78,llama,5,0.5341478312417547
78,mistral,5,0.5638068373431446
78,qwen,5,0.5176696146821521
79,gemma,5,0.6325901804794872
79,human,8,0.4849023906671676
79,llama,5,0.6401008575572231
79,mistral,5,0.26570091992915557
79,qwen,5,0.5998720359263288
80,gemma,5,0.50710330444243
80,human,5,0.5906893554678909
80,llama,5,0.43010918823108174
80,mistral,4,0.5517942549658073
80,qwen,5,0.4734053673664844
81,gemma,5,0.491422913250999
81,human,6,0.5415395278171431
81,llama,5,0.45050352134519733
81,mistral,5,0.5797930542976432
81,qwen,5,0.4760007931588426
82,gemma,5,0.689757092551845
82,human,16,0.5216340434283424
82,llama,5,0.5527849026117639
82,mistral,5,0.3259983379208149
82,qwen,5,0.3242561246136794
83,gemma,5,0.5157668303295652
83,human,9,0.5096497736203796
83,llama,5,0.4729865611938115
83,mistral,5,0.4783231881086258
83,qwen,5,0.43419824592507533
84,gemma,5,0.6282834792555438
84,human,14,0.539221353263748
84,llama,5,0.7220610663866687
84,mistral,5,0.5373265751190608
84,qwen,5,0.6559946781131041
85,gemma,5,0.6473773621511097
85,human,6,0.48636496795584216
85,llama,5,0.620303690717229
85,mistral,5,0.4948474287319015
85,qwen,5,0.50350993263758
86,gemma,5,0.47825680820794036
86,human,16,0.32879639948552575
86,llama,5,0.4806148496748025
86,mistral,5,0.43758855064964475
86,qwen,5,0.4758817209461244
87,gemma,5,0.47716349441576195
87,human,5,0.6021066225099752
87,llama,5,0.3000435014674251
87,mistral,5,0.534338272669937
87,qwen,5,0.4646620961480292
88,gemma,5,0.4637998969945767
88,human,5,0.545872342171529
88,llama,5,0.21852975479132186
88,mistral,5,0.4428725685078645
88,qwen,5,0.5272394835114893
89,gemma,5,0.45918211872974085
89,human,11,0.3267617906962044
89,llama,5,0.556334074156901
89,mistral,5,0.47572242252733654
89,qwen,5,0.5007135726740995
90,gemma,5,0.5573259069833362
90,human,5,0.8362097142014155
90,llama,5,0.6735743552574533
90,mistral,5,0.4452886888141066
90,qwen,5,0.41707718697237983
91,gemma,5,0.4948857999074575
91,human,6,0.613504689575658
91,llama,5,0.5092135387973027
91,mistral,5,0.2932419654844998
91,qwen,5,0.44719852708014785
92,gemma,5,0.5303832057893894
92,human,6,0.5421163246000842
92,llama,5,0.4667438345198936
92,mistral,5,0.5339005562743051
92,qwen,5,0.5690303151687692
93,gemma,5,0.5853909897159018
93,human,14,0.6074496723110536
93,llama,4,0.6635872017433184
93,mistral,5,0.2913067018642581
93,qwen,5,0.3361602237181536
94,gemma,5,0.5407952033673
94,human,6,0.521931340944971
94,llama,5,0.5151651453499828
94,mistral,5,0.5152502043084617
94,qwen,5,0.5117650099249798
95,gemma,5,0.5891412390948361
95,human,16,0.38601607849123243
95,llama,5,0.6223761196827496
95,mistral,5,0.31076297940522796
95,qwen,5,0.4658921723383983
96,gemma,5,0.5257829267269283
96,human,5,0.6823687654504866
96,llama,5,0.49190422242128895
96,mistral,5,0.11658065962423059
96,qwen,5,0.44177825603107235
97,gemma,5,0.4760113736682586
97,human,9,0.48045805493764676
97,llama,5,0.44165897844655727
97,mistral,5,0.10580855480275124
97,qwen,5,0.6035749210303667
98,gemma,5,0.4439172445918268
98,human,5,0.4701965560217158
98,llama,5,0.5852012986473224
98,mistral,5,0.3666088257405131
98,qwen,5,0.48818812848365034
99,gemma,5,0.38457576502122137
99,human,9,0.3639397784871619
99,llama,5,0.5077188649421369
99,mistral,5,0.1977305462325813
99,qwen,5,0.5028025950049959
100,gemma,5,0.4735015950856698
100,human,25,0.2990046848983637
100,llama,5,0.4780361318740928
100,mistral,5,0.09426707042764416
100,qwen,5,0.4111181470872606
101,gemma,5,0.5084129423402517
101,human,8,0.6012525212989506
101,llama,5,0.4730187238091503
101,mistral,5,0.43528854334778966
101,qwen,5,0.5932977722762701
102,gemma,5,0.4805541455223349
102,human,8,0.5212161800185195
102,llama,5,0.4758261830610658
102,mistral,5,0.5206281112655935
102,qwen,5,0.49857277779776177
103,gemma,5,0.45581711736903185
103,human,13,0.5628357490889606
103,llama,5,0.4346083506036938
103,mistral,5,0.2559515643304693
103,qwen,5,0.4662804429799773
104,gemma,5,0.5779442397749025
104,human,5,0.8330998140584602
104,llama,5,0.48518822033498127
104,mistral,5,0.2104773195042258
104,qwen,5,0.5854228530467923
105,gemma,5,0.5385149609842963
105,human,7,0.5341280115939975
105,llama,5,0.5844993540421892
105,mistral,5,0.5759736837186064
105,qwen,5,0.6337610743815998
106,gemma,5,0.5034653764374287
106,human,6,0.5292038571361832
106,llama,5,0.47536940087090607
106,mistral,5,0.31707732456834803
106,qwen,5,0.5316543401427973
107,gemma,5,0.4898059379956873
107,human,6,0.5600000794052156
107,llama,5,0.5224977315301661
107,mistral,5,0.48129454248690606
107,qwen,5,0.4938878197623149
108,gemma,5,0.4976957077095817
108,human,6,0.6719556820018895
108,llama,5,0.5553678805621685
108,mistral,5,0.5190795877045089
108,qwen,5,0.5192686851829789
109,gemma,5,0.6690434266469611
109,human,10,0.6409215736115599
109,llama,5,0.7140351127143207
109,mistral,5,0.5799923128081006
109,qwen,5,0.553582064718888
110,gemma,5,0.5278387357825972
110,human,7,0.6251405430866792
110,llama,5,0.5274481862655961
110,mistral,5,0.582388962350963
110,qwen,5,0.37489553724287494
111,gemma,5,0.47917376058384725
111,human,5,0.28468649689915687
111,llama,5,0.43364931011132335
111,mistral,5,0.5325319096068368
111,qwen,5,0.39714715330354544
112,gemma,5,0.4891916368693375
112,human,18,0.35889380603016696
112,llama,5,0.6005037788270207
112,mistral,5,0.39816614150565177
112,qwen,5,0.5471802452394565
113,gemma,5,0.49953488744433566
113,human,5,0.6001288285151942
113,llama,5,0.4901106273013438
113,mistral,5,0.4677510611209139
113,qwen,5,0.5245799270447233
114,gemma,5,0.48854843097797845
114,human,8,0.3186878431093491
114,llama,5,0.4641541463964854
114,mistral,5,0.4708646035825213
114,qwen,5,0.5035072220745861
115,gemma,5,0.5723236453819542
115,human,5,0.6309099327486488
115,llama,5,0.5354650223578412
115,mistral,5,0.4955892263936312
115,qwen,5,0.6512311455848754
116,gemma,5,0.502619157437572
116,human,5,0.40110967916726314
116,llama,5,0.48776883250088826
116,mistral,5,0.2527178929552957
116,qwen,5,0.4331085632037065
117,gemma,5,0.6143952762837475
117,human,5,0.6442240224699964
117,llama,5,0.5500731503758228
117,mistral,5,0.5039117048221444
117,qwen,5,0.4893008449930181
118,gemma,5,0.5631556706894482
118,human,9,0.47862624037558166
118,llama,5,0.44834047922062825
118,mistral,5,0.4702723091444957
118,qwen,5,0.6574075646460533
119,gemma,5,0.49310538236292834
119,human,29,0.29470814271733514
119,llama,5,0.46394473575486356
119,mistral,5,0.4482204767681896
119,qwen,5,0.47257118250554686
120,gemma,5,0.5121044023859099
120,human,21,0.46985365884867425
120,llama,5,0.44611672211202263
120,mistral,5,0.1863136831276782
120,qwen,5,0.5184208117009859
121,gemma,5,0.4741440171868361
121,human,17,0.25828712974409973
121,llama,5,0.48638777985337567
121,mistral,4,0.2946607455372312
121,qwen,5,0.510949599022546
122,gemma,5,0.5230560308198117
122,human,6,0.4658381227151658
122,llama,5,0.504083119379535
122,mistral,5,0.4490046239453135
122,qwen,5,0.5098160063003618
123,gemma,5,0.4719060726003075
123,human,6,0.49193591577447804
123,llama,5,0.39628744859424525
123,mistral,5,0.5069814520920455
123,qwen,5,0.5068947526009678
124,gemma,5,0.7923313928516933
124,human,6,0.6020856513905157
124,llama,5,0.5
124,mistral,5,0.6550680466813437
124,qwen,4,0.0
125,gemma,5,0.4439900510931603
125,human,25,0.3202781226736798
125,llama,5,0.5062595355660959
125,mistral,5,0.5192735823189245
125,qwen,5,0.5614113227634213
126,gemma,5,0.612251130592872
126,human,11,0.5162658798134081
126,llama,5,0.629616853518383
126,mistral,5,0.5454486461194713
126,qwen,5,0.60233679905361
127,gemma,5,0.5022284008148845
127,human,7,0.3451295714371482
127,llama,5,0.4896908717292394
127,mistral,5,0.45182970175378245
127,qwen,4,0.5484365536210621
128,gemma,5,0.7553705136617493
128,human,6,0.546495716846114
128,llama,5,0.6340704769415999
128,mistral,5,0.482912112652223
128,qwen,4,0.6188325286608469
129,gemma,5,0.11194614938600833
129,human,11,0.5058052332904882
129,llama,5,0.0574059440992217
129,mistral,5,0.06401218057024052
129,qwen,5,0.050105523438463716
130,gemma,5,0.5405816636700715
130,human,5,0.48915713104970804
130,llama,5,0.4751391777847159
130,mistral,5,0.31281282329265625
130,qwen,5,0.6861269679767981
131,gemma,5,0.5069439975900939
131,human,6,0.37204119091120286
131,llama,5,0.532213457168955
131,mistral,5,0.3892137667053244
131,qwen,5,0.6075021535222487
132,gemma,5,0.49731150377353084
132,human,6,0.7147885039624966
132,llama,5,0.4642883595499435
132,mistral,5,0.2595408449674937
132,qwen,5,0.44693871437183796
133,gemma,5,0.516654169528538
133,human,5,0.6410403240347566
133,llama,5,0.6326395499778499
133,mistral,5,0.5854081021163755
133,qwen,5,0.49336406110315467
134,gemma,5,0.4834616737931291
134,human,7,0.592159720350952
134,llama,5,0.45041064522018925
134,mistral,5,0.046931104103326154
134,qwen,5,0.47579338276187055
135,gemma,5,0.4876868069613871
135,human,5,0.4475807706424336
135,llama,5,0.5226667620516525
135,mistral,4,0.5215006701246261
135,qwen,5,0.5844991025396562
136,gemma,5,0.5524175883730695
136,human,5,0.6184868143952534
136,llama,5,0.4981481341756152
136,mistral,5,0.4978702670176792
136,qwen,5,0.5109710894033566
137,gemma,5,0.5824088104301065
137,human,5,0.70542909249738
137,llama,5,0.48986587717830476
137,mistral,5,0.456812200915008
137,qwen,5,0.4706480161263582
138,gemma,5,0.48916841144619255
138,human,5,0.8560997158990005
138,llama,5,0.49973041933428997
138,mistral,5,0.3956430783216891
138,qwen,5,0.4412971184943384
139,gemma,5,0.42791987757151667
139,human,5,0.5159066317468665
139,llama,5,0.5349837432816869
139,mistral,5,0.3838721607974983
139,qwen,5,0.4311854117812439
140,gemma,5,0.4864930467712808
140,human,6,0.39518081939506433
140,llama,5,0.514193744143585
140,mistral,5,0.23929032448461646
140,qwen,5,0.45599266745228395
141,gemma,5,0.5158830526769644
141,human,5,0.3712029964223934
141,llama,5,0.6671170675956772
141,mistral,5,0.4573142013206102
141,qwen,5,0.5428377984847726
142,gemma,5,0.4588457963581849
142,human,7,0.5746660040818776
142,llama,5,0.6116851198175217
142,mistral,5,0.44064729615429965
142,qwen,5,0.5145300655360492
143,gemma,5,0.44623839087787065
143,human,9,0.5640514879793229
143,llama,5,0.2104154311541886
143,mistral,5,0.2586546782830046
143,qwen,5,0.4728764937946298
144,gemma,5,0.4693542283355876
144,human,31,0.32358398223733875
144,llama,5,0.4603264370519561
144,mistral,5,0.2576332421370755
144,qwen,5,0.39911624947156993
145,gemma,5,0.5097468014617644
145,human,6,0.618419319107709
145,llama,5,0.7164142059740657
145,mistral,5,0.623610530258633
145,qwen,5,0.5077764467645517
146,gemma,5,0.3751392856749397
146,human,6,0.3430934784520404
146,llama,5,0.4744048959125493
146,mistral,5,0.46941714303540305
146,qwen,5,0.4433997748826328
147,gemma,5,0.31279241518037293
147,human,18,0.6342368285141949
147,llama,5,0.24492059188375728
147,mistral,5,0.10000416074198229
147,qwen,4,0.12986030567258544
148,gemma,5,0.39248537742013
148,human,5,0.8490178716228653
148,llama,5,0.5342935058075817
148,mistral,5,0.42724371348166734
148,qwen,5,0.32415430325992456
149,gemma,5,0.4151295761572611
149,human,5,0.6303251371810749
149,llama,5,0.4541273708743617
149,mistral,5,0.2319841356233682
149,qwen,5,0.5062930979796049
150,gemma,5,0.5024552717434834
150,human,8,0.6003652973631654
150,llama,5,0.5085038643761037
150,mistral,5,0.46541389957305507
150,qwen,5,0.594714299083779
151,gemma,5,0.49673289665078013
151,human,5,0.8192807218255784
151,llama,5,0.5785019839682579
151,mistral,5,0.5145599977946848
151,qwen,5,0.4952526083943199
152,gemma,5,0.5229858982583042
152,human,12,0.5
152,llama,5,0.36203525995325364
152,mistral,5,0.6078685674419836
152,qwen,5,0.32897232235615564
153,gemma,5,0.4969807004897059
153,human,5,0.7838450338978531
153,llama,5,0.6568526740464115
153,mistral,4,0.7846950483434869
153,qwen,5,0.5243757047727251
154,gemma,5,0.33495356891328976
154,human,5,0.6602742000696009
154,llama,5,0.6359818136810467
154,mistral,5,0.5712309648444083
154,qwen,5,0.4744294232378598
155,gemma,5,0.5085365526064365
155,human,15,0.5190486007349171
155,llama,5,0.5339081893929092
155,mistral,5,0.30477751881372117
155,qwen,5,0.5212734858395581
156,gemma,5,0.6816778386701853
156,human,13,0.5271578339842646
156,llama,5,0.6057888439383349
156,mistral,5,0.5177664962162456
156,qwen,5,0.6531472393782383
157,gemma,5,0.6316491173630847
157,human,8,0.7217016269779981
157,llama,5,0.5765886453192126
157,mistral,5,0.5938042463394536
157,qwen,5,0.5405137769579185
158,gemma,5,0.5128019681167791
158,human,6,0.6485210984497749
158,llama,5,0.4225287528988871
158,mistral,5,0.36576612620461246
158,qwen,5,0.48311094956258294
159,gemma,5,0.5339210700660739
159,human,10,0.5160820159255582
159,llama,5,0.46708266742300414
159,mistral,5,0.5492088396407966
159,qwen,5,0.4711105877651127
160,gemma,5,0.4526237737354705
160,human,8,0.5994713575091632
160,llama,5,0.6078259235530642
160,mistral,5,0.17882309685960718
160,qwen,5,0.6154463900446719
161,gemma,5,0.6248489837939754
161,human,7,0.599229991712317
161,llama,5,0.624336114470585
161,mistral,5,0.4166033787336333
161,qwen,5,0.6724315990093062
162,gemma,5,0.43196783196546173
162,human,5,0.3660064975219367
162,llama,5,0.42821062491823536
162,mistral,5,0.04543826603049328
162,qwen,5,0.16085717890866683
163,gemma,5,0.5161713269645785
163,human,19,0.3996014836266551
163,llama,5,0.4562690392955535
163,mistral,5,0.49172210928476034
163,qwen,5,0.4097578501892184
164,gemma,5,0.5954611021520106
164,human,23,0.40485075717109265
164,llama,5,0.5885885846729895
164,mistral,5,0.2896657919427373
164,qwen,5,0.45464751246536605
165,gemma,5,0.48106057155695786
165,human,5,0.7518521788869336
165,llama,5,0.4542043891942388
165,mistral,4,0.43939640773852306
165,qwen,5,0.5233928336515885
166,gemma,5,0.511747249827322
166,human,5,0.7598789507820394
166,llama,5,0.6309531598386406
166,mistral,5,0.5583442598118553
166,qwen,5,0.8659596346623744
167,gemma,5,0.46215743133679543
167,human,6,0.45254172080070154
167,llama,5,0.5119537519014075
167,mistral,5,0.4627319697972432
167,qwen,5,0.5596518334126821
168,gemma,5,0.5003175259484431
168,human,9,0.7191272066470793
168,llama,5,0.37368240992975843
168,mistral,5,0.3629087378996211
168,qwen,5,0.5917768119995956
169,gemma,5,0.5089070129444675
169,human,5,0.4448645502073736
169,llama,5,0.5229312576298726
169,mistral,5,0.5649512658648983
169,qwen,5,0.24432449105790266
170,gemma,5,0.45266989397331175
170,human,10,0.47294365520558723
170,llama,5,0.46170519094607276
170,mistral,5,0.5597601880301425
170,qwen,5,0.7752056201894497
171,gemma,5,0.5081168142979093
171,human,16,0.4270204525368387
171,llama,5,0.48153324817448073
171,mistral,5,0.05364476764631606
171,qwen,5,0.4541550859013573
172,gemma,5,0.49054450740266803
172,human,17,0.5212714514397779
172,llama,5,0.4799265799396554
172,mistral,5,0.6858641444341969
172,qwen,5,0.48961143218333125
173,gemma,5,0.6589213577554627
173,human,14,0.22485560276805389
173,llama,5,0.595351860806755
173,mistral,5,0.7013531516662497
173,qwen,5,0.5669590218944658
174,gemma,5,0.5467129085329199
174,human,6,0.8190553254733053
174,llama,5,0.526074572822435
174,mistral,5,0.49131262234244144
174,qwen,5,0.6497081303300732
175,gemma,5,0.43178867920787234
175,human,7,0.419836439918628
175,llama,5,0.5097858924432348
175,mistral,5,0.45409610096064695
175,qwen,5,0.567208694325422
176,gemma,5,0.6361718358603315
176,human,17,0.49340626040926416
176,llama,5,0.503306063268963
176,mistral,5,0.2610063822814616
176,qwen,5,0.566672049262764
177,gemma,5,0.6537395085610147
177,human,5,0.6017404069868142
177,llama,5,0.48853554129398247
177,mistral,5,0.4654990652601811
177,qwen,4,0.4757527818307184
178,gemma,5,0.4928655068981105
178,human,10,0.6750351363241778
178,llama,5,0.5106611402322093
178,mistral,5,0.44200372616434314
178,qwen,5,0.5039956871962563
179,gemma,5,0.6778058151020633
179,human,13,0.4653585801735433
179,llama,5,0.42710500418794506
179,mistral,5,0.4128085837344632
179,qwen,4,0.5902174068492867
180,gemma,5,0.5021060530485761
180,human,5,0.6360591760896778
180,llama,5,0.26073321720964193
180,mistral,5,0.1735508490183043
180,qwen,5,0.18878807794781152
181,gemma,5,0.45251810238032875
181,human,5,0.45582002568407376
181,llama,5,0.5156066913907238
181,mistral,4,0.35460802596898283
181,qwen,5,0.5098865354939838
182,gemma,5,0.5544624638518945
182,human,8,0.34522385214501833
182,llama,5,0.4824550560328834
182,mistral,5,0.5575024529436835
182,qwen,5,0.5277440762954869
183,gemma,5,0.5773885979493125
183,human,7,0.5106547307604206
183,llama,5,0.6644558530536198
183,mistral,5,0.663670551376454
183,qwen,5,0.7163430882351502
184,gemma,5,0.51572191648636
184,human,6,0.6007893476112269
184,llama,5,0.6156735185883565
184,mistral,5,0.5034973407756587
184,qwen,5,0.575906681338182
185,gemma,5,0.41235638091967
185,human,11,0.4615426255093462
185,llama,5,0.4899518543415191
185,mistral,5,0.5235032685535839
185,qwen,5,0.5496246839716136
186,gemma,5,0.5209749749831083
186,human,5,0.5543550609217014
186,llama,5,0.6353624333226678
186,mistral,5,0.5162604576769949
186,qwen,5,0.47991065007820294
187,gemma,5,0.4211988932327137
187,human,13,0.5053454681377292
187,llama,5,0.5115311957959745
187,mistral,5,0.46429667597070556
187,qwen,5,0.46435657508771594
188,gemma,5,0.5057936486240173
188,human,7,0.32580848925809713
188,llama,5,0.4581426924977588
188,mistral,5,0.4032387923243063
188,qwen,5,0.5365631186571068
189,gemma,5,0.6759583454686737
189,human,6,0.7124337701618374
189,llama,5,0.6034641374879585
189,mistral,5,0.5026883668350952
189,qwen,5,0.6004183345818276
190,gemma,5,0.4794883691142712
190,human,6,0.6097445021942671
190,llama,5,0.501276800049244
190,mistral,5,0.44092520914484645
190,qwen,4,0.6483808941170106
191,gemma,5,0.5822939539999995
191,human,11,0.5184294915221751
191,llama,5,0.5402563698049055
191,mistral,5,0.52358030215917
191,qwen,5,0.5247920419407759
192,gemma,5,0.49499051842778574
192,human,5,0.48873963553188016
192,llama,5,0.46392887733345356
192,mistral,5,0.3503779660764961
192,qwen,5,0.6016864044297345
193,gemma,5,0.4775656755505898
193,human,16,0.48535155039150324
193,llama,5,0.5466205390349401
193,mistral,5,0.5810868810025385
193,qwen,5,0.5332327222523141
194,gemma,5,0.38759186547334185
194,human,18,0.5
194,llama,2,0.8041433625392559
194,mistral,5,0.6407188539788091
194,qwen,3,0.9352591435034068
195,gemma,5,0.40846479525393076
195,human,7,0.39268320055927813
195,llama,5,0.4445316565783558
195,mistral,5,0.535731784875291
195,qwen,5,0.5483347612154434
196,gemma,5,0.6181785534595987
196,human,6,0.44350730770769203
196,llama,5,0.5187070146205375
196,mistral,5,0.2659243922558404
196,qwen,5,0.6444967952067646
197,gemma,5,0.36913628673789406
197,human,7,0.6694391494289929
197,llama,5,0.45395073417041354
197,mistral,5,0.4533504671139648
197,qwen,5,0.47980830723253576
198,gemma,5,0.5064377875751451
198,human,5,0.8856030983521375
198,llama,5,0.6611647812719423
198,mistral,5,0.6225499093623456
198,qwen,5,0.5465203065643939
199,gemma,5,0.5453140135024603
199,human,6,0.5558395819121672
199,llama,5,0.5382715736710513
199,mistral,5,0.5115771036904366
199,qwen,5,0.5549524856390918
