language,group,n_paragraphs,mean_words,median_words,std_words
German,SOURCE,8905,84.4826501965188,41.0,143.7864009306284
German,GOOGLE TRANSLATE,8905,86.24357102751263,41.0,147.25528170245406
German,translator_1,8903,90.93328091654499,45.0,154.0791571001286
German,translator_2,8903,91.9272155453218,45.0,157.72896521247102
German,translator_3,1026,140.82358674463939,61.5,350.36881579985254
German,translator_4,83,592.2409638554217,198.0,983.3173333573444
French,SOURCE,51052,51.258089790801534,25.0,84.77236682026043
French,GOOGLE TRANSLATE,51052,49.006836167045364,24.0,78.78442855662135
French,translator_1,51040,52.83340517241379,28.0,92.40564539160287
French,translator_2,51039,53.37349869707479,27.0,99.58600140808004
French,translator_3,12087,47.533052039381154,23.0,72.99659285556243
Russian,SOURCE,34030,48.67675580370261,24.0,92.95618366157204
Russian,GOOGLE TRANSLATE,34030,57.219835439318246,28.0,109.08566061620569
Russian,translator_1,34024,60.72187279567364,30.0,115.72788880670261
Russian,translator_2,34023,60.145724950768596,30.0,111.22167630011761
Russian,translator_3,14624,65.35920404814004,28.0,147.76378614153293
Russian,translator_4,3707,71.1990828162935,33.0,147.67842954624632
Russian,translator_5,818,47.40709046454768,35.0,44.05330510366513
Chinese,SOURCE,3671,8.894579133751021,3.0,14.023117875720443
Chinese,GOOGLE TRANSLATE,3671,149.35222010351404,74.0,178.88239836080612
Chinese,translator_1,3663,122.09582309582309,49.0,165.62688215144178
Chinese,translator_2,3504,164.25342465753425,73.0,204.06333021739422
Chinese,translator_3,437,146.9771167048055,96.0,159.12830172534757
Chinese,translator_4,441,214.51700680272108,169.0,202.43480584572936
