analysis_mean,score_type_mean,target,metric,outcome_role_mean,dimension_role_mean,coef_mean,se_mean,ci_low_mean,ci_high_mean,p_mean,n_mean,n_segments_mean,n_models_mean,converged_mean,optimizer_mean,segment_var_mean,model_var_mean,residual_var_mean,segment_var_pct_mean,model_var_pct_mean,residual_pct_mean,random_effect_boundary_mean,fit_warnings_mean,p_fdr_mean,analysis_nearest,score_type_nearest,outcome_role_nearest,dimension_role_nearest,coef_nearest,se_nearest,ci_low_nearest,ci_high_nearest,p_nearest,n_nearest,n_segments_nearest,n_models_nearest,converged_nearest,optimizer_nearest,segment_var_nearest,model_var_nearest,residual_var_nearest,segment_var_pct_nearest,model_var_pct_nearest,residual_pct_nearest,random_effect_boundary_nearest,fit_warnings_nearest,p_fdr_nearest
dimension_specific_mean_reference,mean,MQM_Accuracy,disc,supplementary,confirmatory,-1.7074197253173196,0.9520221213205048,-3.573348795590931,0.15850934495629176,0.07289837208474403,154,19,9,True,lbfgs,54.40466703486486,38.954169155543504,66.51540520447391,34.029663915957386,24.36550679813919,41.60482928590341,False,,0.6152876286160466,robustness_nearest_reference,nearest,supplementary,confirmatory,-2.1867537899984884,1.1019989186677757,-4.346631981589413,-0.026875598407563928,0.04721660982658772,136,17,9,True,lbfgs,53.148237425834,44.66326151900317,69.58707054318879,31.74951708869633,26.680790436621947,41.56969247468173,False,,0.28329965895952636
dimension_specific_mean_reference,mean,MQM_Accuracy,lex,supplementary,confirmatory,-0.990530061622213,0.9398488625501638,-2.8325999831314697,0.8515398598870436,0.2919173295011914,234,26,9,True,lbfgs,48.701733512679205,25.593056046729835,54.98187041492681,37.67248745624116,19.797120417413783,42.53039212634506,False,divide by zero encountered in slogdet | invalid value encountered in slogdet | overflow encountered in slogdet,0.6152876286160466,robustness_nearest_reference,nearest,supplementary,confirmatory,-0.8015943655299574,0.9651020572493547,-2.693159639144206,1.089970908084291,0.4062109962405661,234,26,9,True,lbfgs,48.668052181469406,26.781815315868265,55.00961589779263,37.30510877010421,20.52883747420079,42.166053755694996,False,divide by zero encountered in slogdet | invalid value encountered in slogdet | overflow encountered in slogdet,0.6093164943608492
dimension_specific_mean_reference,mean,MQM_Accuracy,narr,supplementary,exploratory,-1.5331115816680652,1.4391942774794737,-4.353880532283979,1.287657368947848,0.2867597076215045,44,6,9,True,lbfgs,63.8928492168796,87.78256171766226,61.8436232777626,29.923725279381973,41.112288673233245,28.96398604738478,False,,0.6152876286160466,robustness_nearest_reference,nearest,supplementary,exploratory,-1.7878149624107,1.3676566118287745,-4.468372664813175,0.8927427399917747,0.1911412604755448,44,6,9,True,lbfgs,56.25545461278217,88.1720927560642,61.70854498181285,27.29044388650082,42.77372863267155,29.93582748082762,False,,0.5752662434948558
dimension_specific_mean_reference,mean,MQM_Accuracy,sem,supplementary,confirmatory,-3.0890249447139615,0.7143764351541041,-4.489177029020119,-1.688872860407804,1.531657341891447e-05,234,26,9,True,lbfgs,42.64179556343213,18.030278852585763,51.919064401581856,37.87313638643697,16.01394127631592,46.112922337247106,False,divide by zero encountered in slogdet | invalid value encountered in slogdet | overflow encountered in slogdet,0.0003675977620539473,robustness_nearest_reference,nearest,supplementary,confirmatory,-3.83500317011621,0.7708957729157634,-5.345931120865274,-2.3240752193671455,6.533652666999157e-07,234,26,9,True,lbfgs,39.36767824162752,17.043895397222464,51.068844828009176,36.62776792571409,15.857674951719536,47.51455712256638,False,divide by zero encountered in slogdet | invalid value encountered in slogdet | overflow encountered in slogdet,1.5680766400797977e-05
dimension_specific_mean_reference,mean,MQM_Accuracy,style,supplementary,confirmatory,-1.1826663508244624,0.8110897172131999,-2.7723729847931113,0.4070402831441866,0.14480739740872067,216,24,9,True,lbfgs,49.426949272338234,27.137183486093605,57.95800104614177,36.742614671978814,20.173024853677255,43.08436047434394,False,divide by zero encountered in slogdet | invalid value encountered in slogdet | overflow encountered in slogdet,0.6152876286160466,robustness_nearest_reference,nearest,supplementary,confirmatory,-1.213507256024303,0.8693082319231232,-2.9173200820578167,0.49030557000921093,0.1627307892593962,216,24,9,True,lbfgs,47.070046799127454,27.774699739782417,58.26851488525497,35.360899654572314,20.865464073694696,43.77363627173298,False,divide by zero encountered in slogdet | invalid value encountered in slogdet | overflow encountered in slogdet,0.5752662434948558
dimension_specific_mean_reference,mean,MQM_Accuracy,syn,supplementary,confirmatory,-0.5322509165697453,0.7430768894109494,-1.9886548575592589,0.9241530244197682,0.4738186380190389,234,26,9,True,lbfgs,47.90499719964443,28.142821934273368,55.05370300811038,36.54038215341755,21.46643416068425,41.99318368589819,False,divide by zero encountered in slogdet | invalid value encountered in slogdet | overflow encountered in slogdet,0.6152876286160466,robustness_nearest_reference,nearest,supplementary,confirmatory,-0.29286116778271326,0.7453628457832778,-1.7537455009322203,1.1680231653667936,0.6943853092850314,234,26,9,True,lbfgs,48.5195212061991,29.002765229145997,55.014026584009784,36.60847363327028,21.882882184077804,41.50864418265191,False,divide by zero encountered in slogdet | invalid value encountered in slogdet | overflow encountered in slogdet,0.8108734006139695
dimension_specific_mean_reference,mean,MQM_Fluency,disc,supplementary,confirmatory,0.1834114091134131,0.2229033434573785,-0.25347111609661066,0.6202939343234368,0.41060505414314263,154,19,9,True,lbfgs,0.2260479145905845,0.6842039271971113,6.14630284999759,3.2033750812380517,9.696005445739837,87.1006194730221,False,,0.6152876286160466,robustness_nearest_reference,nearest,supplementary,confirmatory,0.0682765384508271,0.24934920182650203,-0.42043891670292594,0.5569919936045802,0.784223754376708,136,17,9,True,lbfgs,0.3330973792897774,0.47006590326903175,6.205813700012354,4.752439337696105,6.706626436895409,88.54093422540849,False,,0.8183204393496083
dimension_specific_mean_reference,mean,MQM_Fluency,lex,supplementary,confirmatory,0.048927079892142976,0.19318436436036535,-0.32970731663043634,0.42756147641472225,0.8000624731626764,234,26,9,True,lbfgs,0.3519924515864249,0.3258202212047111,4.357666373990205,6.990247567635439,6.470491053139703,86.53926137922485,False,divide by zero encountered in slogdet | invalid value encountered in slogdet | overflow encountered in slogdet,0.8000624731626764,robustness_nearest_reference,nearest,supplementary,confirmatory,0.09316855039014772,0.18795073455949168,-0.27520812021430363,0.46154522099459905,0.6201009388303053,234,26,9,True,lbfgs,0.34784520251896395,0.3365002098718617,4.353022265805164,6.905297066652404,6.680080378654651,86.41462255469294,False,divide by zero encountered in slogdet | invalid value encountered in slogdet | overflow encountered in slogdet,0.7832853964172277
dimension_specific_mean_reference,mean,MQM_Fluency,narr,supplementary,exploratory,0.4954482884174635,0.5061450239872803,-0.49657772955176765,1.4874743063866946,0.32764606340249913,44,6,9,True,lbfgs,0.6651477100962254,2.1825510006053706,10.195754626984044,5.099475521367147,16.73292297753281,78.16760150110004,False,,0.6152876286160466,robustness_nearest_reference,nearest,supplementary,exploratory,0.4918453517203416,0.5314886254848694,-0.5498532124226996,1.5335439158633828,0.35475222631541425,44,6,9,True,lbfgs,0.4177585992158647,2.096392862051605,10.42789065679107,3.227918711784671,16.198315867991386,80.57376542022395,False,,0.6093164943608492
dimension_specific_mean_reference,mean,MQM_Fluency,sem,supplementary,confirmatory,-0.15344423230074955,0.16667012203712472,-0.4801116687924096,0.17322320419091047,0.3572351174377931,234,26,9,True,lbfgs,0.356116637143219,0.2464218207079478,4.367304651092154,7.165550890376816,4.958342050365882,87.8761070592573,False,divide by zero encountered in slogdet | invalid value encountered in slogdet | overflow encountered in slogdet,0.6152876286160466,robustness_nearest_reference,nearest,supplementary,confirmatory,-0.18598283655583617,0.16862162040315412,-0.5164751395608026,0.14450946644913024,0.27004470589828455,234,26,9,True,lbfgs,0.34244731738470574,0.24297049341074545,4.369513000047875,6.911243172867261,4.9036102154853705,88.18514661164738,False,divide by zero encountered in slogdet | invalid value encountered in slogdet | overflow encountered in slogdet,0.6093164943608492
dimension_specific_mean_reference,mean,MQM_Fluency,style,supplementary,confirmatory,0.09757336654522746,0.18024932882474892,-0.25570882618879787,0.4508555592792528,0.5882839794237611,216,24,9,True,lbfgs,0.32264250592587446,0.40047475075741445,4.643276680569704,6.012277698924059,7.462641681546281,86.52508061952965,False,divide by zero encountered in slogdet | invalid value encountered in slogdet | overflow encountered in slogdet,0.6723245479128698,robustness_nearest_reference,nearest,supplementary,confirmatory,-0.10142476814557994,0.1787702108142961,-0.4518079428502332,0.2489584065590733,0.5704783544768084,216,24,9,True,lbfgs,0.30939742689441463,0.34665050761598404,4.668448399806651,5.810829935224281,6.510484482481053,87.67868558229466,False,divide by zero encountered in slogdet | invalid value encountered in slogdet | overflow encountered in slogdet,0.7606378059690778
dimension_specific_mean_reference,mean,MQM_Fluency,syn,supplementary,confirmatory,-0.05365938023383503,0.16793634473526264,-0.38280856761025256,0.2754898071425825,0.7493306053811606,234,26,9,True,lbfgs,0.37045345099671123,0.28637917283646025,4.359157047116569,7.385450834203345,5.709325409799668,86.905223755997,False,divide by zero encountered in slogdet | invalid value encountered in slogdet | overflow encountered in slogdet,0.7819101969194718,robustness_nearest_reference,nearest,supplementary,confirmatory,-0.023359110758804775,0.1656132000101865,-0.34795501814319885,0.30123679662558933,0.8878334532639911,234,26,9,True,lbfgs,0.36229161805596183,0.29188513236003927,4.363673654425984,7.220056175974633,5.816935715707749,86.96300810831762,False,divide by zero encountered in slogdet | invalid value encountered in slogdet | overflow encountered in slogdet,0.8878334532639911
dimension_specific_mean_reference,mean,MQM_Style,disc,supplementary,confirmatory,0.23927627047049757,0.22339420565309515,-0.19856832696450308,0.6771208679054982,0.28412701048412303,154,19,9,True,lbfgs,1.2908499800086748,0.1597049198961468,4.801103565899618,20.64812060782615,2.554600843435496,76.79727854873836,False,,0.6152876286160466,robustness_nearest_reference,nearest,supplementary,confirmatory,0.23677412727377775,0.25287756361321384,-0.25885678990635785,0.7324050444539133,0.3491088467630066,136,17,9,True,bfgs,1.314048757549781,0.10930705112425125,5.132510799362108,20.043860501051505,1.6673165831388843,78.2888229158096,False,,0.6093164943608492
dimension_specific_mean_reference,mean,MQM_Style,lex,supplementary,confirmatory,0.08576182503168053,0.2086414933803953,-0.32316798767454635,0.4946916377379075,0.6810367885968468,234,26,9,True,lbfgs,1.302804043376236,0.15074505035927638,3.3372775311944785,27.193721363174436,3.146535288395648,69.65974334842991,False,divide by zero encountered in slogdet | invalid value encountered in slogdet | overflow encountered in slogdet,0.7429492239238329,robustness_nearest_reference,nearest,supplementary,confirmatory,0.06808853389953108,0.20761839890315775,-0.3388360504785284,0.4750131182775905,0.7429491765977273,234,26,9,True,bfgs,1.312265973508815,0.13730494436928484,3.3419946985295357,27.386997874249204,2.865554922155611,69.74744720359517,False,divide by zero encountered in slogdet | invalid value encountered in slogdet | overflow encountered in slogdet,0.8108734006139695
dimension_specific_mean_reference,mean,MQM_Style,narr,supplementary,exploratory,0.2508507792605467,0.34255380612100783,-0.4205423435037449,0.9222439020248383,0.46398792514228204,44,6,9,True,lbfgs,3.0194726798712526,0.0008678891526638393,4.427290611959175,40.54272568680933,0.011653224113459357,59.445621089077214,False,The MLE may be on the boundary of the parameter space.,0.6152876286160466,robustness_nearest_reference,nearest,supplementary,exploratory,0.3577323687926875,0.39678040558968874,-0.4199429359342976,1.1354076735196725,0.3672758797675908,44,6,9,True,lbfgs,2.7655008132359398,0.001793073365133908,4.407704581590325,38.54357357003087,0.024990574884204645,61.43143585508492,False,The MLE may be on the boundary of the parameter space.,0.6093164943608492
dimension_specific_mean_reference,mean,MQM_Style,sem,supplementary,confirmatory,-0.2761069244920921,0.15806150301133384,-0.5859017777365758,0.033687928752391516,0.08066644773209616,234,26,9,True,bfgs,1.2724746468736554,0.04504769117564971,3.359407847128777,27.207475769177076,0.963189301358674,71.82933492946424,False,divide by zero encountered in slogdet | invalid value encountered in slogdet | overflow encountered in slogdet,0.6152876286160466,robustness_nearest_reference,nearest,supplementary,confirmatory,-0.3615956747103644,0.16820435226681926,-0.6912701471962184,-0.03192120222451045,0.03157576280627725,234,26,9,True,lbfgs,1.2080505380481263,0.035216109012032794,3.359478965106047,26.246302529841035,0.7651109137760693,72.98858655638288,False,divide by zero encountered in slogdet | invalid value encountered in slogdet | overflow encountered in slogdet,0.252606102450218
dimension_specific_mean_reference,mean,MQM_Style,style,supplementary,confirmatory,0.18458955255294032,0.1850508081096167,-0.17810336665194096,0.5472824717578216,0.3185182782214838,216,24,9,True,lbfgs,1.3588607582106116,0.1672558881041033,3.5541667040371627,26.747735598576252,3.2922551080249995,69.96000929339874,False,divide by zero encountered in slogdet | invalid value encountered in slogdet | overflow encountered in slogdet,0.6152876286160466,robustness_nearest_reference,nearest,supplementary,confirmatory,0.06322945593709167,0.19307551848023155,-0.3151916065805598,0.4416505184547431,0.743300617229472,216,24,9,True,lbfgs,1.3558446357400509,0.12869672437903115,3.590569145066598,26.71556874189571,2.535840830412078,70.74859042769222,False,divide by zero encountered in slogdet | invalid value encountered in slogdet | overflow encountered in slogdet,0.8108734006139695
dimension_specific_mean_reference,mean,MQM_Style,syn,supplementary,confirmatory,0.23516857031743824,0.17067654062039142,-0.0993513023044165,0.569688442939293,0.16824616938929138,234,26,9,True,lbfgs,1.2981584931253776,0.17606102237505863,3.2990466251607113,27.196440652386684,3.6884811612593698,69.11507818635393,False,divide by zero encountered in slogdet | invalid value encountered in slogdet | overflow encountered in slogdet,0.6152876286160466,robustness_nearest_reference,nearest,supplementary,confirmatory,0.23280566074597453,0.16954492728546772,-0.09949629049500452,0.5651076119869536,0.1697148057747414,234,26,9,True,lbfgs,1.3062048941610696,0.16719335404409147,3.3010532719187315,27.35821881645527,3.5018337360718026,69.13994744747292,False,divide by zero encountered in slogdet | invalid value encountered in slogdet | overflow encountered in slogdet,0.5752662434948558
dimension_specific_mean_reference,mean,MQM_Terminology,disc,supplementary,confirmatory,-0.01195214448192176,0.013273102267029076,-0.03796694688841569,0.014062657924572172,0.36786561135918017,154,19,9,True,powell,0.0018169584522770288,2.364574426502674e-10,0.017673077763315292,9.322498994535946,1.2132221672956348e-06,90.67749979224189,True,The MLE may be on the boundary of the parameter space.,0.6152876286160466,robustness_nearest_reference,nearest,supplementary,confirmatory,-0.03646556337810691,0.016148248080430798,-0.06811554802916933,-0.004815578727044488,0.02393477720840328,136,17,9,True,powell,0.0027359169695451023,1.974786048360882e-12,0.018893376364118922,12.649127861413318,9.130145944745252e-09,87.35087212945655,True,The MLE may be on the boundary of the parameter space.,0.252606102450218
dimension_specific_mean_reference,mean,MQM_Terminology,lex,supplementary,confirmatory,0.007628494103189694,0.0078364481492293,-0.007730662036015298,0.022987650242394686,0.33032312802366726,234,26,9,True,lbfgs,0.0010133162346734575,5.599860626832233e-12,0.01174194595791076,7.944299528532779,4.390235606155917e-08,92.05570042756486,True,The MLE may be on the boundary of the parameter space. | divide by zero encountered in slogdet | invalid value encountered in slogdet | overflow encountered in slogdet,0.6152876286160466,robustness_nearest_reference,nearest,supplementary,confirmatory,0.010512308089531828,0.00805291725412754,-0.0052711196990393346,0.02629573587810299,0.19175541449828526,234,26,9,True,lbfgs,0.0009947152574281489,1.1443530605365917e-09,0.011711751541785338,7.828416691766702,9.006067347897358e-06,92.17157430216595,True,The MLE may be on the boundary of the parameter space. | divide by zero encountered in slogdet | invalid value encountered in slogdet | overflow encountered in slogdet,0.5752662434948558
dimension_specific_mean_reference,mean,MQM_Terminology,narr,supplementary,exploratory,0.015923599013773743,0.02291414712758462,-0.02898730409274404,0.060834502120291525,0.48710270598770355,44,6,9,True,lbfgs,9.732022828785216e-05,0.0001553548312811562,0.022783717783953182,0.42246296522599247,0.6743887045876709,98.90314833018635,False,The MLE may be on the boundary of the parameter space.,0.6152876286160466,robustness_nearest_reference,nearest,supplementary,exploratory,0.024714603626179547,0.023081906491431915,-0.02052510179154829,0.06995430904390738,0.2842886303326818,44,6,9,True,lbfgs,0.0004977888133479149,1.778172290447509e-09,0.02226852962757377,2.186514151419264,7.810538872049101e-06,97.81347803804186,True,Random effects covariance is singular | The MLE may be on the boundary of the parameter space.,0.6093164943608492
dimension_specific_mean_reference,mean,MQM_Terminology,sem,supplementary,confirmatory,0.005152550338935362,0.008138245203251432,-0.010798117156793297,0.02110321783466402,0.5266501045791246,234,26,9,True,lbfgs,0.0010685273166749659,1.5166211839754527e-10,0.011739877056904345,8.342392017438447,1.1840828270114818e-06,91.65760679847872,True,Random effects covariance is singular | The MLE may be on the boundary of the parameter space. | divide by zero encountered in slogdet | invalid value encountered in slogdet | overflow encountered in slogdet,0.6319801254949495,robustness_nearest_reference,nearest,supplementary,confirmatory,0.006265150863127702,0.00835849428748891,-0.010117196905334344,0.022647498631589748,0.45352278503690513,234,26,9,True,lbfgs,0.0010613815455082908,8.274554676968383e-11,0.011735238033757213,8.294233739392778,6.466203493984283e-07,91.70576561398686,True,Random effects covariance is singular | The MLE may be on the boundary of the parameter space. | divide by zero encountered in slogdet | invalid value encountered in slogdet | overflow encountered in slogdet,0.6402674612285719
dimension_specific_mean_reference,mean,MQM_Terminology,style,supplementary,confirmatory,0.009453365129905321,0.00871005330402096,-0.007618025649399864,0.026524755909210506,0.2777713055064266,216,24,9,True,lbfgs,0.0011017932849829541,1.6246376407543853e-05,0.012686594725958204,7.981328980307482,0.11768784273224138,91.90098317696028,False,The MLE may be on the boundary of the parameter space. | divide by zero encountered in slogdet | invalid value encountered in slogdet | overflow encountered in slogdet,0.6152876286160466,robustness_nearest_reference,nearest,supplementary,confirmatory,0.010110906159370003,0.008857773666121838,-0.007250011209436115,0.02747182352817612,0.25367329747639356,216,24,9,True,lbfgs,0.0010117502334430265,2.935830734672334e-06,0.012741964364540436,7.354626321905476,0.02134117421886033,92.62403250387567,False,The MLE may be on the boundary of the parameter space. | divide by zero encountered in slogdet | invalid value encountered in slogdet | overflow encountered in slogdet,0.6093164943608492
dimension_specific_mean_reference,mean,MQM_Terminology,syn,supplementary,confirmatory,0.00656510059046909,0.007798112598316607,-0.008718919249619522,0.0218491204305577,0.3998532916897083,234,26,9,True,lbfgs,0.0009778806385170433,2.1141050908893418e-07,0.011775799139488046,7.667312070199384,0.0016576157500804536,92.33103031405054,False,The MLE may be on the boundary of the parameter space. | divide by zero encountered in slogdet | invalid value encountered in slogdet | overflow encountered in slogdet,0.6152876286160466,robustness_nearest_reference,nearest,supplementary,confirmatory,0.006768187885952934,0.007858886438509582,-0.008634946492116102,0.022171322264021968,0.3891198501965404,234,26,9,True,lbfgs,0.0009149947955772535,1.1097828974673255e-06,0.011810819523393192,7.189441755553182,0.008719961622969405,92.80183828282385,False,The MLE may be on the boundary of the parameter space. | divide by zero encountered in slogdet | invalid value encountered in slogdet | overflow encountered in slogdet,0.6093164943608492
dimension_specific_mean_reference,mean,Overall,disc,primary,confirmatory,-0.3843566111023285,0.2496257240397391,-0.8736140398349515,0.10490081763029452,0.12362579508102264,154,19,9,True,lbfgs,1.977362095644952,1.2815920953376565,4.97925794752471,24.00232067832172,15.556677514374716,60.441001807303564,False,,0.14835095409722718,robustness_nearest_reference,nearest,primary,confirmatory,-0.4521503345821231,0.29456053633317564,-1.0294783770619493,0.12517770789770316,0.12478390199691347,136,17,9,True,lbfgs,2.237727514609587,1.2991024674470022,5.379147979225765,25.097948024624124,14.570498862697466,60.33155311267841,False,,0.14974068239629615
dimension_specific_mean_reference,mean,Overall,lex,primary,confirmatory,-0.9467802314633276,0.24805284546469464,-1.4329548748368088,-0.4606055880898464,0.00013516688672270298,234,26,9,True,lbfgs,2.7994390161872795,0.8647483933910284,4.511032130637398,34.2429827409065,10.57767793436177,55.17933932473174,False,divide by zero encountered in slogdet | invalid value encountered in slogdet | overflow encountered in slogdet,0.00040550066016810897,robustness_nearest_reference,nearest,primary,confirmatory,-0.8277948140907259,0.26464342511003347,-1.3464863960517146,-0.3091032321297372,0.0017602240152021838,234,26,9,True,lbfgs,2.7956545974253784,0.9621543537965684,4.587779866783185,33.49859019406651,11.528897178839859,54.97251262709363,False,divide by zero encountered in slogdet | invalid value encountered in slogdet | overflow encountered in slogdet,0.0035204480304043676
dimension_specific_mean_reference,mean,Overall,narr,primary,exploratory,-0.03492110327117487,0.1252407372719756,-0.28038843772149025,0.21054623117914048,0.7803738902448853,44,6,9,True,lbfgs,0.39915059074537323,0.8232920877975024,0.49159557060097325,23.287146068341613,48.032305475606016,28.68054845605237,False,,0.7803738902448853,robustness_nearest_reference,nearest,primary,exploratory,-0.06999454637071965,0.1218068073893095,-0.3087315019255736,0.1687424091841343,0.5655376672789262,44,6,9,True,lbfgs,0.40179177222467494,0.8256171827149672,0.48690692976894345,23.437440894562734,48.160154734569986,28.402404370867284,False,,0.5655376672789262
dimension_specific_mean_reference,mean,Overall,sem,primary,confirmatory,-1.257063403005524,0.19677975481249038,-1.6427446353246276,-0.8713821706864207,1.678777577730921e-10,234,26,9,True,lbfgs,1.987967539288305,0.5042411819182153,4.211857642431087,29.653160208420722,7.521422888251594,62.82541690332769,False,divide by zero encountered in slogdet | invalid value encountered in slogdet | overflow encountered in slogdet,1.0072665466385528e-09,robustness_nearest_reference,nearest,primary,confirmatory,-1.3714089045252866,0.21305231460393195,-1.7889837679718903,-0.953834041078683,1.2189125339348757e-10,234,26,9,True,lbfgs,1.9648678784606033,0.5319385635029463,4.183264835080329,29.413875944900298,7.96306718059967,62.62305687450004,False,divide by zero encountered in slogdet | invalid value encountered in slogdet | overflow encountered in slogdet,7.313475203609255e-10
dimension_specific_mean_reference,mean,Overall,style,primary,confirmatory,-0.6816310311725307,0.19757317772801916,-1.0688673438305794,-0.29439471851448196,0.0005605490537694466,216,24,9,True,lbfgs,1.8792977737885015,0.6747091290872038,3.662545864138648,30.23054487304029,10.853428811338617,58.9160263156211,False,divide by zero encountered in slogdet | invalid value encountered in slogdet | overflow encountered in slogdet,0.0011210981075388932,robustness_nearest_reference,nearest,primary,confirmatory,-0.7383077090455119,0.20781254066651822,-1.145612804287653,-0.3310026138033708,0.0003812146905162492,216,24,9,True,lbfgs,1.829911499043471,0.7257158454094473,3.6464871612309957,29.504639060863077,11.701103627551,58.79425731158592,False,divide by zero encountered in slogdet | invalid value encountered in slogdet | overflow encountered in slogdet,0.0011436440715487477
dimension_specific_mean_reference,mean,Overall,syn,primary,confirmatory,-0.6616115705521219,0.206270342867575,-1.0658940136512973,-0.2573291274529465,0.0013389531121527037,234,26,9,True,lbfgs,2.2428223254878725,1.0786917611360989,4.662867743349039,28.09011859964435,13.510022242257234,58.39985915809841,False,divide by zero encountered in slogdet | invalid value encountered in slogdet | overflow encountered in slogdet,0.002008429668229056,robustness_nearest_reference,nearest,primary,confirmatory,-0.550380548612515,0.20977066425534002,-0.961523495566025,-0.13923760165900484,0.00869739621208271,234,26,9,True,lbfgs,2.3702886241026806,1.1520060723694143,4.7014566228658055,28.822474465260388,14.00827952640673,57.169246008332884,False,divide by zero encountered in slogdet | invalid value encountered in slogdet | overflow encountered in slogdet,0.013046094318124066
