metric,score_type,n_segments,min,p01,p05,median,max,n_le_1e-6
sem,mean,26,0.0156937539577484,0.01603563129901885,0.01779159158468245,0.0387457311153411,0.0857123732566833,0
sem,nearest,26,0.0105227828025817,0.01138833165168755,0.014379873871803249,0.029508680105209302,0.0857123732566833,0
lex,mean,26,0.558993399339934,0.5644678822277832,0.5872077138547727,0.6827814224721441,0.7599351380417065,0
lex,nearest,26,0.5079365079365079,0.5146157472890146,0.5470685303824501,0.6725943646996279,0.7447698744769875,0
syn,mean,26,0.2506256256256256,0.26538641924407474,0.3121081841684388,0.362632905274786,0.4920634920634921,0
syn,nearest,26,0.2129629629629629,0.22328154425612048,0.2568544366899302,0.3547149122807017,0.4444444444444444,0
disc,mean,21,0.0,0.00080618224882876,0.0040309112441438,0.0769558231503813,0.3234648600836814,1
disc,nearest,21,0.0,0.0,0.0,0.0426153473224276,0.3234648600836814,3
narr,mean,6,1.964258001555652,2.007090048343502,2.178418235494903,3.117023573464047,3.988528001979585,0
narr,nearest,6,1.964258001555652,1.990613972704478,2.096037857299783,2.753897666486017,3.4269885941332427,0
style,mean,24,0.2136809433196903,0.23012849838484692,0.2889116819439123,0.40709656723703336,0.8170856793410656,0
style,nearest,24,0.1287141623288155,0.1436614353995466,0.19929245672321225,0.35251565021414794,0.8036389389403232,0
