analysis_ge2,score_type_ge2,target,metric,outcome_role_ge2,dimension_role_ge2,coef_ge2,se_ge2,ci_low_ge2,ci_high_ge2,p_ge2,n_ge2,n_segments_ge2,n_models_ge2,converged_ge2,optimizer_ge2,segment_var_ge2,model_var_ge2,residual_var_ge2,segment_var_pct_ge2,model_var_pct_ge2,residual_pct_ge2,random_effect_boundary_ge2,fit_warnings_ge2,p_fdr_ge2,analysis_3refs,score_type_3refs,outcome_role_3refs,dimension_role_3refs,coef_3refs,se_3refs,ci_low_3refs,ci_high_3refs,p_3refs,n_3refs,n_segments_3refs,n_models_3refs,converged_3refs,optimizer_3refs,segment_var_3refs,model_var_3refs,residual_var_3refs,segment_var_pct_3refs,model_var_pct_3refs,residual_pct_3refs,random_effect_boundary_3refs,fit_warnings_3refs,p_fdr_3refs
dimension_specific_mean_reference,mean,MQM_Accuracy,disc,supplementary,confirmatory,-1.7074197253173196,0.9520221213205048,-3.573348795590931,0.15850934495629176,0.07289837208474403,154,19,9,True,lbfgs,54.40466703486486,38.954169155543504,66.51540520447391,34.029663915957386,24.36550679813919,41.60482928590341,False,,0.6152876286160466,robustness_three_human_references,mean,supplementary,confirmatory,-0.8449795676687409,1.1324869317556852,-3.064613166872154,1.3746540315346722,0.45559043882687167,118,14,9,True,lbfgs,55.039102598700076,58.38012719961788,72.58360344766847,29.59046463873566,31.386687063207734,39.022848298056594,False,,0.6536445762389985
dimension_specific_mean_reference,mean,MQM_Accuracy,lex,supplementary,confirmatory,-0.990530061622213,0.9398488625501638,-2.8325999831314697,0.8515398598870436,0.2919173295011914,234,26,9,True,lbfgs,48.701733512679205,25.593056046729835,54.98187041492681,37.67248745624116,19.797120417413783,42.53039212634506,False,divide by zero encountered in slogdet | invalid value encountered in slogdet | overflow encountered in slogdet,0.6152876286160466,robustness_three_human_references,mean,supplementary,confirmatory,-1.2962744710506482,1.065659838132308,-3.3849293735607553,0.7923804314594589,0.2238304959811689,189,21,9,True,lbfgs,54.86928900486909,30.79006888459806,58.9262365618197,37.94934703771987,21.295391841385495,40.75526112089463,False,,0.6536445762389985
dimension_specific_mean_reference,mean,MQM_Accuracy,narr,supplementary,exploratory,-1.5331115816680652,1.4391942774794737,-4.353880532283979,1.287657368947848,0.2867597076215045,44,6,9,True,lbfgs,63.8928492168796,87.78256171766226,61.8436232777626,29.923725279381973,41.112288673233245,28.96398604738478,False,,0.6152876286160466,robustness_three_human_references,mean,supplementary,exploratory,-2.3269108651927493,1.281238172805176,-4.838091539508801,0.1842698091233017,0.06934854363852655,43,5,9,True,lbfgs,42.591432278490075,89.79341158943505,59.036495513855684,22.25009626201783,46.908778237282284,30.841125500699892,False,,0.5070003933604762
dimension_specific_mean_reference,mean,MQM_Accuracy,sem,supplementary,confirmatory,-3.0890249447139615,0.7143764351541041,-4.489177029020119,-1.688872860407804,1.531657341891447e-05,234,26,9,True,lbfgs,42.64179556343213,18.030278852585763,51.919064401581856,37.87313638643697,16.01394127631592,46.112922337247106,False,divide by zero encountered in slogdet | invalid value encountered in slogdet | overflow encountered in slogdet,0.0003675977620539473,robustness_three_human_references,mean,supplementary,confirmatory,-2.9542813328176694,0.8602374176110648,-4.640315689489098,-1.2682469761462405,0.0005941679141444973,189,21,9,True,lbfgs,44.94582702286034,21.481789726786022,57.45612250108236,36.28065095120702,17.34028199076955,46.37906705802343,False,,0.014260029939467936
dimension_specific_mean_reference,mean,MQM_Accuracy,style,supplementary,confirmatory,-1.1826663508244624,0.8110897172131999,-2.7723729847931113,0.4070402831441866,0.14480739740872067,216,24,9,True,lbfgs,49.426949272338234,27.137183486093605,57.95800104614177,36.742614671978814,20.173024853677255,43.08436047434394,False,divide by zero encountered in slogdet | invalid value encountered in slogdet | overflow encountered in slogdet,0.6152876286160466,robustness_three_human_references,mean,supplementary,confirmatory,-1.1805727106244328,0.926014211709742,-2.995527214747776,0.6343817934989102,0.20234571248851896,171,19,9,True,lbfgs,52.92087699878412,34.405733806251476,63.60473028732478,35.06288131793642,22.795619224768803,42.14149945729478,False,,0.6536445762389985
dimension_specific_mean_reference,mean,MQM_Accuracy,syn,supplementary,confirmatory,-0.5322509165697453,0.7430768894109494,-1.9886548575592589,0.9241530244197682,0.4738186380190389,234,26,9,True,lbfgs,47.90499719964443,28.142821934273368,55.05370300811038,36.54038215341755,21.46643416068425,41.99318368589819,False,divide by zero encountered in slogdet | invalid value encountered in slogdet | overflow encountered in slogdet,0.6152876286160466,robustness_three_human_references,mean,supplementary,confirmatory,-0.866466336833909,0.8706210783417325,-2.5728522945651298,0.8399196208973116,0.3196254635094017,189,21,9,True,lbfgs,53.20905527147119,33.5020404825843,59.07697226013216,36.49753782750798,22.979960526895784,40.52250164559624,False,,0.6536445762389985
dimension_specific_mean_reference,mean,MQM_Fluency,disc,supplementary,confirmatory,0.1834114091134131,0.2229033434573785,-0.25347111609661066,0.6202939343234368,0.41060505414314263,154,19,9,True,lbfgs,0.2260479145905845,0.6842039271971113,6.14630284999759,3.2033750812380517,9.696005445739837,87.1006194730221,False,,0.6152876286160466,robustness_three_human_references,mean,supplementary,confirmatory,0.3106562663837877,0.28002998516244715,-0.23819241912589445,0.8595049518934699,0.2672715199497866,118,14,9,True,cg,0.13582684021550537,0.7714377426244264,7.760296202207336,1.5670711009010205,8.900286502233275,89.5326423968657,False,,0.6536445762389985
dimension_specific_mean_reference,mean,MQM_Fluency,lex,supplementary,confirmatory,0.048927079892142976,0.19318436436036535,-0.32970731663043634,0.42756147641472225,0.8000624731626764,234,26,9,True,lbfgs,0.3519924515864249,0.3258202212047111,4.357666373990205,6.990247567635439,6.470491053139703,86.53926137922485,False,divide by zero encountered in slogdet | invalid value encountered in slogdet | overflow encountered in slogdet,0.8000624731626764,robustness_three_human_references,mean,supplementary,confirmatory,0.04353832832615579,0.23181302888060548,-0.41080685942697437,0.49788351607928594,0.8510204447215441,189,21,9,True,lbfgs,0.38545566781284524,0.2894489938576398,5.26406310728313,6.490280513523624,4.873725622333824,88.63599386414255,False,,0.9283859396962301
dimension_specific_mean_reference,mean,MQM_Fluency,narr,supplementary,exploratory,0.4954482884174635,0.5061450239872803,-0.49657772955176765,1.4874743063866946,0.32764606340249913,44,6,9,True,lbfgs,0.6651477100962254,2.1825510006053706,10.195754626984044,5.099475521367147,16.73292297753281,78.16760150110004,False,,0.6152876286160466,robustness_three_human_references,mean,supplementary,exploratory,0.4042459419501221,0.5182283800611652,-0.6114630187362968,1.419954902636541,0.4353592940065192,43,5,9,True,lbfgs,0.7034466974152328,2.1887674105653163,10.451530064921567,5.2717339923509705,16.40294794477676,78.32531806287227,False,,0.6536445762389985
dimension_specific_mean_reference,mean,MQM_Fluency,sem,supplementary,confirmatory,-0.15344423230074955,0.16667012203712472,-0.4801116687924096,0.17322320419091047,0.3572351174377931,234,26,9,True,lbfgs,0.356116637143219,0.2464218207079478,4.367304651092154,7.165550890376816,4.958342050365882,87.8761070592573,False,divide by zero encountered in slogdet | invalid value encountered in slogdet | overflow encountered in slogdet,0.6152876286160466,robustness_three_human_references,mean,supplementary,confirmatory,-0.24323900968113094,0.2006859397802059,-0.6365762238539087,0.1500982044916468,0.22549778794710373,189,21,9,True,lbfgs,0.3864636363259381,0.1651965854586899,5.282511142381261,6.624139268511027,2.831534679857797,90.54432605163117,False,,0.6536445762389985
dimension_specific_mean_reference,mean,MQM_Fluency,style,supplementary,confirmatory,0.09757336654522746,0.18024932882474892,-0.25570882618879787,0.4508555592792528,0.5882839794237611,216,24,9,True,lbfgs,0.32264250592587446,0.40047475075741445,4.643276680569704,6.012277698924059,7.462641681546281,86.52508061952965,False,divide by zero encountered in slogdet | invalid value encountered in slogdet | overflow encountered in slogdet,0.6723245479128698,robustness_three_human_references,mean,supplementary,confirmatory,0.02873986012287725,0.22079424532996536,-0.40400890871755585,0.4614886289633104,0.8964352500299536,171,19,9,True,lbfgs,0.33640059186281124,0.35408346194494084,5.735553208309862,5.234961736775783,5.510137079850319,89.25490118337392,False,,0.9354106956834298
dimension_specific_mean_reference,mean,MQM_Fluency,syn,supplementary,confirmatory,-0.05365938023383503,0.16793634473526264,-0.38280856761025256,0.2754898071425825,0.7493306053811606,234,26,9,True,lbfgs,0.37045345099671123,0.28637917283646025,4.359157047116569,7.385450834203345,5.709325409799668,86.905223755997,False,divide by zero encountered in slogdet | invalid value encountered in slogdet | overflow encountered in slogdet,0.7819101969194718,robustness_three_human_references,mean,supplementary,confirmatory,-0.14131163488260468,0.19990234143573027,-0.5331130245218649,0.2504897547566556,0.4796265418664739,189,21,9,True,lbfgs,0.41995471015881125,0.2328544882905966,5.255178690121415,7.108252726300033,3.9413501293910995,88.95039714430888,False,,0.6536445762389985
dimension_specific_mean_reference,mean,MQM_Style,disc,supplementary,confirmatory,0.23927627047049757,0.22339420565309515,-0.19856832696450308,0.6771208679054982,0.28412701048412303,154,19,9,True,lbfgs,1.2908499800086748,0.1597049198961468,4.801103565899618,20.64812060782615,2.554600843435496,76.79727854873836,False,,0.6152876286160466,robustness_three_human_references,mean,supplementary,confirmatory,0.4337027353136725,0.2513997087881193,-0.05903163963489905,0.926437110262244,0.08450006556007936,118,14,9,True,lbfgs,1.5811843520598892,0.000734167431111818,5.164332222479237,23.43797188300335,0.010882599227217647,76.55114551776944,False,The MLE may be on the boundary of the parameter space.,0.5070003933604762
dimension_specific_mean_reference,mean,MQM_Style,lex,supplementary,confirmatory,0.08576182503168053,0.2086414933803953,-0.32316798767454635,0.4946916377379075,0.6810367885968468,234,26,9,True,lbfgs,1.302804043376236,0.15074505035927638,3.3372775311944785,27.193721363174436,3.146535288395648,69.65974334842991,False,divide by zero encountered in slogdet | invalid value encountered in slogdet | overflow encountered in slogdet,0.7429492239238329,robustness_three_human_references,mean,supplementary,confirmatory,0.012015640444587496,0.19817130352690465,-0.37639297723750104,0.400424258126676,0.9516518139840117,189,21,9,True,lbfgs,1.6653922076020977,0.07833984037347758,3.391576994069002,32.43022365288919,1.525513649365244,66.04426269774557,False,,0.9516518139840117
dimension_specific_mean_reference,mean,MQM_Style,narr,supplementary,exploratory,0.2508507792605467,0.34255380612100783,-0.4205423435037449,0.9222439020248383,0.46398792514228204,44,6,9,True,lbfgs,3.0194726798712526,0.0008678891526638393,4.427290611959175,40.54272568680933,0.011653224113459357,59.445621089077214,False,The MLE may be on the boundary of the parameter space.,0.6152876286160466,robustness_three_human_references,mean,supplementary,exploratory,0.1357020007363628,0.33128931097758596,-0.5136131172427956,0.7850171187155213,0.6820863329570017,43,5,9,True,lbfgs,3.36707196702999,0.00018862388045965257,4.450242659597292,43.07093785744574,0.002412840448098331,56.92664930210616,False,The MLE may be on the boundary of the parameter space.,0.7954406805287171
dimension_specific_mean_reference,mean,MQM_Style,sem,supplementary,confirmatory,-0.2761069244920921,0.15806150301133384,-0.5859017777365758,0.033687928752391516,0.08066644773209616,234,26,9,True,bfgs,1.2724746468736554,0.04504769117564971,3.359407847128777,27.207475769177076,0.963189301358674,71.82933492946424,False,divide by zero encountered in slogdet | invalid value encountered in slogdet | overflow encountered in slogdet,0.6152876286160466,robustness_three_human_references,mean,supplementary,confirmatory,-0.32972217784429547,0.1596371272114312,-0.6426051977741396,-0.016839157914451286,0.03888063518769663,189,21,9,True,lbfgs,1.5731372114864788,1.5673891744695971e-06,3.3954010697078036,31.661962255067436,3.154627359819734e-05,68.33800619865897,False,The MLE may be on the boundary of the parameter space.,0.4665676222523596
dimension_specific_mean_reference,mean,MQM_Style,style,supplementary,confirmatory,0.18458955255294032,0.1850508081096167,-0.17810336665194096,0.5472824717578216,0.3185182782214838,216,24,9,True,lbfgs,1.3588607582106116,0.1672558881041033,3.5541667040371627,26.747735598576252,3.2922551080249995,69.96000929339874,False,divide by zero encountered in slogdet | invalid value encountered in slogdet | overflow encountered in slogdet,0.6152876286160466,robustness_three_human_references,mean,supplementary,confirmatory,0.22822913344248366,0.19968759556400031,-0.16315136202235722,0.6196096289073245,0.2530672608570085,171,19,9,True,lbfgs,1.7470491516059596,0.1317723149070699,3.641015854314449,31.650373916165698,2.3872499722023677,65.96237611163194,False,,0.6536445762389985
dimension_specific_mean_reference,mean,MQM_Style,syn,supplementary,confirmatory,0.23516857031743824,0.17067654062039142,-0.0993513023044165,0.569688442939293,0.16824616938929138,234,26,9,True,lbfgs,1.2981584931253776,0.17606102237505863,3.2990466251607113,27.196440652386684,3.6884811612593698,69.11507818635393,False,divide by zero encountered in slogdet | invalid value encountered in slogdet | overflow encountered in slogdet,0.6152876286160466,robustness_three_human_references,mean,supplementary,confirmatory,0.06970988542256011,0.17841785837850405,-0.27998269119807573,0.419402462043196,0.6960105954626274,189,21,9,True,lbfgs,1.660872707169757,0.07946956839235325,3.3885320400530414,32.38279210923799,1.5494543929533153,66.0677534978087,False,,0.7954406805287171
dimension_specific_mean_reference,mean,MQM_Terminology,disc,supplementary,confirmatory,-0.01195214448192176,0.013273102267029076,-0.03796694688841569,0.014062657924572172,0.36786561135918017,154,19,9,True,powell,0.0018169584522770288,2.364574426502674e-10,0.017673077763315292,9.322498994535946,1.2132221672956348e-06,90.67749979224189,True,The MLE may be on the boundary of the parameter space.,0.6152876286160466,robustness_three_human_references,mean,supplementary,confirmatory,-0.01168661243079275,0.018658890058781803,-0.048257364937497535,0.02488414007591204,0.5310988706517503,118,14,9,True,lbfgs,0.0022131849499776204,0.000332077578026968,0.022974271297987566,8.672513240517926,1.301268198280097,90.02621856120197,False,The MLE may be on the boundary of the parameter space.,0.6708617313495794
dimension_specific_mean_reference,mean,MQM_Terminology,lex,supplementary,confirmatory,0.007628494103189694,0.0078364481492293,-0.007730662036015298,0.022987650242394686,0.33032312802366726,234,26,9,True,lbfgs,0.0010133162346734575,5.599860626832233e-12,0.01174194595791076,7.944299528532779,4.390235606155917e-08,92.05570042756486,True,The MLE may be on the boundary of the parameter space. | divide by zero encountered in slogdet | invalid value encountered in slogdet | overflow encountered in slogdet,0.6152876286160466,robustness_three_human_references,mean,supplementary,confirmatory,0.010015324350684852,0.009583414501873352,-0.008767822921905782,0.028798471623275486,0.29599132432860076,189,21,9,True,lbfgs,0.0011923953183926536,1.582995540840444e-11,0.014546336786142512,7.576184086961836,1.0057961014484312e-07,92.42381581245856,True,The MLE may be on the boundary of the parameter space.,0.6536445762389985
dimension_specific_mean_reference,mean,MQM_Terminology,narr,supplementary,exploratory,0.015923599013773743,0.02291414712758462,-0.02898730409274404,0.060834502120291525,0.48710270598770355,44,6,9,True,lbfgs,9.732022828785216e-05,0.0001553548312811562,0.022783717783953182,0.42246296522599247,0.6743887045876709,98.90314833018635,False,The MLE may be on the boundary of the parameter space.,0.6152876286160466,robustness_three_human_references,mean,supplementary,exploratory,0.01680974043890887,0.023613000727302595,-0.029470890553522318,0.06309037143134005,0.47653600677811925,43,5,9,True,cg,0.00011755023867377117,0.0002694382309318594,0.02319515249864419,0.4984714442680873,1.1425520324665253,98.3589765232654,False,The MLE may be on the boundary of the parameter space.,0.6536445762389985
dimension_specific_mean_reference,mean,MQM_Terminology,sem,supplementary,confirmatory,0.005152550338935362,0.008138245203251432,-0.010798117156793297,0.02110321783466402,0.5266501045791246,234,26,9,True,lbfgs,0.0010685273166749659,1.5166211839754527e-10,0.011739877056904345,8.342392017438447,1.1840828270114818e-06,91.65760679847872,True,Random effects covariance is singular | The MLE may be on the boundary of the parameter space. | divide by zero encountered in slogdet | invalid value encountered in slogdet | overflow encountered in slogdet,0.6319801254949495,robustness_three_human_references,mean,supplementary,confirmatory,0.007097910576604179,0.010287757362826016,-0.013065723336221576,0.027261544489429936,0.49023343217924886,189,21,9,True,lbfgs,0.0013123661485342413,4.5389904357138235e-10,0.014527298016207836,8.285315252128292,2.8655849381886863e-06,91.71468188228678,True,Random effects covariance is singular | The MLE may be on the boundary of the parameter space.,0.6536445762389985
dimension_specific_mean_reference,mean,MQM_Terminology,style,supplementary,confirmatory,0.009453365129905321,0.00871005330402096,-0.007618025649399864,0.026524755909210506,0.2777713055064266,216,24,9,True,lbfgs,0.0011017932849829541,1.6246376407543853e-05,0.012686594725958204,7.981328980307482,0.11768784273224138,91.90098317696028,False,The MLE may be on the boundary of the parameter space. | divide by zero encountered in slogdet | invalid value encountered in slogdet | overflow encountered in slogdet,0.6152876286160466,robustness_three_human_references,mean,supplementary,confirmatory,0.009715770358699876,0.0106902996208646,-0.011236831882136934,0.030668372599536683,0.36343466538534286,171,19,9,True,lbfgs,0.0013090587833614199,3.606309120234542e-11,0.01610079548465667,7.519067997338456,2.0714183227766353e-07,92.48093179551972,True,Random effects covariance is singular | The MLE may be on the boundary of the parameter space.,0.6536445762389985
dimension_specific_mean_reference,mean,MQM_Terminology,syn,supplementary,confirmatory,0.00656510059046909,0.007798112598316607,-0.008718919249619522,0.0218491204305577,0.3998532916897083,234,26,9,True,lbfgs,0.0009778806385170433,2.1141050908893418e-07,0.011775799139488046,7.667312070199384,0.0016576157500804536,92.33103031405054,False,The MLE may be on the boundary of the parameter space. | divide by zero encountered in slogdet | invalid value encountered in slogdet | overflow encountered in slogdet,0.6152876286160466,robustness_three_human_references,mean,supplementary,confirmatory,0.007974753080515302,0.009598495179888797,-0.010837951777848047,0.02678745793887865,0.4060675928231011,189,21,9,True,lbfgs,0.0011920226475598296,3.258660730797204e-11,0.014582503961690021,7.556630221780495,2.0657740195859424e-07,92.4433695716421,True,Random effects covariance is singular | The MLE may be on the boundary of the parameter space.,0.6536445762389985
dimension_specific_mean_reference,mean,Overall,disc,primary,confirmatory,-0.3843566111023285,0.2496257240397391,-0.8736140398349515,0.10490081763029452,0.12362579508102264,154,19,9,True,lbfgs,1.977362095644952,1.2815920953376565,4.97925794752471,24.00232067832172,15.556677514374716,60.441001807303564,False,,0.14835095409722718,robustness_three_human_references,mean,primary,confirmatory,-0.22667345271467362,0.3155639486417075,-0.8451674268716677,0.3918205214423204,0.4725647732624153,118,14,9,True,lbfgs,2.072023019065937,1.8121094167064233,6.141647538978443,20.666950843567044,18.07449815645355,61.2585509999794,False,,0.4725647732624153
dimension_specific_mean_reference,mean,Overall,lex,primary,confirmatory,-0.9467802314633276,0.24805284546469464,-1.4329548748368088,-0.4606055880898464,0.00013516688672270298,234,26,9,True,lbfgs,2.7994390161872795,0.8647483933910284,4.511032130637398,34.2429827409065,10.57767793436177,55.17933932473174,False,divide by zero encountered in slogdet | invalid value encountered in slogdet | overflow encountered in slogdet,0.00040550066016810897,robustness_three_human_references,mean,primary,confirmatory,-1.0282333806271509,0.29219118951184386,-1.6009175886702824,-0.4555491725840193,0.0004331063889402837,189,21,9,True,lbfgs,3.191125217857544,1.1499127967124598,5.265439441766422,33.21847401778557,11.970181598187981,54.81134438402644,False,,0.0008662127778805674
dimension_specific_mean_reference,mean,Overall,narr,primary,exploratory,-0.03492110327117487,0.1252407372719756,-0.28038843772149025,0.21054623117914048,0.7803738902448853,44,6,9,True,lbfgs,0.39915059074537323,0.8232920877975024,0.49159557060097325,23.287146068341613,48.032305475606016,28.68054845605237,False,,0.7803738902448853,robustness_three_human_references,mean,primary,exploratory,-0.11352647395002488,0.11494459430408763,-0.33881373900360445,0.11176079110355472,0.32331792930146697,43,5,9,True,lbfgs,0.30888209725815985,0.8378497512889463,0.4735561499638711,19.063407094418913,51.70992762144254,29.226665284138548,False,,0.3879815151617603
dimension_specific_mean_reference,mean,Overall,sem,primary,confirmatory,-1.257063403005524,0.19677975481249038,-1.6427446353246276,-0.8713821706864207,1.678777577730921e-10,234,26,9,True,lbfgs,1.987967539288305,0.5042411819182153,4.211857642431087,29.653160208420722,7.521422888251594,62.82541690332769,False,divide by zero encountered in slogdet | invalid value encountered in slogdet | overflow encountered in slogdet,1.0072665466385528e-09,robustness_three_human_references,mean,primary,confirmatory,-1.484912735036832,0.2430612612084589,-1.961304053042294,-1.00852141703137,1.0012435650453068e-09,189,21,9,True,bfgs,1.8700353335889806,0.3649593760071921,5.010285734053128,25.81039268435939,5.037201511324377,69.15240580431625,False,,6.007461390271841e-09
dimension_specific_mean_reference,mean,Overall,style,primary,confirmatory,-0.6816310311725307,0.19757317772801916,-1.0688673438305794,-0.29439471851448196,0.0005605490537694466,216,24,9,True,lbfgs,1.8792977737885015,0.6747091290872038,3.662545864138648,30.23054487304029,10.853428811338617,58.9160263156211,False,divide by zero encountered in slogdet | invalid value encountered in slogdet | overflow encountered in slogdet,0.0011210981075388932,robustness_three_human_references,mean,primary,confirmatory,-0.8197060721458755,0.22666941239792515,-1.2639699568426657,-0.3754421874490854,0.0002988365009040302,171,19,9,True,lbfgs,1.675712821411305,0.7753219869245768,4.4008939683277175,24.456074720427225,11.315383043168517,64.22854223640425,False,,0.0008662127778805674
dimension_specific_mean_reference,mean,Overall,syn,primary,confirmatory,-0.6616115705521219,0.206270342867575,-1.0658940136512973,-0.2573291274529465,0.0013389531121527037,234,26,9,True,lbfgs,2.2428223254878725,1.0786917611360989,4.662867743349039,28.09011859964435,13.510022242257234,58.39985915809841,False,divide by zero encountered in slogdet | invalid value encountered in slogdet | overflow encountered in slogdet,0.002008429668229056,robustness_three_human_references,mean,primary,confirmatory,-0.8292290393328972,0.24773313120617174,-1.3147770542743296,-0.3436810243914648,0.0008161243872400086,189,21,9,True,lbfgs,2.3512803457190317,1.3028732029236774,5.422435911310221,25.904888131089105,14.354215409566773,59.74089645934411,False,,0.001224186580860013
