analysis_primary,score_type_primary,target,metric,outcome_role_primary,dimension_role_primary,coef_primary,se_primary,ci_low_primary,ci_high_primary,p_primary,n_primary,n_segments_primary,n_models_primary,converged_primary,optimizer_primary,segment_var_primary,model_var_primary,residual_var_primary,segment_var_pct_primary,model_var_pct_primary,residual_pct_primary,random_effect_boundary_primary,fit_warnings_primary,p_fdr_primary,analysis_length,score_type_length,outcome_role_length,dimension_role_length,coef_length,se_length,ci_low_length,ci_high_length,p_length,n_length,n_segments_length,n_models_length,converged_length,optimizer_length,segment_var_length,model_var_length,residual_var_length,segment_var_pct_length,model_var_pct_length,residual_pct_length,random_effect_boundary_length,fit_warnings_length,p_fdr_length
dimension_specific_mean_reference,mean,MQM_Accuracy,disc,supplementary,confirmatory,-1.7074197253173196,0.9520221213205048,-3.573348795590931,0.15850934495629176,0.07289837208474403,154,19,9,True,lbfgs,54.40466703486486,38.954169155543504,66.51540520447391,34.029663915957386,24.36550679813919,41.60482928590341,False,,0.6152876286160466,robustness_length_control,mean,supplementary,confirmatory,-1.9417528058743805,0.9669999722555739,-3.8370379245465367,-0.04646768720222427,0.044641438765891855,154,19,9,True,lbfgs,57.503429311986,41.3564592466301,65.49004824926186,34.98840974864898,25.163659962324804,39.84793028902623,False,,0.35713151012713484
dimension_specific_mean_reference,mean,MQM_Accuracy,lex,supplementary,confirmatory,-0.990530061622213,0.9398488625501638,-2.8325999831314697,0.8515398598870436,0.2919173295011914,234,26,9,True,lbfgs,48.701733512679205,25.593056046729835,54.98187041492681,37.67248745624116,19.797120417413783,42.53039212634506,False,divide by zero encountered in slogdet | invalid value encountered in slogdet | overflow encountered in slogdet,0.6152876286160466,robustness_length_control,mean,supplementary,confirmatory,-1.348001271600159,1.0356725642065698,-3.3778821972212825,0.6818796540209646,0.19306311290072042,234,26,9,True,lbfgs,51.29741155238336,25.026142537318275,54.79766600737313,39.12212799301718,19.08626423609415,41.79160777088866,False,divide by zero encountered in slogdet | invalid value encountered in slogdet | overflow encountered in slogdet,0.4946784092173009
dimension_specific_mean_reference,mean,MQM_Accuracy,narr,supplementary,exploratory,-1.5331115816680652,1.4391942774794737,-4.353880532283979,1.287657368947848,0.2867597076215045,44,6,9,True,lbfgs,63.8928492168796,87.78256171766226,61.8436232777626,29.923725279381973,41.112288673233245,28.96398604738478,False,,0.6152876286160466,robustness_length_control,mean,supplementary,exploratory,-0.661207846531522,1.414974893506882,-3.434507676833409,2.112091983770365,0.6402902722304633,44,6,9,True,lbfgs,44.57279262110879,67.06602936169459,58.10491315566063,26.258873462840736,39.5101647238923,34.230961813266966,False,,0.6681289797187443
dimension_specific_mean_reference,mean,MQM_Accuracy,sem,supplementary,confirmatory,-3.0890249447139615,0.7143764351541041,-4.489177029020119,-1.688872860407804,1.531657341891447e-05,234,26,9,True,lbfgs,42.64179556343213,18.030278852585763,51.919064401581856,37.87313638643697,16.01394127631592,46.112922337247106,False,divide by zero encountered in slogdet | invalid value encountered in slogdet | overflow encountered in slogdet,0.0003675977620539473,robustness_length_control,mean,supplementary,confirmatory,-3.5329474576821593,0.7521278560858058,-5.007090967379663,-2.0588039479846554,2.6366208847813314e-06,234,26,9,True,lbfgs,46.218276148510796,18.013408883374403,50.867656034024186,40.155117935944396,15.650314516622103,44.19456754743349,False,divide by zero encountered in slogdet | invalid value encountered in slogdet | overflow encountered in slogdet,6.327890123475196e-05
dimension_specific_mean_reference,mean,MQM_Accuracy,style,supplementary,confirmatory,-1.1826663508244624,0.8110897172131999,-2.7723729847931113,0.4070402831441866,0.14480739740872067,216,24,9,True,lbfgs,49.426949272338234,27.137183486093605,57.95800104614177,36.742614671978814,20.173024853677255,43.08436047434394,False,divide by zero encountered in slogdet | invalid value encountered in slogdet | overflow encountered in slogdet,0.6152876286160466,robustness_length_control,mean,supplementary,confirmatory,-1.4814446245003587,0.8695948670218704,-3.1858192450041223,0.2229299960034048,0.08845523758617378,216,24,9,True,lbfgs,51.6036335806107,27.374217974378396,57.69079759093886,37.758208559968224,20.029625042353043,42.21216639767875,False,divide by zero encountered in slogdet | invalid value encountered in slogdet | overflow encountered in slogdet,0.42458514041363415
dimension_specific_mean_reference,mean,MQM_Accuracy,syn,supplementary,confirmatory,-0.5322509165697453,0.7430768894109494,-1.9886548575592589,0.9241530244197682,0.4738186380190389,234,26,9,True,lbfgs,47.90499719964443,28.142821934273368,55.05370300811038,36.54038215341755,21.46643416068425,41.99318368589819,False,divide by zero encountered in slogdet | invalid value encountered in slogdet | overflow encountered in slogdet,0.6152876286160466,robustness_length_control,mean,supplementary,confirmatory,-0.7144973070820596,0.7986910787514372,-2.2799030562083207,0.8509084420442014,0.37100880691297566,234,26,9,True,lbfgs,49.37488898291812,28.29187323717644,55.02639024509113,37.20982436970322,21.321275975110538,41.46889965518622,False,divide by zero encountered in slogdet | invalid value encountered in slogdet | overflow encountered in slogdet,0.4946784092173009
dimension_specific_mean_reference,mean,MQM_Fluency,disc,supplementary,confirmatory,0.1834114091134131,0.2229033434573785,-0.25347111609661066,0.6202939343234368,0.41060505414314263,154,19,9,True,lbfgs,0.2260479145905845,0.6842039271971113,6.14630284999759,3.2033750812380517,9.696005445739837,87.1006194730221,False,,0.6152876286160466,robustness_length_control,mean,supplementary,confirmatory,0.20931830305204413,0.22016570613836267,-0.22219855160997581,0.6408351577140641,0.3417410831156289,154,19,9,True,lbfgs,0.17394670063367787,0.6399559521776601,6.135431128002373,2.5030701664370207,9.208882064990213,88.28804776857277,False,,0.4946784092173009
dimension_specific_mean_reference,mean,MQM_Fluency,lex,supplementary,confirmatory,0.048927079892142976,0.19318436436036535,-0.32970731663043634,0.42756147641472225,0.8000624731626764,234,26,9,True,lbfgs,0.3519924515864249,0.3258202212047111,4.357666373990205,6.990247567635439,6.470491053139703,86.53926137922485,False,divide by zero encountered in slogdet | invalid value encountered in slogdet | overflow encountered in slogdet,0.8000624731626764,robustness_length_control,mean,supplementary,confirmatory,0.173937064225239,0.18786193549470454,-0.19426556341036874,0.5421396918608468,0.35450985284360914,234,26,9,True,lbfgs,0.20876312998662835,0.33243647401055826,4.360395617376867,4.259085472343558,6.782209852027868,88.95870467562858,False,divide by zero encountered in slogdet | invalid value encountered in slogdet | overflow encountered in slogdet,0.4946784092173009
dimension_specific_mean_reference,mean,MQM_Fluency,narr,supplementary,exploratory,0.4954482884174635,0.5061450239872803,-0.49657772955176765,1.4874743063866946,0.32764606340249913,44,6,9,True,lbfgs,0.6651477100962254,2.1825510006053706,10.195754626984044,5.099475521367147,16.73292297753281,78.16760150110004,False,,0.6152876286160466,robustness_length_control,mean,supplementary,exploratory,0.6989376786501597,0.6019331279119424,-0.48082957315878894,1.8787049304591084,0.24557885935248858,44,6,9,True,powell,1.2160184684349028e-09,2.1750134785492325,9.455981958988183,1.0454981904500095e-08,18.700149011341566,81.29985097820345,True,The MLE may be on the boundary of the parameter space.,0.4946784092173009
dimension_specific_mean_reference,mean,MQM_Fluency,sem,supplementary,confirmatory,-0.15344423230074955,0.16667012203712472,-0.4801116687924096,0.17322320419091047,0.3572351174377931,234,26,9,True,lbfgs,0.356116637143219,0.2464218207079478,4.367304651092154,7.165550890376816,4.958342050365882,87.8761070592573,False,divide by zero encountered in slogdet | invalid value encountered in slogdet | overflow encountered in slogdet,0.6152876286160466,robustness_length_control,mean,supplementary,confirmatory,-0.04188508100985592,0.17031805796658991,-0.3757023405411774,0.2919321785214655,0.8057420515839585,234,26,9,True,lbfgs,0.23633776732399875,0.25551674486563697,4.383385725565767,4.847715308339563,5.241110845919643,89.91117384574079,False,divide by zero encountered in slogdet | invalid value encountered in slogdet | overflow encountered in slogdet,0.8057420515839585
dimension_specific_mean_reference,mean,MQM_Fluency,style,supplementary,confirmatory,0.09757336654522746,0.18024932882474892,-0.25570882618879787,0.4508555592792528,0.5882839794237611,216,24,9,True,lbfgs,0.32264250592587446,0.40047475075741445,4.643276680569704,6.012277698924059,7.462641681546281,86.52508061952965,False,divide by zero encountered in slogdet | invalid value encountered in slogdet | overflow encountered in slogdet,0.6723245479128698,robustness_length_control,mean,supplementary,confirmatory,0.2422609088758805,0.18258681500901713,-0.11560267259367044,0.6001244903454315,0.18456629213512066,216,24,9,True,lbfgs,0.18620386779450773,0.3814585966633933,4.640978064672825,3.574903408156359,7.323573099928539,89.1015234919151,False,divide by zero encountered in slogdet | invalid value encountered in slogdet | overflow encountered in slogdet,0.4946784092173009
dimension_specific_mean_reference,mean,MQM_Fluency,syn,supplementary,confirmatory,-0.05365938023383503,0.16793634473526264,-0.38280856761025256,0.2754898071425825,0.7493306053811606,234,26,9,True,lbfgs,0.37045345099671123,0.28637917283646025,4.359157047116569,7.385450834203345,5.709325409799668,86.905223755997,False,divide by zero encountered in slogdet | invalid value encountered in slogdet | overflow encountered in slogdet,0.7819101969194718,robustness_length_control,mean,supplementary,confirmatory,0.08379676798300033,0.171117230943586,-0.2515868418006511,0.4191803777666518,0.624343472188811,234,26,9,True,lbfgs,0.21355712787985895,0.27579088125241247,4.388115501196687,4.378446449217119,5.654391481727597,89.96716206905529,False,divide by zero encountered in slogdet | invalid value encountered in slogdet | overflow encountered in slogdet,0.6681289797187443
dimension_specific_mean_reference,mean,MQM_Style,disc,supplementary,confirmatory,0.23927627047049757,0.22339420565309515,-0.19856832696450308,0.6771208679054982,0.28412701048412303,154,19,9,True,lbfgs,1.2908499800086748,0.1597049198961468,4.801103565899618,20.64812060782615,2.554600843435496,76.79727854873836,False,,0.6152876286160466,robustness_length_control,mean,supplementary,confirmatory,0.30456824215658423,0.22664403199009647,-0.13964589785494874,0.7487823821681172,0.17900737241802667,154,19,9,True,lbfgs,1.201300527314465,0.1460549204216792,4.802327884021483,19.534347746181005,2.374999045356301,78.0906532084627,False,,0.4946784092173009
dimension_specific_mean_reference,mean,MQM_Style,lex,supplementary,confirmatory,0.08576182503168053,0.2086414933803953,-0.32316798767454635,0.4946916377379075,0.6810367885968468,234,26,9,True,lbfgs,1.302804043376236,0.15074505035927638,3.3372775311944785,27.193721363174436,3.146535288395648,69.65974334842991,False,divide by zero encountered in slogdet | invalid value encountered in slogdet | overflow encountered in slogdet,0.7429492239238329,robustness_length_control,mean,supplementary,confirmatory,0.2731109056819371,0.2253897802490207,-0.16864494608954073,0.7148667574534149,0.2256168603510169,234,26,9,True,lbfgs,1.0947349336100727,0.21499620323423818,3.320155964937216,23.644959575554907,4.643659737437445,71.71138068700765,False,divide by zero encountered in slogdet | invalid value encountered in slogdet | overflow encountered in slogdet,0.4946784092173009
dimension_specific_mean_reference,mean,MQM_Style,narr,supplementary,exploratory,0.2508507792605467,0.34255380612100783,-0.4205423435037449,0.9222439020248383,0.46398792514228204,44,6,9,True,lbfgs,3.0194726798712526,0.0008678891526638393,4.427290611959175,40.54272568680933,0.011653224113459357,59.445621089077214,False,The MLE may be on the boundary of the parameter space.,0.6152876286160466,robustness_length_control,mean,supplementary,exploratory,0.3190930701356361,0.34080925746882323,-0.34888080010109584,0.987066940372368,0.34912877311638224,44,6,9,True,powell,2.387268486091332,1.1092089760262098e-09,4.4232105187781245,35.05287196386095,1.628679825681096e-08,64.94712801985224,True,The MLE may be on the boundary of the parameter space.,0.4946784092173009
dimension_specific_mean_reference,mean,MQM_Style,sem,supplementary,confirmatory,-0.2761069244920921,0.15806150301133384,-0.5859017777365758,0.033687928752391516,0.08066644773209616,234,26,9,True,bfgs,1.2724746468736554,0.04504769117564971,3.359407847128777,27.207475769177076,0.963189301358674,71.82933492946424,False,divide by zero encountered in slogdet | invalid value encountered in slogdet | overflow encountered in slogdet,0.6152876286160466,robustness_length_control,mean,supplementary,confirmatory,-0.20797021307547675,0.1715391293342113,-0.5441807285098892,0.12824030235893574,0.22536783763887847,234,26,9,True,lbfgs,1.1834578933959372,0.05937886279070496,3.3723732182251767,25.642557975853784,1.2865907102801415,73.07085131386607,False,divide by zero encountered in slogdet | invalid value encountered in slogdet | overflow encountered in slogdet,0.4946784092173009
dimension_specific_mean_reference,mean,MQM_Style,style,supplementary,confirmatory,0.18458955255294032,0.1850508081096167,-0.17810336665194096,0.5472824717578216,0.3185182782214838,216,24,9,True,lbfgs,1.3588607582106116,0.1672558881041033,3.5541667040371627,26.747735598576252,3.2922551080249995,69.96000929339874,False,divide by zero encountered in slogdet | invalid value encountered in slogdet | overflow encountered in slogdet,0.6152876286160466,robustness_length_control,mean,supplementary,confirmatory,0.3350095917818916,0.1951298940120597,-0.04743797278886336,0.7174571563526466,0.08600580212091927,216,24,9,True,lbfgs,1.1995383144321077,0.1746283949719042,3.5323930373939074,24.44764511865857,3.5590801698862187,71.99327471145521,False,divide by zero encountered in slogdet | invalid value encountered in slogdet | overflow encountered in slogdet,0.42458514041363415
dimension_specific_mean_reference,mean,MQM_Style,syn,supplementary,confirmatory,0.23516857031743824,0.17067654062039142,-0.0993513023044165,0.569688442939293,0.16824616938929138,234,26,9,True,lbfgs,1.2981584931253776,0.17606102237505863,3.2990466251607113,27.196440652386684,3.6884811612593698,69.11507818635393,False,divide by zero encountered in slogdet | invalid value encountered in slogdet | overflow encountered in slogdet,0.6152876286160466,robustness_length_control,mean,supplementary,confirmatory,0.39366182002480665,0.17902035013493697,0.04278838126057999,0.7445352587890333,0.02787948327254233,234,26,9,True,bfgs,1.0774214236089772,0.19138225996249267,3.279987759530227,23.685883098529416,4.207321051237169,72.10679585023341,False,divide by zero encountered in slogdet | invalid value encountered in slogdet | overflow encountered in slogdet,0.334553799270508
dimension_specific_mean_reference,mean,MQM_Terminology,disc,supplementary,confirmatory,-0.01195214448192176,0.013273102267029076,-0.03796694688841569,0.014062657924572172,0.36786561135918017,154,19,9,True,powell,0.0018169584522770288,2.364574426502674e-10,0.017673077763315292,9.322498994535946,1.2132221672956348e-06,90.67749979224189,True,The MLE may be on the boundary of the parameter space.,0.6152876286160466,robustness_length_control,mean,supplementary,confirmatory,-0.014630590535085024,0.014160651018242248,-0.042384956528480275,0.013123775458310227,0.30151672608143365,154,19,9,True,powell,0.0021154777636666774,5.8175272588150414e-12,0.01759350657890568,10.733570671486683,2.9517133688780374e-08,89.26642929899617,True,The MLE may be on the boundary of the parameter space.,0.4946784092173009
dimension_specific_mean_reference,mean,MQM_Terminology,lex,supplementary,confirmatory,0.007628494103189694,0.0078364481492293,-0.007730662036015298,0.022987650242394686,0.33032312802366726,234,26,9,True,lbfgs,0.0010133162346734575,5.599860626832233e-12,0.01174194595791076,7.944299528532779,4.390235606155917e-08,92.05570042756486,True,The MLE may be on the boundary of the parameter space. | divide by zero encountered in slogdet | invalid value encountered in slogdet | overflow encountered in slogdet,0.6152876286160466,robustness_length_control,mean,supplementary,confirmatory,0.007865172450772564,0.008305606481400765,-0.008413517122535378,0.024143862024080504,0.3436533126417708,234,26,9,True,lbfgs,0.0010207587658612749,2.084165133844123e-12,0.011790686306487825,7.9675536985153865,1.6267994139110178e-08,92.03244628521662,True,The MLE may be on the boundary of the parameter space. | divide by zero encountered in slogdet | invalid value encountered in slogdet | overflow encountered in slogdet,0.4946784092173009
dimension_specific_mean_reference,mean,MQM_Terminology,narr,supplementary,exploratory,0.015923599013773743,0.02291414712758462,-0.02898730409274404,0.060834502120291525,0.48710270598770355,44,6,9,True,lbfgs,9.732022828785216e-05,0.0001553548312811562,0.022783717783953182,0.42246296522599247,0.6743887045876709,98.90314833018635,False,The MLE may be on the boundary of the parameter space.,0.6152876286160466,robustness_length_control,mean,supplementary,exploratory,0.016615843003888058,0.023382298186197043,-0.029212619316834377,0.0624443053246105,0.4773220187886035,44,6,9,True,lbfgs,1.48966237246901e-05,0.00041163766435097117,0.02316943412270954,0.06313207182410525,1.7445254086830384,98.19234251949287,False,The MLE may be on the boundary of the parameter space.,0.5727864225463242
dimension_specific_mean_reference,mean,MQM_Terminology,sem,supplementary,confirmatory,0.005152550338935362,0.008138245203251432,-0.010798117156793297,0.02110321783466402,0.5266501045791246,234,26,9,True,lbfgs,0.0010685273166749659,1.5166211839754527e-10,0.011739877056904345,8.342392017438447,1.1840828270114818e-06,91.65760679847872,True,Random effects covariance is singular | The MLE may be on the boundary of the parameter space. | divide by zero encountered in slogdet | invalid value encountered in slogdet | overflow encountered in slogdet,0.6319801254949495,robustness_length_control,mean,supplementary,confirmatory,0.005046755729576456,0.008638565594992315,-0.011884521714695305,0.021978033173848215,0.5590775296637631,234,26,9,True,lbfgs,0.0010857309543436167,1.447311671813831e-10,0.011783686024261232,8.436520037685849,1.1246132268021926e-06,91.56347883770091,True,Random effects covariance is singular | The MLE may be on the boundary of the parameter space. | divide by zero encountered in slogdet | invalid value encountered in slogdet | overflow encountered in slogdet,0.6389457481871579
dimension_specific_mean_reference,mean,MQM_Terminology,style,supplementary,confirmatory,0.009453365129905321,0.00871005330402096,-0.007618025649399864,0.026524755909210506,0.2777713055064266,216,24,9,True,lbfgs,0.0011017932849829541,1.6246376407543853e-05,0.012686594725958204,7.981328980307482,0.11768784273224138,91.90098317696028,False,The MLE may be on the boundary of the parameter space. | divide by zero encountered in slogdet | invalid value encountered in slogdet | overflow encountered in slogdet,0.6152876286160466,robustness_length_control,mean,supplementary,confirmatory,0.010243791848486236,0.009459740343501106,-0.008296958527876491,0.028784542224848962,0.2788603657044023,216,24,9,True,lbfgs,0.001018687025568635,1.0969527154889481e-07,0.012806165230588964,7.368461693764943,0.0007934580357926781,92.63074484819927,False,The MLE may be on the boundary of the parameter space. | divide by zero encountered in slogdet | invalid value encountered in slogdet | overflow encountered in slogdet,0.4946784092173009
dimension_specific_mean_reference,mean,MQM_Terminology,syn,supplementary,confirmatory,0.00656510059046909,0.007798112598316607,-0.008718919249619522,0.0218491204305577,0.3998532916897083,234,26,9,True,lbfgs,0.0009778806385170433,2.1141050908893418e-07,0.011775799139488046,7.667312070199384,0.0016576157500804536,92.33103031405054,False,The MLE may be on the boundary of the parameter space. | divide by zero encountered in slogdet | invalid value encountered in slogdet | overflow encountered in slogdet,0.6152876286160466,robustness_length_control,mean,supplementary,confirmatory,0.006881629828702672,0.00851465685380053,-0.009806790945463491,0.023570050602868837,0.418969768745721,234,26,9,True,lbfgs,0.0009308784257224548,2.06061614287711e-06,0.011855181258956408,7.279243577827763,0.016113518596980188,92.70464290357526,False,The MLE may be on the boundary of the parameter space. | divide by zero encountered in slogdet | invalid value encountered in slogdet | overflow encountered in slogdet,0.5292249710472265
dimension_specific_mean_reference,mean,Overall,disc,primary,confirmatory,-0.3843566111023285,0.2496257240397391,-0.8736140398349515,0.10490081763029452,0.12362579508102264,154,19,9,True,lbfgs,1.977362095644952,1.2815920953376565,4.97925794752471,24.00232067832172,15.556677514374716,60.441001807303564,False,,0.14835095409722718,robustness_length_control,mean,primary,confirmatory,-0.07442356862969696,0.21446812587416456,-0.49477337117486236,0.34592623391546845,0.7285803583175534,154,19,9,True,lbfgs,2.1725260624998883,0.8309417858503614,3.360265420077423,34.139175400050476,13.057457797184941,52.80336680276458,False,,0.7285803583175534
dimension_specific_mean_reference,mean,Overall,lex,primary,confirmatory,-0.9467802314633276,0.24805284546469464,-1.4329548748368088,-0.4606055880898464,0.00013516688672270298,234,26,9,True,lbfgs,2.7994390161872795,0.8647483933910284,4.511032130637398,34.2429827409065,10.57767793436177,55.17933932473174,False,divide by zero encountered in slogdet | invalid value encountered in slogdet | overflow encountered in slogdet,0.00040550066016810897,robustness_length_control,mean,primary,confirmatory,-0.2944912989134608,0.24355955125315412,-0.7718592474603803,0.18287664963345862,0.2266189950994456,234,26,9,True,lbfgs,2.344885828092243,0.8945637777953503,3.7242862236985608,33.67281421173032,12.846032642345554,53.481153145924125,False,divide by zero encountered in slogdet | invalid value encountered in slogdet | overflow encountered in slogdet,0.6798569852983368
dimension_specific_mean_reference,mean,Overall,narr,primary,exploratory,-0.03492110327117487,0.1252407372719756,-0.28038843772149025,0.21054623117914048,0.7803738902448853,44,6,9,True,lbfgs,0.39915059074537323,0.8232920877975024,0.49159557060097325,23.287146068341613,48.032305475606016,28.68054845605237,False,,0.7803738902448853,robustness_length_control,mean,primary,exploratory,0.06562775262971449,0.11826233630608564,-0.16616216725777702,0.29741767251720597,0.5789400288510034,44,6,9,True,lbfgs,0.1850313099531693,0.6259400551976011,0.43373693362675875,14.865435551035928,50.28809206240196,34.84647238656211,False,,0.694728034621204
dimension_specific_mean_reference,mean,Overall,sem,primary,confirmatory,-1.257063403005524,0.19677975481249038,-1.6427446353246276,-0.8713821706864207,1.678777577730921e-10,234,26,9,True,lbfgs,1.987967539288305,0.5042411819182153,4.211857642431087,29.653160208420722,7.521422888251594,62.82541690332769,False,divide by zero encountered in slogdet | invalid value encountered in slogdet | overflow encountered in slogdet,1.0072665466385528e-09,robustness_length_control,mean,primary,confirmatory,-0.8458172390061403,0.19038841506973073,-1.2189716756164755,-0.47266280239580516,8.88833684921394e-06,234,26,9,True,lbfgs,2.0434274393358907,0.5616791479644768,3.5175277069891457,33.374971313275466,9.17381507643444,57.45121361029009,False,divide by zero encountered in slogdet | invalid value encountered in slogdet | overflow encountered in slogdet,5.333002109528364e-05
dimension_specific_mean_reference,mean,Overall,style,primary,confirmatory,-0.6816310311725307,0.19757317772801916,-1.0688673438305794,-0.29439471851448196,0.0005605490537694466,216,24,9,True,lbfgs,1.8792977737885015,0.6747091290872038,3.662545864138648,30.23054487304029,10.853428811338617,58.9160263156211,False,divide by zero encountered in slogdet | invalid value encountered in slogdet | overflow encountered in slogdet,0.0011210981075388932,robustness_length_control,mean,primary,confirmatory,-0.10384122021082816,0.17910418229853942,-0.4548789669964617,0.2471965265748054,0.5620622431037232,216,24,9,True,lbfgs,1.7302399439680807,0.6356707761887294,2.608084278510844,34.785719415309956,12.779883702315775,52.43439688237425,False,divide by zero encountered in slogdet | invalid value encountered in slogdet | overflow encountered in slogdet,0.694728034621204
dimension_specific_mean_reference,mean,Overall,syn,primary,confirmatory,-0.6616115705521219,0.206270342867575,-1.0658940136512973,-0.2573291274529465,0.0013389531121527037,234,26,9,True,lbfgs,2.2428223254878725,1.0786917611360989,4.662867743349039,28.09011859964435,13.510022242257234,58.39985915809841,False,divide by zero encountered in slogdet | invalid value encountered in slogdet | overflow encountered in slogdet,0.002008429668229056,robustness_length_control,mean,primary,confirmatory,-0.14362817940545702,0.20050172803000846,-0.5366043451823186,0.2493479863714046,0.47377905801712317,234,26,9,True,lbfgs,2.279595573142415,0.9753148435615021,3.74159517686283,32.58191596728647,13.94002806855896,53.47805596415457,False,divide by zero encountered in slogdet | invalid value encountered in slogdet | overflow encountered in slogdet,0.694728034621204
