analysis,score_type,target,metric,outcome_role,dimension_role,coef,se,ci_low,ci_high,p,n,n_segments,n_models,converged,optimizer,segment_var,model_var,residual_var,segment_var_pct,model_var_pct,residual_pct,random_effect_boundary,fit_warnings,p_fdr
robustness_three_human_references,mean,Overall,sem,primary,confirmatory,-1.484912735036832,0.2430612612084589,-1.961304053042294,-1.00852141703137,1.0012435650453068e-09,189,21,9,True,bfgs,1.8700353335889806,0.3649593760071921,5.010285734053128,25.81039268435939,5.037201511324377,69.15240580431625,False,,6.007461390271841e-09
robustness_three_human_references,mean,Overall,lex,primary,confirmatory,-1.0282333806271509,0.29219118951184386,-1.6009175886702824,-0.4555491725840193,0.0004331063889402837,189,21,9,True,lbfgs,3.191125217857544,1.1499127967124598,5.265439441766422,33.21847401778557,11.970181598187981,54.81134438402644,False,,0.0008662127778805674
robustness_three_human_references,mean,Overall,syn,primary,confirmatory,-0.8292290393328972,0.24773313120617174,-1.3147770542743296,-0.3436810243914648,0.0008161243872400086,189,21,9,True,lbfgs,2.3512803457190317,1.3028732029236774,5.422435911310221,25.904888131089105,14.354215409566773,59.74089645934411,False,,0.001224186580860013
robustness_three_human_references,mean,Overall,disc,primary,confirmatory,-0.22667345271467362,0.3155639486417075,-0.8451674268716677,0.3918205214423204,0.4725647732624153,118,14,9,True,lbfgs,2.072023019065937,1.8121094167064233,6.141647538978443,20.666950843567044,18.07449815645355,61.2585509999794,False,,0.4725647732624153
robustness_three_human_references,mean,Overall,narr,primary,exploratory,-0.11352647395002488,0.11494459430408763,-0.33881373900360445,0.11176079110355472,0.32331792930146697,43,5,9,True,lbfgs,0.30888209725815985,0.8378497512889463,0.4735561499638711,19.063407094418913,51.70992762144254,29.226665284138548,False,,0.3879815151617603
robustness_three_human_references,mean,Overall,style,primary,confirmatory,-0.8197060721458755,0.22666941239792515,-1.2639699568426657,-0.3754421874490854,0.0002988365009040302,171,19,9,True,lbfgs,1.675712821411305,0.7753219869245768,4.4008939683277175,24.456074720427225,11.315383043168517,64.22854223640425,False,,0.0008662127778805674
robustness_three_human_references,mean,MQM_Accuracy,sem,supplementary,confirmatory,-2.9542813328176694,0.8602374176110648,-4.640315689489098,-1.2682469761462405,0.0005941679141444973,189,21,9,True,lbfgs,44.94582702286034,21.481789726786022,57.45612250108236,36.28065095120702,17.34028199076955,46.37906705802343,False,,0.014260029939467936
robustness_three_human_references,mean,MQM_Accuracy,lex,supplementary,confirmatory,-1.2962744710506482,1.065659838132308,-3.3849293735607553,0.7923804314594589,0.2238304959811689,189,21,9,True,lbfgs,54.86928900486909,30.79006888459806,58.9262365618197,37.94934703771987,21.295391841385495,40.75526112089463,False,,0.6536445762389985
robustness_three_human_references,mean,MQM_Accuracy,syn,supplementary,confirmatory,-0.866466336833909,0.8706210783417325,-2.5728522945651298,0.8399196208973116,0.3196254635094017,189,21,9,True,lbfgs,53.20905527147119,33.5020404825843,59.07697226013216,36.49753782750798,22.979960526895784,40.52250164559624,False,,0.6536445762389985
robustness_three_human_references,mean,MQM_Accuracy,disc,supplementary,confirmatory,-0.8449795676687409,1.1324869317556852,-3.064613166872154,1.3746540315346722,0.45559043882687167,118,14,9,True,lbfgs,55.039102598700076,58.38012719961788,72.58360344766847,29.59046463873566,31.386687063207734,39.022848298056594,False,,0.6536445762389985
robustness_three_human_references,mean,MQM_Accuracy,narr,supplementary,exploratory,-2.3269108651927493,1.281238172805176,-4.838091539508801,0.1842698091233017,0.06934854363852655,43,5,9,True,lbfgs,42.591432278490075,89.79341158943505,59.036495513855684,22.25009626201783,46.908778237282284,30.841125500699892,False,,0.5070003933604762
robustness_three_human_references,mean,MQM_Accuracy,style,supplementary,confirmatory,-1.1805727106244328,0.926014211709742,-2.995527214747776,0.6343817934989102,0.20234571248851896,171,19,9,True,lbfgs,52.92087699878412,34.405733806251476,63.60473028732478,35.06288131793642,22.795619224768803,42.14149945729478,False,,0.6536445762389985
robustness_three_human_references,mean,MQM_Fluency,sem,supplementary,confirmatory,-0.24323900968113094,0.2006859397802059,-0.6365762238539087,0.1500982044916468,0.22549778794710373,189,21,9,True,lbfgs,0.3864636363259381,0.1651965854586899,5.282511142381261,6.624139268511027,2.831534679857797,90.54432605163117,False,,0.6536445762389985
robustness_three_human_references,mean,MQM_Fluency,lex,supplementary,confirmatory,0.04353832832615579,0.23181302888060548,-0.41080685942697437,0.49788351607928594,0.8510204447215441,189,21,9,True,lbfgs,0.38545566781284524,0.2894489938576398,5.26406310728313,6.490280513523624,4.873725622333824,88.63599386414255,False,,0.9283859396962301
robustness_three_human_references,mean,MQM_Fluency,syn,supplementary,confirmatory,-0.14131163488260468,0.19990234143573027,-0.5331130245218649,0.2504897547566556,0.4796265418664739,189,21,9,True,lbfgs,0.41995471015881125,0.2328544882905966,5.255178690121415,7.108252726300033,3.9413501293910995,88.95039714430888,False,,0.6536445762389985
robustness_three_human_references,mean,MQM_Fluency,disc,supplementary,confirmatory,0.3106562663837877,0.28002998516244715,-0.23819241912589445,0.8595049518934699,0.2672715199497866,118,14,9,True,cg,0.13582684021550537,0.7714377426244264,7.760296202207336,1.5670711009010205,8.900286502233275,89.5326423968657,False,,0.6536445762389985
robustness_three_human_references,mean,MQM_Fluency,narr,supplementary,exploratory,0.4042459419501221,0.5182283800611652,-0.6114630187362968,1.419954902636541,0.4353592940065192,43,5,9,True,lbfgs,0.7034466974152328,2.1887674105653163,10.451530064921567,5.2717339923509705,16.40294794477676,78.32531806287227,False,,0.6536445762389985
robustness_three_human_references,mean,MQM_Fluency,style,supplementary,confirmatory,0.02873986012287725,0.22079424532996536,-0.40400890871755585,0.4614886289633104,0.8964352500299536,171,19,9,True,lbfgs,0.33640059186281124,0.35408346194494084,5.735553208309862,5.234961736775783,5.510137079850319,89.25490118337392,False,,0.9354106956834298
robustness_three_human_references,mean,MQM_Style,sem,supplementary,confirmatory,-0.32972217784429547,0.1596371272114312,-0.6426051977741396,-0.016839157914451286,0.03888063518769663,189,21,9,True,lbfgs,1.5731372114864788,1.5673891744695971e-06,3.3954010697078036,31.661962255067436,3.154627359819734e-05,68.33800619865897,False,The MLE may be on the boundary of the parameter space.,0.4665676222523596
robustness_three_human_references,mean,MQM_Style,lex,supplementary,confirmatory,0.012015640444587496,0.19817130352690465,-0.37639297723750104,0.400424258126676,0.9516518139840117,189,21,9,True,lbfgs,1.6653922076020977,0.07833984037347758,3.391576994069002,32.43022365288919,1.525513649365244,66.04426269774557,False,,0.9516518139840117
robustness_three_human_references,mean,MQM_Style,syn,supplementary,confirmatory,0.06970988542256011,0.17841785837850405,-0.27998269119807573,0.419402462043196,0.6960105954626274,189,21,9,True,lbfgs,1.660872707169757,0.07946956839235325,3.3885320400530414,32.38279210923799,1.5494543929533153,66.0677534978087,False,,0.7954406805287171
robustness_three_human_references,mean,MQM_Style,disc,supplementary,confirmatory,0.4337027353136725,0.2513997087881193,-0.05903163963489905,0.926437110262244,0.08450006556007936,118,14,9,True,lbfgs,1.5811843520598892,0.000734167431111818,5.164332222479237,23.43797188300335,0.010882599227217647,76.55114551776944,False,The MLE may be on the boundary of the parameter space.,0.5070003933604762
robustness_three_human_references,mean,MQM_Style,narr,supplementary,exploratory,0.1357020007363628,0.33128931097758596,-0.5136131172427956,0.7850171187155213,0.6820863329570017,43,5,9,True,lbfgs,3.36707196702999,0.00018862388045965257,4.450242659597292,43.07093785744574,0.002412840448098331,56.92664930210616,False,The MLE may be on the boundary of the parameter space.,0.7954406805287171
robustness_three_human_references,mean,MQM_Style,style,supplementary,confirmatory,0.22822913344248366,0.19968759556400031,-0.16315136202235722,0.6196096289073245,0.2530672608570085,171,19,9,True,lbfgs,1.7470491516059596,0.1317723149070699,3.641015854314449,31.650373916165698,2.3872499722023677,65.96237611163194,False,,0.6536445762389985
robustness_three_human_references,mean,MQM_Terminology,sem,supplementary,confirmatory,0.007097910576604179,0.010287757362826016,-0.013065723336221576,0.027261544489429936,0.49023343217924886,189,21,9,True,lbfgs,0.0013123661485342413,4.5389904357138235e-10,0.014527298016207836,8.285315252128292,2.8655849381886863e-06,91.71468188228678,True,Random effects covariance is singular | The MLE may be on the boundary of the parameter space.,0.6536445762389985
robustness_three_human_references,mean,MQM_Terminology,lex,supplementary,confirmatory,0.010015324350684852,0.009583414501873352,-0.008767822921905782,0.028798471623275486,0.29599132432860076,189,21,9,True,lbfgs,0.0011923953183926536,1.582995540840444e-11,0.014546336786142512,7.576184086961836,1.0057961014484312e-07,92.42381581245856,True,The MLE may be on the boundary of the parameter space.,0.6536445762389985
robustness_three_human_references,mean,MQM_Terminology,syn,supplementary,confirmatory,0.007974753080515302,0.009598495179888797,-0.010837951777848047,0.02678745793887865,0.4060675928231011,189,21,9,True,lbfgs,0.0011920226475598296,3.258660730797204e-11,0.014582503961690021,7.556630221780495,2.0657740195859424e-07,92.4433695716421,True,Random effects covariance is singular | The MLE may be on the boundary of the parameter space.,0.6536445762389985
robustness_three_human_references,mean,MQM_Terminology,disc,supplementary,confirmatory,-0.01168661243079275,0.018658890058781803,-0.048257364937497535,0.02488414007591204,0.5310988706517503,118,14,9,True,lbfgs,0.0022131849499776204,0.000332077578026968,0.022974271297987566,8.672513240517926,1.301268198280097,90.02621856120197,False,The MLE may be on the boundary of the parameter space.,0.6708617313495794
robustness_three_human_references,mean,MQM_Terminology,narr,supplementary,exploratory,0.01680974043890887,0.023613000727302595,-0.029470890553522318,0.06309037143134005,0.47653600677811925,43,5,9,True,cg,0.00011755023867377117,0.0002694382309318594,0.02319515249864419,0.4984714442680873,1.1425520324665253,98.3589765232654,False,The MLE may be on the boundary of the parameter space.,0.6536445762389985
robustness_three_human_references,mean,MQM_Terminology,style,supplementary,confirmatory,0.009715770358699876,0.0106902996208646,-0.011236831882136934,0.030668372599536683,0.36343466538534286,171,19,9,True,lbfgs,0.0013090587833614199,3.606309120234542e-11,0.01610079548465667,7.519067997338456,2.0714183227766353e-07,92.48093179551972,True,Random effects covariance is singular | The MLE may be on the boundary of the parameter space.,0.6536445762389985
