metric,score_type,n,r_median,r_p95,r_max,r_skew,log_r_skew
sem,mean,234,1.1275646254778426,2.2590293602269313,5.090518870204135,2.061178597735334,0.42729051796885814
sem,nearest,234,1.2461312211689433,2.9229929806584347,8.053120203010032,2.607643599960441,0.3751617027420533
lex,mean,234,1.004309378052214,1.1506700249147233,1.2998221985473553,0.5565525834686504,0.33212723360483043
lex,nearest,234,1.0106127130364841,1.2028109364890558,1.4473458904109593,0.8675893573521601,0.535076604079702
syn,mean,234,0.9767256386681786,1.315204758991478,1.6724524263402565,1.0028967079367095,0.4365767166628843
syn,nearest,234,1.0131946647586738,1.3871177618737802,1.7794117647058827,0.9054555132964415,0.11161986870490676
disc,mean,154,1.151688068293104,4.611586032463368,15.740299006966122,4.233450065211101,0.67794384386227
disc,nearest,136,1.1844943524848257,12.572921155862373,58.2649131446814,5.849990443940739,0.8629272542107227
narr,mean,44,0.8530488649720682,1.213341578268157,1.8696441441413796,1.8227543547618672,0.17664628188832263
narr,nearest,44,0.8770435082896838,1.1831390347099098,1.8696441441413796,0.5651905328213958,-0.8196131524001636
style,mean,216,0.9939606875156182,1.5869434938330165,3.1330830230114635,1.8566025361581997,0.5152562041113256
style,nearest,216,1.066618033821893,1.8953293533857658,4.899435431920297,2.903074073401839,0.4919050464913985
