prompt_id,source,story_id,PerplexitySliding,n_tokens
67,gemma,3,22.06747415750409,333.0
14,gemma,1,10.865057755945491,600.0
43,gemma,0,26.07324146888365,273.0
138,gemma,1,16.405133577273407,413.0
144,gemma,3,24.32860973676041,966.0
19,gemma,2,19.578896111776345,332.0
99,gemma,4,27.044707015085518,390.0
17,gemma,2,16.526099828423725,1043.0
112,gemma,4,20.620621294529442,151.0
68,gemma,4,15.325712959804044,385.0
112,gemma,0,19.142563485252857,146.0
51,gemma,1,20.812354560508464,412.0
51,gemma,4,21.154506191812924,417.0
103,gemma,1,11.354190578349865,2208.0
98,gemma,4,36.41330482698453,286.0
152,gemma,1,21.003652076842332,368.0
102,gemma,4,14.798685435117667,405.0
188,gemma,2,19.66362523992862,452.0
171,gemma,3,12.936754187586251,330.0
50,gemma,3,13.796930689769788,229.0
140,gemma,4,35.770384559497344,453.0
174,gemma,2,18.65697256295547,365.0
199,gemma,3,25.383252672532322,403.0
6,gemma,1,22.51411973863376,299.0
68,gemma,0,14.00322236097007,398.0
159,gemma,3,14.014027573020035,2637.0
143,gemma,3,26.01387468218012,440.0
150,gemma,2,17.449996980858458,414.0
42,gemma,4,32.19023025231222,273.0
55,gemma,2,20.624810441014514,336.0
121,gemma,4,15.35120571746695,1588.0
13,gemma,3,15.400684475297528,573.0
8,gemma,0,23.328340034551083,284.0
162,gemma,4,24.677757652164665,458.0
52,gemma,4,17.05918073809055,410.0
145,gemma,2,21.385944103305928,519.0
137,gemma,1,17.327518033419842,402.0
58,gemma,3,20.276949898180046,340.0
150,gemma,4,17.031330798793153,421.0
25,gemma,0,20.60791647309115,176.0
12,gemma,4,24.78474748360699,209.0
70,gemma,1,17.713257216268005,193.0
124,gemma,3,19.416182961864294,647.0
118,gemma,1,14.790678402929148,278.0
124,gemma,1,17.358827749994898,668.0
172,gemma,0,16.68820650120539,1514.0
151,gemma,2,11.068537420331648,929.0
34,gemma,1,25.45348441674006,412.0
94,gemma,1,23.969310031938324,388.0
67,gemma,1,23.30181924993958,336.0
76,gemma,1,23.249616408696106,175.0
40,gemma,4,12.56673576952891,629.0
28,gemma,2,11.450313733128178,485.0
135,gemma,3,18.848041260444255,692.0
4,gemma,4,24.655016117138505,386.0
60,gemma,3,25.689817410323222,588.0
111,gemma,3,29.25120509190682,893.0
49,gemma,3,9.24865821532817,587.0
182,gemma,3,33.70991428297781,432.0
140,gemma,1,32.76206864224667,472.0
108,human,1,16.245017483284627,348.0
47,human,0,7.494085740039456,343.0
143,human,2,24.790994236193413,489.0
159,human,3,12.557853499081908,5631.0
82,human,2,9.618472467034197,1468.0
108,human,2,18.272355858994423,332.0
94,human,0,16.28009536293212,490.0
59,human,2,16.00363212589295,325.0
156,human,1,11.800428374545097,227.0
27,human,1,10.85135007474357,538.0
24,human,2,10.911135347211491,195.0
79,human,2,13.788140805487288,1125.0
106,human,0,12.331761656535491,387.0
66,human,2,19.9801883759314,396.0
63,human,1,17.017729210302985,257.0
19,human,0,11.68619367557681,410.0
16,human,2,17.20456968420737,211.0
178,human,3,22.360392943150668,289.0
90,human,1,10.364725184452466,157.0
46,human,0,34.220732329171994,873.0
32,human,1,17.19067399680689,471.0
153,human,2,35.13762619522446,558.0
108,human,0,15.318742837865617,386.0
100,human,2,9.9753139858621,801.0
188,human,3,17.837008273593874,460.0
180,human,0,25.377945764536726,130.0
77,human,2,24.25590625913243,325.0
183,human,3,19.96406041247257,544.0
154,human,1,20.231808235310208,560.0
23,human,0,22.489500446323618,308.0
199,human,1,24.68910979612338,287.0
165,human,0,18.223372147407975,647.0
155,human,1,15.526955108346248,725.0
40,human,1,10.589922683971677,587.0
40,human,2,19.10312606043629,360.0
30,human,1,12.364151330590435,216.0
21,human,2,19.517864333659556,207.0
87,human,0,10.449658513029442,413.0
3,human,0,13.230840760647133,403.0
196,human,0,15.086019925252156,615.0
172,human,1,16.009230536147243,1363.0
96,human,1,15.546131752463543,563.0
9,human,1,13.633967992750753,616.0
165,human,2,16.14040984313827,617.0
119,human,1,17.508218891141116,513.0
139,human,0,12.607008405778698,491.0
186,human,0,24.83793358488166,716.0
35,human,0,16.520946942888177,732.0
16,human,3,21.79907322847651,397.0
77,human,3,26.92799999925151,246.0
177,human,0,16.122060645023133,168.0
103,human,3,11.66475244864597,3766.0
23,human,1,16.861343771089423,264.0
169,human,2,17.376488142460026,363.0
23,human,2,23.00863322298533,286.0
190,human,2,24.664076109006714,273.0
171,human,2,13.874532296640314,327.0
101,human,0,20.542839469463736,330.0
105,human,2,16.750550761135333,487.0
53,human,2,16.321921457622278,397.0
42,llama,3,22.252262638686357,262.0
66,llama,2,27.59332854721387,349.0
100,llama,3,12.554792828757051,664.0
61,llama,4,19.799873986241487,409.0
17,llama,3,16.792012068762027,1055.0
107,llama,2,32.17829822966401,336.0
56,llama,0,23.58861024879293,412.0
21,llama,2,15.998195871813834,189.0
11,llama,4,17.045947054338388,367.0
101,llama,3,27.353541178720622,333.0
72,llama,0,11.66961359352697,735.0
89,llama,2,37.4373542065462,317.0
14,llama,0,13.902691608789778,599.0
19,llama,1,18.51288627171876,354.0
173,llama,1,19.696441679109572,266.0
151,llama,2,13.248170185187877,841.0
174,llama,2,23.237225249699712,347.0
188,llama,2,19.440621876556147,485.0
15,llama,1,18.726890568995977,845.0
166,llama,3,16.11618070538128,823.0
39,llama,3,31.401054600323622,248.0
100,llama,1,13.152577114913113,689.0
143,llama,0,24.459982433692605,438.0
100,llama,2,13.151743013575699,681.0
107,llama,3,29.250737835578228,345.0
159,llama,2,16.06061958142314,1367.0
176,llama,3,15.797808761443498,423.0
104,llama,0,30.93260655520629,298.0
91,llama,4,35.7978563074051,440.0
190,llama,4,35.8703907743835,267.0
164,llama,0,19.851239887882553,325.0
146,llama,4,20.853242283849625,337.0
121,llama,0,17.54880651648183,1538.0
119,llama,4,18.43442968512886,466.0
135,llama,3,16.556103535138966,722.0
138,llama,4,13.212295973728455,428.0
76,llama,3,18.198623661823547,188.0
189,llama,3,17.38098374611546,502.0
123,llama,3,21.29070205999907,325.0
131,llama,4,50.544044536290784,95.0
194,llama,4,20.48295831738419,770.0
4,llama,3,28.45349873845016,425.0
6,llama,0,22.54794068713535,285.0
147,llama,1,16.619257839863398,244.0
2,llama,0,24.308241488730857,242.0
34,llama,4,33.79089647138207,369.0
104,llama,4,35.88269089979605,306.0
129,llama,2,22.750249031266797,489.0
145,llama,2,19.323059606747755,598.0
63,llama,3,30.92847688236026,303.0
27,llama,4,27.394527455202937,1019.0
57,llama,1,20.36804549817998,241.0
187,llama,0,31.307305439870767,455.0
97,llama,2,20.1954995587066,479.0
90,llama,1,13.753115927886583,204.0
168,llama,0,18.246662059952527,1380.0
113,llama,4,22.68552890804653,215.0
72,llama,3,14.334113281369687,652.0
41,llama,4,18.27071354394577,325.0
118,llama,3,18.970070696280068,282.0
41,mistral,1,21.79000062407688,327.0
110,mistral,2,43.18503867079531,224.0
36,mistral,0,14.516048373583963,744.0
95,mistral,0,4.8210499138029395,893.0
13,mistral,3,12.987139499483822,594.0
87,mistral,0,23.528779801469845,314.0
147,mistral,2,17.835502890466593,224.0
71,mistral,2,24.73567931248502,254.0
57,mistral,3,24.564821593994697,221.0
32,mistral,4,41.43032456572902,332.0
180,mistral,1,20.725729200987757,196.0
13,mistral,4,17.376305856801196,596.0
48,mistral,2,19.69091057065329,384.0
165,mistral,4,19.31880322939454,544.0
98,mistral,4,48.48387691746817,280.0
139,mistral,1,20.864775076870234,446.0
15,mistral,4,22.12817287286789,765.0
159,mistral,2,12.340108543761245,1190.0
175,mistral,3,16.96921991465484,267.0
144,mistral,4,25.844667214974034,964.0
18,mistral,1,29.332670391874764,234.0
19,mistral,4,19.686859479526678,321.0
167,mistral,1,16.24756619220208,1264.0
62,mistral,4,15.27262575215496,350.0
56,mistral,2,27.248108141860918,424.0
124,mistral,0,16.016472829296312,814.0
73,mistral,1,34.26067691800547,324.0
173,mistral,1,2.180835169326041,1426.0
151,mistral,4,13.214620920205558,832.0
129,mistral,0,23.949687974386972,448.0
4,mistral,3,36.09328284288005,388.0
6,mistral,1,24.599406361969717,287.0
154,mistral,0,23.73203376912671,564.0
189,mistral,2,5.184360886679989,981.0
83,mistral,0,12.88703443733517,281.0
151,mistral,0,11.21075888440179,989.0
197,mistral,0,24.904964178750127,342.0
60,mistral,3,29.97068325036805,557.0
158,mistral,3,19.07132997905211,350.0
88,mistral,4,23.58871148034304,579.0
53,mistral,1,23.86922038390613,342.0
179,mistral,3,34.25305666525679,380.0
67,mistral,4,24.68399509437592,334.0
68,mistral,4,16.02711505176687,378.0
129,mistral,2,24.055408102349645,469.0
113,mistral,3,25.95459975268452,220.0
90,mistral,0,16.85074621087989,171.0
24,mistral,4,3.5838696476484153,356.0
119,mistral,4,23.40845197614422,465.0
66,mistral,4,26.14531374217719,338.0
143,mistral,1,31.535674313712192,425.0
121,mistral,0,6.156573269380011,2868.0
8,mistral,0,28.141254822973853,266.0
161,mistral,4,15.380198401359308,1053.0
195,mistral,3,34.13254283615648,468.0
63,mistral,4,31.191109266121302,299.0
64,mistral,3,30.628035109697425,339.0
12,mistral,1,30.932827803240617,197.0
182,mistral,3,36.028405557652974,401.0
101,mistral,0,6.779493552725049,655.0
142,qwen,1,19.240972291001597,328.0
197,qwen,1,25.350883885956687,336.0
67,qwen,2,21.326615258567124,325.0
191,qwen,1,17.197593785552908,283.0
39,qwen,0,36.37395500980365,246.0
162,qwen,3,21.799452634974934,442.0
197,qwen,0,22.682240686226532,343.0
20,qwen,4,13.936329630969418,257.0
60,qwen,1,23.00414088505814,609.0
127,qwen,4,21.207904788631627,401.0
140,qwen,1,36.36150382387806,455.0
32,qwen,4,47.05533830449034,345.0
61,qwen,2,17.724338054634295,416.0
50,qwen,2,16.86575435106039,206.0
7,qwen,2,22.954383505117587,1849.0
88,qwen,0,22.142860206039067,727.0
57,qwen,2,20.073357998442518,230.0
60,qwen,0,19.93811256475945,603.0
185,qwen,1,26.261301953608413,351.0
166,qwen,4,15.968940524847627,550.0
114,qwen,3,60.14635108427726,201.0
15,qwen,1,24.239019825368015,778.0
48,qwen,4,19.244894922307463,417.0
116,qwen,3,28.69180351743917,283.0
55,qwen,4,17.866009546501033,316.0
124,qwen,2,17.76981955661284,672.0
26,qwen,3,23.769718698062224,182.0
120,qwen,1,15.091685929213991,223.0
176,qwen,3,14.776678281338885,435.0
78,qwen,3,31.186402291526587,587.0
146,qwen,4,22.819951989528985,297.0
82,qwen,0,11.719980588411964,1186.0
33,qwen,1,38.9671417931799,236.0
137,qwen,4,15.356114579123968,408.0
10,qwen,0,33.23899122721729,251.0
163,qwen,2,18.869169098691067,583.0
113,qwen,4,21.10141812856026,232.0
128,qwen,2,18.02102436974524,211.0
16,qwen,0,23.659984872800806,354.0
15,qwen,3,18.906658472528328,824.0
97,qwen,0,16.904796186511984,413.0
147,qwen,3,13.13344060479675,237.0
5,qwen,4,41.181768390190996,412.0
145,qwen,4,16.074567570060946,548.0
103,qwen,2,12.168679302226721,2060.0
15,qwen,4,20.39740245806323,809.0
186,qwen,4,23.12901223637002,545.0
144,qwen,3,25.048226393877894,918.0
118,qwen,4,20.66082200526897,263.0
45,qwen,4,41.841009353288385,238.0
127,qwen,3,21.03369948363864,395.0
156,qwen,4,14.573418501741942,193.0
96,qwen,0,19.35059667963997,494.0
58,qwen,0,16.834555309448962,336.0
127,qwen,1,18.53988760097261,426.0
126,qwen,2,30.511988408569927,257.0
174,qwen,4,21.185941235401323,357.0
103,qwen,1,11.910101095267331,2121.0
136,qwen,0,12.509207074259242,261.0
98,qwen,1,44.29711462505596,283.0
