pair,scalar_norm,fw_norm
human vs llama,0.2648146325956161,0.2647485401160217
human vs mistral,0.3199851634158721,0.310118255431058
human vs qwen,0.3575072539980123,0.3207314757031543
human vs gemma,0.3710871787487279,0.3738307799492382
llama vs mistral,0.05517053082025597,0.04536971531503625
llama vs qwen,0.0926926214023962,0.055982935587132576
llama vs gemma,0.10627254615311177,0.10908223983321644
mistral vs qwen,0.03752209058214023,0.010613220272096324
mistral vs gemma,0.0511020153328558,0.06371252451818019
qwen vs gemma,0.013579924750715566,0.05309930424608386
