prompt_id,source,D_style_scalar_component
107,human,2.3396615633658278
146,human,2.363340434977502
130,human,2.388045968862481
13,human,2.3933160289464133
5,human,2.397303896556502
90,human,2.4055596413233107
90,llama,2.4075089802157352
28,mistral,2.4344644897092134
27,human,2.473509957798559
63,human,2.4787555837738937
20,human,2.4793655546288274
131,human,2.484421729100328
141,gemma,2.5068817207300715
58,human,2.518857421527048
166,human,2.5470821223529247
154,human,2.557096461147166
81,human,2.627080315781674
92,human,2.6333772655487935
109,human,2.6391943341697424
165,human,2.653581945494109
31,human,2.703481916568313
175,human,2.7072537245378356
106,human,2.752746762778344
192,human,2.777685563508626
191,human,2.8078341641040354
32,human,2.8083886817107975
158,human,2.8203757202223763
162,human,2.9769819582350237
190,human,3.0541825373040488
195,human,3.1511717557924563
140,human,3.3001413048155417
65,mistral,3.4259106825923187
88,human,3.6419140199703848
198,human,3.760772417336994
54,human,4.627901564182196
90,mistral,4.843910474049369
3,mistral,13.194790099210351
