group_id,model_key,prompt_id,D_narr
gemma/par3_0000,gemma,par3_0000,1.6130837092764665
gemma/par3_0001,gemma,par3_0001,0.6944866737067121
gemma/par3_0002,gemma,par3_0002,2.002326649994016
gemma/par3_0003,gemma,par3_0003,0.6618495532036517
gemma/par3_0004,gemma,par3_0004,1.9265729371891898
gemma/par3_0005,gemma,par3_0005,2.1679719052834967
gemma/par3_0006,gemma,par3_0006,0.011054129499614252
gemma/par3_0007,gemma,par3_0007,1.1892320440485833
gemma/par3_0008,gemma,par3_0008,3.0162050348423635
gemma/par3_0009,gemma,par3_0009,1.9648832189469314
gemma/par3_0010,gemma,par3_0010,1.7219256911403265
gemma/par3_0011,gemma,par3_0011,0.12812931463568272
gemma/par3_0012,gemma,par3_0012,1.3422299369849449
gemma/par3_0013,gemma,par3_0013,2.7222600988063186
gemma/par3_0014,gemma,par3_0014,1.6463923482865586
gemma/par3_0015,gemma,par3_0015,1.0726597114668581
gemma/par3_0016,gemma,par3_0016,3.426055806462905
gemma/par3_0017,gemma,par3_0017,1.1803119676494933
gemma/par3_0018,gemma,par3_0018,1.9284097972083984
gemma/par3_0019,gemma,par3_0019,2.671314474291485
gemma/par3_0020,gemma,par3_0020,2.256217701184888
gemma/par3_0021,gemma,par3_0021,0.18159053756066257
gemma/par3_0022,gemma,par3_0022,2.6608757931799407
gemma/par3_0023,gemma,par3_0023,3.7731961444035362
gemma/par3_0024,gemma,par3_0024,0.9634158036096006
gemma/par3_0025,gemma,par3_0025,2.452671098834472
gemma/par3_0026,gemma,par3_0026,2.8148705864251764
gemma/par3_0027,gemma,par3_0027,0.5874563259078969
gemma/par3_0028,gemma,par3_0028,2.7474783593879106
gemma/par3_0029,gemma,par3_0029,3.9141761239134896
gemma/par3_0030,gemma,par3_0030,2.6395964620438184
gemma/par3_0031,gemma,par3_0031,1.694821420832938
gemma/par3_0032,gemma,par3_0032,2.6590282756103907
gemma/par3_0033,gemma,par3_0033,1.4287731462279014
gemma/par3_0034,gemma,par3_0034,2.0334923954563697
gemma/par3_0035,gemma,par3_0035,1.487007116996565
gemma/par3_0036,gemma,par3_0036,1.8249010435083286
gemma/par3_0037,gemma,par3_0037,0.4400026179422548
gemma/par3_0038,gemma,par3_0038,1.8308845305072103
gemma/par3_0039,gemma,par3_0039,2.658595096263368
gemma/par3_0040,gemma,par3_0040,2.3549581259678063
gemma/par3_0041,gemma,par3_0041,2.2407309943974103
gemma/par3_0042,gemma,par3_0042,1.2044569660063835
gemma/par3_0043,gemma,par3_0043,0.5333767909683764
gemma/par3_0044,gemma,par3_0044,1.987339664031044
gemma/par3_0045,gemma,par3_0045,3.2340426970418186
gemma/par3_0046,gemma,par3_0046,1.5230167988885084
gemma/par3_0047,gemma,par3_0047,1.32901567475179
gemma/par3_0048,gemma,par3_0048,3.2556475525488673
gemma/par3_0049,gemma,par3_0049,1.6509487594972285
gemma/par3_0050,gemma,par3_0050,1.9574668020431507
gemma/par3_0051,gemma,par3_0051,1.909023544969552
gemma/par3_0052,gemma,par3_0052,1.3230631410572233
gemma/par3_0053,gemma,par3_0053,1.887538301084914
gemma/par3_0054,gemma,par3_0054,1.4149454239702022
gemma/par3_0055,gemma,par3_0055,4.229678263225998
gemma/par3_0056,gemma,par3_0056,2.586352919993482
gemma/par3_0057,gemma,par3_0057,1.8593343793378985
gemma/par3_0058,gemma,par3_0058,3.197695157631402
gemma/par3_0059,gemma,par3_0059,2.028226503685295
gemma/par3_0060,gemma,par3_0060,1.3838250798588514
gemma/par3_0061,gemma,par3_0061,2.2103701061541097
gemma/par3_0062,gemma,par3_0062,3.473883798200733
gemma/par3_0063,gemma,par3_0063,2.9691815551971015
gemma/par3_0064,gemma,par3_0064,1.1421660395859399
gemma/par3_0065,gemma,par3_0065,3.9808606941728732
gemma/par3_0066,gemma,par3_0066,1.427119262027495
gemma/par3_0067,gemma,par3_0067,0.9932162529526785
gemma/par3_0068,gemma,par3_0068,2.7426755631131896
gemma/par3_0069,gemma,par3_0069,1.7987212300440956
gemma/par3_0070,gemma,par3_0070,
gemma/par3_0071,gemma,par3_0071,3.5494556459126114
gemma/par3_0072,gemma,par3_0072,1.806583966214231
gemma/par3_0073,gemma,par3_0073,1.8181464576661004
gemma/par3_0074,gemma,par3_0074,1.069256246772342
gemma/par3_0075,gemma,par3_0075,2.0323028328841497
gemma/par3_0076,gemma,par3_0076,0.40407198790441284
gemma/par3_0077,gemma,par3_0077,1.9943780792767156
gemma/par3_0078,gemma,par3_0078,1.213734775593655
gemma/par3_0079,gemma,par3_0079,1.3047224280405665
gemma/par3_0080,gemma,par3_0080,2.187928120338289
gemma/par3_0081,gemma,par3_0081,2.2641231821864163
gemma/par3_0082,gemma,par3_0082,0.609526688776184
gemma/par3_0083,gemma,par3_0083,3.8259154215838795
gemma/par3_0084,gemma,par3_0084,2.9947863546260143
gemma/par3_0085,gemma,par3_0085,1.679719648387222
gemma/par3_0086,gemma,par3_0086,2.1949342354817825
gemma/par3_0087,gemma,par3_0087,0.8868283046446533
gemma/par3_0088,gemma,par3_0088,2.547914436659695
gemma/par3_0089,gemma,par3_0089,2.7337676346052064
gemma/par3_0090,gemma,par3_0090,0.9472474367409185
gemma/par3_0091,gemma,par3_0091,1.5825178377958136
gemma/par3_0092,gemma,par3_0092,
gemma/par3_0093,gemma,par3_0093,1.4901028298974202
gemma/par3_0094,gemma,par3_0094,2.9954955178176
gemma/par3_0095,gemma,par3_0095,1.9898395191489313
gemma/par3_0096,gemma,par3_0096,2.279434120441771
gemma/par3_0097,gemma,par3_0097,2.2642792380172727
gemma/par3_0098,gemma,par3_0098,2.0549867861443865
gemma/par3_0100,gemma,par3_0100,0.8916941106345344
gemma/par3_0101,gemma,par3_0101,2.340288077241971
gemma/par3_0102,gemma,par3_0102,2.5916563767642122
gemma/par3_0103,gemma,par3_0103,1.0162530945346642
gemma/par3_0104,gemma,par3_0104,1.2353289822744702
gemma/par3_0105,gemma,par3_0105,1.7336623092737526
gemma/par3_0106,gemma,par3_0106,1.0983883156515173
gemma/par3_0107,gemma,par3_0107,1.4745289278033673
gemma/par3_0108,gemma,par3_0108,2.340155985299847
gemma/par3_0109,gemma,par3_0109,2.4088523983897496
gemma/par3_0110,gemma,par3_0110,2.453558245494226
gemma/par3_0111,gemma,par3_0111,2.6027531498716803
gemma/par3_0112,gemma,par3_0112,0.9923385764793017
gemma/par3_0113,gemma,par3_0113,1.6156701222411374
gemma/par3_0114,gemma,par3_0114,2.482976150461637
gemma/par3_0115,gemma,par3_0115,1.1839592599252933
gemma/par3_0116,gemma,par3_0116,1.2549811948957705
gemma/par3_0117,gemma,par3_0117,1.5388176259096698
gemma/par3_0118,gemma,par3_0118,2.298805203875175
gemma/par3_0119,gemma,par3_0119,1.5196449487430215
gemma/par3_0120,gemma,par3_0120,1.6878510842581005
gemma/par3_0121,gemma,par3_0121,1.1906047592964941
gemma/par3_0122,gemma,par3_0122,2.056655120972718
gemma/par3_0123,gemma,par3_0123,2.264290025687005
gemma/par3_0124,gemma,par3_0124,2.098128748074843
gemma/par3_0125,gemma,par3_0125,1.516004609556508
gemma/par3_0126,gemma,par3_0126,1.6684122339908711
gemma/par3_0127,gemma,par3_0127,1.7225240469128675
gemma/par3_0128,gemma,par3_0128,1.7602865624447723
gemma/par3_0129,gemma,par3_0129,2.1309696510677774
gemma/par3_0130,gemma,par3_0130,2.244411349727197
gemma/par3_0131,gemma,par3_0131,2.2232511465567635
gemma/par3_0132,gemma,par3_0132,1.9108369448350881
gemma/par3_0133,gemma,par3_0133,0.9675270020696087
gemma/par3_0134,gemma,par3_0134,2.356033948417821
gemma/par3_0135,gemma,par3_0135,1.3527489346098025
gemma/par3_0136,gemma,par3_0136,3.4047801309439847
gemma/par3_0137,gemma,par3_0137,2.346746399856871
gemma/par3_0138,gemma,par3_0138,2.4981907842760287
gemma/par3_0139,gemma,par3_0139,1.4609573963515476
gemma/par3_0140,gemma,par3_0140,1.9938929354910573
gemma/par3_0141,gemma,par3_0141,3.1642359000901377
gemma/par3_0142,gemma,par3_0142,2.163433748805727
gemma/par3_0143,gemma,par3_0143,2.43242176645661
gemma/par3_0144,gemma,par3_0144,1.7655063844446421
gemma/par3_0145,gemma,par3_0145,2.1560346072646137
gemma/par3_0146,gemma,par3_0146,0.8944565537425021
gemma/par3_0147,gemma,par3_0147,2.0876944961349926
gemma/par3_0148,gemma,par3_0148,1.416012201086824
gemma/par3_0149,gemma,par3_0149,0.8879872144599096
gemma/par3_0150,gemma,par3_0150,0.42335662731153406
gemma/par3_0151,gemma,par3_0151,1.8157619330566142
gemma/par3_0152,gemma,par3_0152,2.9264809480983893
gemma/par3_0153,gemma,par3_0153,1.7652085515308467
gemma/par3_0154,gemma,par3_0154,2.3557759790386053
gemma/par3_0155,gemma,par3_0155,1.4367957239408156
gemma/par3_0156,gemma,par3_0156,2.0484099777097904
gemma/par3_0157,gemma,par3_0157,1.079800067431419
gemma/par3_0158,gemma,par3_0158,2.595548724545256
gemma/par3_0159,gemma,par3_0159,1.1644757322058485
gemma/par3_0160,gemma,par3_0160,1.604566513417894
gemma/par3_0161,gemma,par3_0161,1.2067242790286035
gemma/par3_0162,gemma,par3_0162,2.8582998186835904
gemma/par3_0163,gemma,par3_0163,1.3574644616238771
gemma/par3_0164,gemma,par3_0164,2.287865630785304
gemma/par3_0167,gemma,par3_0167,1.1817476022396263
gemma/par3_0168,gemma,par3_0168,1.145064316853955
gemma/par3_0169,gemma,par3_0169,2.6800916525848457
gemma/par3_0170,gemma,par3_0170,0.014833609545098408
gemma/par3_0171,gemma,par3_0171,2.2955341892180083
gemma/par3_0172,gemma,par3_0172,1.427314704926292
gemma/par3_0173,gemma,par3_0173,2.134591537944479
gemma/par3_0174,gemma,par3_0174,1.3634472167816571
gemma/par3_0175,gemma,par3_0175,3.1667075448435367
gemma/par3_0176,gemma,par3_0176,2.883066306677886
gemma/par3_0177,gemma,par3_0177,1.7154831081562254
gemma/par3_0178,gemma,par3_0178,1.9585314976532977
gemma/par3_0179,gemma,par3_0179,1.5023661016943357
gemma/par3_0180,gemma,par3_0180,2.201522822312508
gemma/par3_0181,gemma,par3_0181,1.7520318135383401
gemma/par3_0182,gemma,par3_0182,2.8690486978644136
gemma/par3_0183,gemma,par3_0183,2.41372034293984
gemma/par3_0184,gemma,par3_0184,1.8759290997464049
gemma/par3_0185,gemma,par3_0185,1.7109968407752894
gemma/par3_0186,gemma,par3_0186,2.0198774711128658
gemma/par3_0187,gemma,par3_0187,1.45212729310057
gemma/par3_0188,gemma,par3_0188,0.8903035339413256
gemma/par3_0189,gemma,par3_0189,3.072287109713724
gemma/par3_0190,gemma,par3_0190,2.587926471693565
gemma/par3_0191,gemma,par3_0191,2.525817387319903
gemma/par3_0192,gemma,par3_0192,2.7409348356167067
gemma/par3_0193,gemma,par3_0193,1.9924591595003367
gemma/par3_0194,gemma,par3_0194,1.8917738406517803
gemma/par3_0195,gemma,par3_0195,2.0925308398074747
gemma/par3_0197,gemma,par3_0197,1.0528439751263479
gemma/par3_0198,gemma,par3_0198,2.061969920256979
gemma/par3_0199,gemma,par3_0199,2.097543744781428
llama/par3_0000,llama,par3_0000,2.1812010411221014
llama/par3_0001,llama,par3_0001,2.5586227049078594
llama/par3_0002,llama,par3_0002,2.816137629615576
llama/par3_0003,llama,par3_0003,1.4257920140990925
llama/par3_0004,llama,par3_0004,1.635319410188884
llama/par3_0005,llama,par3_0005,2.0467636534388163
llama/par3_0006,llama,par3_0006,0.011962829937800134
llama/par3_0007,llama,par3_0007,1.0810852342289605
llama/par3_0008,llama,par3_0008,2.600436676440846
llama/par3_0009,llama,par3_0009,1.6510539806417792
llama/par3_0010,llama,par3_0010,1.6039232289407352
llama/par3_0011,llama,par3_0011,1.4808288507587521
llama/par3_0012,llama,par3_0012,0.9260139518720225
llama/par3_0013,llama,par3_0013,3.451622512711933
llama/par3_0014,llama,par3_0014,2.165436387215469
llama/par3_0015,llama,par3_0015,1.3847470599022889
llama/par3_0016,llama,par3_0016,3.6836533673218113
llama/par3_0017,llama,par3_0017,0.7013705281280931
llama/par3_0018,llama,par3_0018,3.3269253791146127
llama/par3_0019,llama,par3_0019,2.7518578299219927
llama/par3_0020,llama,par3_0020,2.136426510961414
llama/par3_0021,llama,par3_0021,0.8034844726050892
llama/par3_0022,llama,par3_0022,2.574769929993251
llama/par3_0023,llama,par3_0023,2.673979127682334
llama/par3_0024,llama,par3_0024,2.0189159123036697
llama/par3_0025,llama,par3_0025,2.850197801981934
llama/par3_0026,llama,par3_0026,3.501852451952305
llama/par3_0027,llama,par3_0027,0.7846489418351197
llama/par3_0028,llama,par3_0028,1.7470423189691555
llama/par3_0029,llama,par3_0029,3.6092367552853566
llama/par3_0030,llama,par3_0030,1.8545918953381466
llama/par3_0031,llama,par3_0031,1.72577735543438
llama/par3_0032,llama,par3_0032,2.015671320733658
llama/par3_0033,llama,par3_0033,1.456336637634515
llama/par3_0034,llama,par3_0034,1.284970188654094
llama/par3_0035,llama,par3_0035,0.6067668887843256
llama/par3_0036,llama,par3_0036,2.2108988393008078
llama/par3_0037,llama,par3_0037,2.1442101948338568
llama/par3_0038,llama,par3_0038,2.2285452050281718
llama/par3_0039,llama,par3_0039,1.3818240816753233
llama/par3_0040,llama,par3_0040,2.770452580567344
llama/par3_0041,llama,par3_0041,1.7570322175254212
llama/par3_0042,llama,par3_0042,2.108124131626545
llama/par3_0043,llama,par3_0043,2.2544858507400227
llama/par3_0044,llama,par3_0044,1.4872687994770448
llama/par3_0045,llama,par3_0045,2.192061989392187
llama/par3_0046,llama,par3_0046,2.0534839505123137
llama/par3_0047,llama,par3_0047,2.6411021478538124
llama/par3_0048,llama,par3_0048,2.694152182399349
llama/par3_0049,llama,par3_0049,2.066822376203147
llama/par3_0050,llama,par3_0050,0.7943822795012079
llama/par3_0051,llama,par3_0051,2.5638795696224594
llama/par3_0052,llama,par3_0052,2.2234610249327287
llama/par3_0053,llama,par3_0053,1.286263325103112
llama/par3_0054,llama,par3_0054,1.5045540586798978
llama/par3_0055,llama,par3_0055,3.1903786489181054
llama/par3_0056,llama,par3_0056,2.117117696350777
llama/par3_0057,llama,par3_0057,2.4255178431150943
llama/par3_0058,llama,par3_0058,3.3831803051467775
llama/par3_0059,llama,par3_0059,1.822023430325776
llama/par3_0060,llama,par3_0060,2.0754764494791367
llama/par3_0061,llama,par3_0061,2.1490599104974057
llama/par3_0062,llama,par3_0062,2.7691879607013474
llama/par3_0063,llama,par3_0063,3.253227145860143
llama/par3_0064,llama,par3_0064,1.6173685451111854
llama/par3_0065,llama,par3_0065,
llama/par3_0066,llama,par3_0066,1.868553276462766
llama/par3_0067,llama,par3_0067,1.2841465447216331
llama/par3_0068,llama,par3_0068,2.4558518677799293
llama/par3_0069,llama,par3_0069,2.04424098783465
llama/par3_0070,llama,par3_0070,0.024998154629634773
llama/par3_0071,llama,par3_0071,2.8217468601039135
llama/par3_0072,llama,par3_0072,1.7010243129868947
llama/par3_0073,llama,par3_0073,2.6348334695020994
llama/par3_0074,llama,par3_0074,1.040056714642786
llama/par3_0075,llama,par3_0075,2.110590074677604
llama/par3_0076,llama,par3_0076,2.2763066842614093
llama/par3_0077,llama,par3_0077,2.37528306308389
llama/par3_0078,llama,par3_0078,1.5413837382074713
llama/par3_0079,llama,par3_0079,1.5337716281416731
llama/par3_0080,llama,par3_0080,2.253658674748727
llama/par3_0081,llama,par3_0081,0.6122619103878816
llama/par3_0082,llama,par3_0082,0.9462508618160242
llama/par3_0083,llama,par3_0083,2.86747960267302
llama/par3_0084,llama,par3_0084,3.365927558056934
llama/par3_0085,llama,par3_0085,3.4347806532283633
llama/par3_0086,llama,par3_0086,1.8750736019427294
llama/par3_0087,llama,par3_0087,1.4357250080059485
llama/par3_0088,llama,par3_0088,2.5205470954812177
llama/par3_0089,llama,par3_0089,2.648128733167295
llama/par3_0090,llama,par3_0090,2.0741213167225014
llama/par3_0091,llama,par3_0091,1.9712564095241814
llama/par3_0092,llama,par3_0092,2.713459242070993
llama/par3_0093,llama,par3_0093,1.9229803144288589
llama/par3_0094,llama,par3_0094,1.8997185170096054
llama/par3_0095,llama,par3_0095,2.16763088525225
llama/par3_0096,llama,par3_0096,2.7578707476450393
llama/par3_0097,llama,par3_0097,2.4477062173453974
llama/par3_0098,llama,par3_0098,3.0595123137728053
llama/par3_0099,llama,par3_0099,3.3362392906907203
llama/par3_0100,llama,par3_0100,0.7743036549373713
llama/par3_0101,llama,par3_0101,2.5196092466048703
llama/par3_0102,llama,par3_0102,1.4763058076668556
llama/par3_0103,llama,par3_0103,0.6627451826141655
llama/par3_0104,llama,par3_0104,1.444855945102354
llama/par3_0105,llama,par3_0105,1.7873889835269992
llama/par3_0106,llama,par3_0106,3.408590921412613
llama/par3_0107,llama,par3_0107,2.525684728983376
llama/par3_0108,llama,par3_0108,1.8315732208595215
llama/par3_0109,llama,par3_0109,3.5465339251077226
llama/par3_0110,llama,par3_0110,2.572612098100742
llama/par3_0111,llama,par3_0111,2.407127682713445
llama/par3_0112,llama,par3_0112,0.014196343151571294
llama/par3_0113,llama,par3_0113,2.3625224703759997
llama/par3_0114,llama,par3_0114,2.9167289484217287
llama/par3_0115,llama,par3_0115,2.831662186051542
llama/par3_0116,llama,par3_0116,1.1200434961832968
llama/par3_0117,llama,par3_0117,1.775476662346327
llama/par3_0118,llama,par3_0118,2.9218492235826194
llama/par3_0119,llama,par3_0119,2.3503277078060627
llama/par3_0120,llama,par3_0120,2.5329460111966315
llama/par3_0121,llama,par3_0121,1.162566228124508
llama/par3_0122,llama,par3_0122,2.3144509577058856
llama/par3_0123,llama,par3_0123,2.9450094541029186
llama/par3_0124,llama,par3_0124,2.0926115944248136
llama/par3_0125,llama,par3_0125,1.8519369926095113
llama/par3_0126,llama,par3_0126,2.389010474091859
llama/par3_0127,llama,par3_0127,2.3701301881831434
llama/par3_0128,llama,par3_0128,1.6963808904851565
llama/par3_0129,llama,par3_0129,2.1163573116226644
llama/par3_0130,llama,par3_0130,2.764620817860471
llama/par3_0131,llama,par3_0131,2.176836716501121
llama/par3_0132,llama,par3_0132,2.314370558820625
llama/par3_0133,llama,par3_0133,2.342242512722885
llama/par3_0134,llama,par3_0134,2.302195274927868
llama/par3_0135,llama,par3_0135,1.0704872003646413
llama/par3_0136,llama,par3_0136,3.6948263012802443
llama/par3_0137,llama,par3_0137,2.4009604871020116
llama/par3_0138,llama,par3_0138,2.4646118499434193
llama/par3_0139,llama,par3_0139,2.0686977178472947
llama/par3_0140,llama,par3_0140,
llama/par3_0141,llama,par3_0141,3.204223207643423
llama/par3_0142,llama,par3_0142,2.0117909029885155
llama/par3_0143,llama,par3_0143,2.7315654579625317
llama/par3_0144,llama,par3_0144,1.5035810768541464
llama/par3_0145,llama,par3_0145,2.4436394751814086
llama/par3_0146,llama,par3_0146,1.0282381676449208
llama/par3_0147,llama,par3_0147,1.8619637848568942
llama/par3_0148,llama,par3_0148,1.282421868278987
llama/par3_0149,llama,par3_0149,0.40062853107581164
llama/par3_0150,llama,par3_0150,0.9816615338278571
llama/par3_0151,llama,par3_0151,1.937636469585887
llama/par3_0152,llama,par3_0152,2.3672795867981202
llama/par3_0153,llama,par3_0153,2.214511699728889
llama/par3_0154,llama,par3_0154,2.1967123455092223
llama/par3_0155,llama,par3_0155,1.6869200887992306
llama/par3_0156,llama,par3_0156,3.008290629744835
llama/par3_0157,llama,par3_0157,1.542799880574192
llama/par3_0158,llama,par3_0158,2.0616197367535465
llama/par3_0159,llama,par3_0159,1.3348319851559194
llama/par3_0160,llama,par3_0160,1.6623802613957632
llama/par3_0161,llama,par3_0161,1.3095163345251442
llama/par3_0162,llama,par3_0162,3.2068126632735683
llama/par3_0163,llama,par3_0163,1.3293269449563718
llama/par3_0164,llama,par3_0164,2.68587895473129
llama/par3_0165,llama,par3_0165,2.298171871097386
llama/par3_0166,llama,par3_0166,2.5464131412878297
llama/par3_0167,llama,par3_0167,1.2085367098635476
llama/par3_0168,llama,par3_0168,1.5079073355772477
llama/par3_0169,llama,par3_0169,2.7134752426484843
llama/par3_0170,llama,par3_0170,1.6544507841984846
llama/par3_0171,llama,par3_0171,2.137857409970384
llama/par3_0172,llama,par3_0172,1.4607748624274073
llama/par3_0173,llama,par3_0173,1.7916287802060804
llama/par3_0174,llama,par3_0174,1.1217510031701776
llama/par3_0175,llama,par3_0175,3.697177620310269
llama/par3_0176,llama,par3_0176,1.6840651441103152
llama/par3_0177,llama,par3_0177,0.868730939268279
llama/par3_0178,llama,par3_0178,2.177032117844996
llama/par3_0179,llama,par3_0179,2.668204900381627
llama/par3_0180,llama,par3_0180,2.5569390705267905
llama/par3_0181,llama,par3_0181,1.564112422658707
llama/par3_0182,llama,par3_0182,2.9135975311592746
llama/par3_0183,llama,par3_0183,1.9093056429385673
llama/par3_0184,llama,par3_0184,1.8345176882478664
llama/par3_0185,llama,par3_0185,2.3241878851629325
llama/par3_0186,llama,par3_0186,2.1985250739631956
llama/par3_0187,llama,par3_0187,2.3039664119432137
llama/par3_0188,llama,par3_0188,1.9442193460358226
llama/par3_0189,llama,par3_0189,1.8963968335555546
llama/par3_0190,llama,par3_0190,3.110634572114738
llama/par3_0191,llama,par3_0191,2.8520416661109103
llama/par3_0192,llama,par3_0192,1.8706656785896587
llama/par3_0193,llama,par3_0193,1.0953888639722547
llama/par3_0194,llama,par3_0194,2.086518055951595
llama/par3_0195,llama,par3_0195,1.8628735483864634
llama/par3_0196,llama,par3_0196,2.1233633230493845
llama/par3_0197,llama,par3_0197,1.1465550231117376
llama/par3_0198,llama,par3_0198,3.1936712036752164
llama/par3_0199,llama,par3_0199,3.2371382163437707
mistral/par3_0000,mistral,par3_0000,2.4560428781404355
mistral/par3_0001,mistral,par3_0001,1.3440067768764001
mistral/par3_0002,mistral,par3_0002,1.3297203391878893
mistral/par3_0003,mistral,par3_0003,2.438941505995373
mistral/par3_0004,mistral,par3_0004,0.4951948213935997
mistral/par3_0005,mistral,par3_0005,2.1625727080685975
mistral/par3_0006,mistral,par3_0006,0.981012547260919
mistral/par3_0007,mistral,par3_0007,1.4926330056571535
mistral/par3_0008,mistral,par3_0008,2.3069151856338856
mistral/par3_0009,mistral,par3_0009,1.5254215435536687
mistral/par3_0010,mistral,par3_0010,1.1913408231729536
mistral/par3_0011,mistral,par3_0011,2.3646990782402746
mistral/par3_0012,mistral,par3_0012,1.1904422967782948
mistral/par3_0013,mistral,par3_0013,2.578078204963531
mistral/par3_0014,mistral,par3_0014,1.8531428520791524
mistral/par3_0015,mistral,par3_0015,1.2618169646300281
mistral/par3_0016,mistral,par3_0016,3.5291201416147393
mistral/par3_0017,mistral,par3_0017,0.8197207803828406
mistral/par3_0018,mistral,par3_0018,3.307819342416883
mistral/par3_0019,mistral,par3_0019,2.7899626622458973
mistral/par3_0020,mistral,par3_0020,2.220976942404085
mistral/par3_0021,mistral,par3_0021,0.006669150458195707
mistral/par3_0022,mistral,par3_0022,2.029090557502777
mistral/par3_0023,mistral,par3_0023,3.5985975443037375
mistral/par3_0024,mistral,par3_0024,3.2501739909065734
mistral/par3_0025,mistral,par3_0025,2.2089322836557534
mistral/par3_0026,mistral,par3_0026,2.5532073279187144
mistral/par3_0027,mistral,par3_0027,0.912292263295728
mistral/par3_0028,mistral,par3_0028,1.900577963258161
mistral/par3_0029,mistral,par3_0029,1.3656279262894844
mistral/par3_0030,mistral,par3_0030,3.5924603768060486
mistral/par3_0031,mistral,par3_0031,1.6597650176244443
mistral/par3_0032,mistral,par3_0032,2.4242271713098935
mistral/par3_0033,mistral,par3_0033,2.142083082137385
mistral/par3_0034,mistral,par3_0034,1.878037908956379
mistral/par3_0035,mistral,par3_0035,2.118449830257034
mistral/par3_0036,mistral,par3_0036,0.9255432183951303
mistral/par3_0037,mistral,par3_0037,1.6129005807960441
mistral/par3_0038,mistral,par3_0038,2.2086264681457566
mistral/par3_0039,mistral,par3_0039,2.6423620826284115
mistral/par3_0040,mistral,par3_0040,2.038414551675152
mistral/par3_0041,mistral,par3_0041,1.0583381448282438
mistral/par3_0042,mistral,par3_0042,0.916545042996369
mistral/par3_0043,mistral,par3_0043,1.4748926803430882
mistral/par3_0044,mistral,par3_0044,1.1312508899836415
mistral/par3_0045,mistral,par3_0045,2.1479974642617266
mistral/par3_0046,mistral,par3_0046,2.088309991977555
mistral/par3_0047,mistral,par3_0047,1.9010558367640502
mistral/par3_0048,mistral,par3_0048,3.6867591234834265
mistral/par3_0049,mistral,par3_0049,1.3618931928538274
mistral/par3_0050,mistral,par3_0050,0.02092507947181704
mistral/par3_0051,mistral,par3_0051,2.676819667354691
mistral/par3_0052,mistral,par3_0052,2.031858914368882
mistral/par3_0053,mistral,par3_0053,1.2123921299822507
mistral/par3_0054,mistral,par3_0054,1.4665139175459856
mistral/par3_0055,mistral,par3_0055,1.635402226845669
mistral/par3_0056,mistral,par3_0056,2.5434223918977237
mistral/par3_0057,mistral,par3_0057,0.8618481368153968
mistral/par3_0058,mistral,par3_0058,3.276369911317735
mistral/par3_0059,mistral,par3_0059,2.0843325777356316
mistral/par3_0060,mistral,par3_0060,1.8550522853612184
mistral/par3_0061,mistral,par3_0061,0.9531672148161044
mistral/par3_0062,mistral,par3_0062,3.1679299155005967
mistral/par3_0063,mistral,par3_0063,3.29524840632243
mistral/par3_0064,mistral,par3_0064,2.1881563401832382
mistral/par3_0065,mistral,par3_0065,2.8670366397558316
mistral/par3_0066,mistral,par3_0066,1.6727764635048132
mistral/par3_0067,mistral,par3_0067,1.6615544080024875
mistral/par3_0068,mistral,par3_0068,0.8932091081761099
mistral/par3_0069,mistral,par3_0069,2.1635543601398526
mistral/par3_0070,mistral,par3_0070,1.3074708536853172
mistral/par3_0071,mistral,par3_0071,1.7998641988841295
mistral/par3_0072,mistral,par3_0072,1.9659655447381543
mistral/par3_0073,mistral,par3_0073,3.1182459776840927
mistral/par3_0074,mistral,par3_0074,1.0959221455087493
mistral/par3_0075,mistral,par3_0075,2.195408970393335
mistral/par3_0076,mistral,par3_0076,1.8166516807402284
mistral/par3_0077,mistral,par3_0077,2.025355404898194
mistral/par3_0078,mistral,par3_0078,2.0691577339007923
mistral/par3_0079,mistral,par3_0079,1.8847046566502024
mistral/par3_0080,mistral,par3_0080,1.9077853675024194
mistral/par3_0081,mistral,par3_0081,1.1910847853567164
mistral/par3_0082,mistral,par3_0082,1.1423477780948113
mistral/par3_0083,mistral,par3_0083,3.167865824560709
mistral/par3_0084,mistral,par3_0084,1.7855190137949777
mistral/par3_0085,mistral,par3_0085,2.270663697201825
mistral/par3_0086,mistral,par3_0086,1.3200792599101123
mistral/par3_0087,mistral,par3_0087,1.5100354710278938
mistral/par3_0088,mistral,par3_0088,2.5143586685495474
mistral/par3_0089,mistral,par3_0089,2.0911883750633273
mistral/par3_0090,mistral,par3_0090,3.354183845280569
mistral/par3_0091,mistral,par3_0091,1.6002453763667195
mistral/par3_0092,mistral,par3_0092,2.2422008180597626
mistral/par3_0093,mistral,par3_0093,1.6389664694317083
mistral/par3_0094,mistral,par3_0094,2.284930905861132
mistral/par3_0095,mistral,par3_0095,2.2921628259636244
mistral/par3_0096,mistral,par3_0096,1.6591439749512595
mistral/par3_0097,mistral,par3_0097,2.1192902292514813
mistral/par3_0098,mistral,par3_0098,1.9131660233214105
mistral/par3_0099,mistral,par3_0099,2.9270353889281764
mistral/par3_0100,mistral,par3_0100,1.736840866711488
mistral/par3_0101,mistral,par3_0101,2.6167522118916113
mistral/par3_0102,mistral,par3_0102,2.3752183904846627
mistral/par3_0103,mistral,par3_0103,1.4454538098774792
mistral/par3_0104,mistral,par3_0104,2.028848210277249
mistral/par3_0105,mistral,par3_0105,2.5756970361406917
mistral/par3_0106,mistral,par3_0106,1.9017585110556077
mistral/par3_0107,mistral,par3_0107,1.5006148365576188
mistral/par3_0108,mistral,par3_0108,1.846017415263324
mistral/par3_0109,mistral,par3_0109,2.3122165278926166
mistral/par3_0110,mistral,par3_0110,1.7411204143640817
mistral/par3_0111,mistral,par3_0111,1.9870525168758555
mistral/par3_0112,mistral,par3_0112,0.7734096344684926
mistral/par3_0113,mistral,par3_0113,1.5813955055957174
mistral/par3_0114,mistral,par3_0114,1.900630817007538
mistral/par3_0115,mistral,par3_0115,2.272717717761606
mistral/par3_0116,mistral,par3_0116,1.4243137814323568
mistral/par3_0117,mistral,par3_0117,0.6022218620480748
mistral/par3_0118,mistral,par3_0118,3.534975165260461
mistral/par3_0119,mistral,par3_0119,2.3427377929587965
mistral/par3_0120,mistral,par3_0120,1.9937903110704525
mistral/par3_0121,mistral,par3_0121,1.0735556222215628
mistral/par3_0122,mistral,par3_0122,2.0686234152627394
mistral/par3_0123,mistral,par3_0123,1.747553941235498
mistral/par3_0124,mistral,par3_0124,1.8261906733442992
mistral/par3_0125,mistral,par3_0125,2.086512679454885
mistral/par3_0126,mistral,par3_0126,1.4599831608697835
mistral/par3_0127,mistral,par3_0127,2.049117883068261
mistral/par3_0128,mistral,par3_0128,2.08365353468332
mistral/par3_0129,mistral,par3_0129,1.2223753993503599
mistral/par3_0130,mistral,par3_0130,1.5742804637271601
mistral/par3_0131,mistral,par3_0131,2.7967863848001904
mistral/par3_0132,mistral,par3_0132,2.2326391169997297
mistral/par3_0133,mistral,par3_0133,1.5807255389896329
mistral/par3_0134,mistral,par3_0134,2.8821447315854476
mistral/par3_0135,mistral,par3_0135,2.241227033927448
mistral/par3_0136,mistral,par3_0136,3.3414627853934986
mistral/par3_0137,mistral,par3_0137,1.890246060170617
mistral/par3_0138,mistral,par3_0138,2.395392415713112
mistral/par3_0139,mistral,par3_0139,1.6177241463504268
mistral/par3_0140,mistral,par3_0140,
mistral/par3_0141,mistral,par3_0141,2.2864544894237904
mistral/par3_0142,mistral,par3_0142,1.82213140550243
mistral/par3_0143,mistral,par3_0143,3.2983677275057532
mistral/par3_0144,mistral,par3_0144,2.3841183520512077
mistral/par3_0145,mistral,par3_0145,2.3015890880860574
mistral/par3_0146,mistral,par3_0146,0.0064347342959177115
mistral/par3_0147,mistral,par3_0147,1.9777773178153233
mistral/par3_0148,mistral,par3_0148,1.4650616890864858
mistral/par3_0149,mistral,par3_0149,1.0740666434211295
mistral/par3_0150,mistral,par3_0150,2.131817356225408
mistral/par3_0151,mistral,par3_0151,1.8444700210729288
mistral/par3_0152,mistral,par3_0152,1.4093873808495336
mistral/par3_0153,mistral,par3_0153,1.9663052368362948
mistral/par3_0154,mistral,par3_0154,2.2908679472662654
mistral/par3_0155,mistral,par3_0155,1.4639540603935903
mistral/par3_0156,mistral,par3_0156,1.2895073771665158
mistral/par3_0157,mistral,par3_0157,1.5124027118602115
mistral/par3_0158,mistral,par3_0158,3.205688428071828
mistral/par3_0159,mistral,par3_0159,1.7130903025079718
mistral/par3_0160,mistral,par3_0160,2.2355715924138875
mistral/par3_0161,mistral,par3_0161,1.7940233491520428
mistral/par3_0162,mistral,par3_0162,3.0285649773757357
mistral/par3_0163,mistral,par3_0163,1.6159100956281214
mistral/par3_0164,mistral,par3_0164,1.3298994009305694
mistral/par3_0165,mistral,par3_0165,2.1791313326655635
mistral/par3_0166,mistral,par3_0166,2.3642931371497555
mistral/par3_0167,mistral,par3_0167,1.316059091304387
mistral/par3_0168,mistral,par3_0168,1.6703014346327816
mistral/par3_0169,mistral,par3_0169,2.572910279743963
mistral/par3_0170,mistral,par3_0170,0.8660902881204636
mistral/par3_0171,mistral,par3_0171,2.1496422971054523
mistral/par3_0172,mistral,par3_0172,1.3991508781710582
mistral/par3_0173,mistral,par3_0173,3.2729813084788972
mistral/par3_0174,mistral,par3_0174,1.4101161934793305
mistral/par3_0175,mistral,par3_0175,3.5367741605138834
mistral/par3_0176,mistral,par3_0176,1.4913854543546885
mistral/par3_0177,mistral,par3_0177,2.2975166585688895
mistral/par3_0178,mistral,par3_0178,2.5476189007209102
mistral/par3_0179,mistral,par3_0179,2.960654813320427
mistral/par3_0180,mistral,par3_0180,3.14484963692225
mistral/par3_0181,mistral,par3_0181,1.9546505574701718
mistral/par3_0182,mistral,par3_0182,2.2035766887983037
mistral/par3_0183,mistral,par3_0183,2.3594507136777647
mistral/par3_0184,mistral,par3_0184,1.947407451021671
mistral/par3_0185,mistral,par3_0185,2.0210517318487784
mistral/par3_0186,mistral,par3_0186,2.334643366694011
mistral/par3_0187,mistral,par3_0187,2.4785884103706777
mistral/par3_0188,mistral,par3_0188,1.9129614414284226
mistral/par3_0189,mistral,par3_0189,2.092134431622924
mistral/par3_0190,mistral,par3_0190,3.5646271407575645
mistral/par3_0191,mistral,par3_0191,3.3371809955623557
mistral/par3_0192,mistral,par3_0192,2.0265266055853557
mistral/par3_0193,mistral,par3_0193,2.475656379736138
mistral/par3_0194,mistral,par3_0194,2.018326792058188
mistral/par3_0195,mistral,par3_0195,1.549432778645078
mistral/par3_0196,mistral,par3_0196,2.265985811952114
mistral/par3_0197,mistral,par3_0197,0.7554376187782113
mistral/par3_0198,mistral,par3_0198,2.0506613032340835
mistral/par3_0199,mistral,par3_0199,2.5376854912064517
qwen/par3_0000,qwen,par3_0000,1.9201930092979036
qwen/par3_0001,qwen,par3_0001,2.052673790589908
qwen/par3_0002,qwen,par3_0002,2.308971342309511
qwen/par3_0003,qwen,par3_0003,1.5351673702522264
qwen/par3_0004,qwen,par3_0004,0.02293833130735038
qwen/par3_0006,qwen,par3_0006,0.00547480234307496
qwen/par3_0007,qwen,par3_0007,1.1215105759069859
qwen/par3_0008,qwen,par3_0008,2.7802894659337336
qwen/par3_0009,qwen,par3_0009,1.442567668860675
qwen/par3_0010,qwen,par3_0010,2.1677781385809998
qwen/par3_0011,qwen,par3_0011,2.065121708285477
qwen/par3_0012,qwen,par3_0012,3.3447945666047767
qwen/par3_0013,qwen,par3_0013,1.773396217108015
qwen/par3_0014,qwen,par3_0014,1.816185826803195
qwen/par3_0015,qwen,par3_0015,1.363490962150492
qwen/par3_0016,qwen,par3_0016,3.4171104338949845
qwen/par3_0017,qwen,par3_0017,1.2034997674978078
qwen/par3_0018,qwen,par3_0018,3.1659375084658454
qwen/par3_0020,qwen,par3_0020,2.152748496749147
qwen/par3_0021,qwen,par3_0021,2.017957347407219
qwen/par3_0022,qwen,par3_0022,3.6658088177629407
qwen/par3_0023,qwen,par3_0023,4.709613014543348
qwen/par3_0024,qwen,par3_0024,1.9579407308171501
qwen/par3_0025,qwen,par3_0025,2.0974311043541345
qwen/par3_0026,qwen,par3_0026,2.483369577854954
qwen/par3_0027,qwen,par3_0027,0.3473434619879753
qwen/par3_0028,qwen,par3_0028,1.9937407942991896
qwen/par3_0029,qwen,par3_0029,3.6632840114675638
qwen/par3_0030,qwen,par3_0030,2.852826911103016
qwen/par3_0031,qwen,par3_0031,1.6520608043942118
qwen/par3_0032,qwen,par3_0032,1.4024668081207006
qwen/par3_0033,qwen,par3_0033,1.2176470799316645
qwen/par3_0034,qwen,par3_0034,2.8727798015651578
qwen/par3_0035,qwen,par3_0035,1.9383012030126436
qwen/par3_0036,qwen,par3_0036,1.7594921838752835
qwen/par3_0037,qwen,par3_0037,0.8714320711473069
qwen/par3_0038,qwen,par3_0038,3.223169509403653
qwen/par3_0039,qwen,par3_0039,2.8934328085744765
qwen/par3_0040,qwen,par3_0040,2.373735720685956
qwen/par3_0041,qwen,par3_0041,2.75319806810187
qwen/par3_0042,qwen,par3_0042,1.7389438256761878
qwen/par3_0043,qwen,par3_0043,0.6494177946028492
qwen/par3_0044,qwen,par3_0044,1.855312148723991
qwen/par3_0045,qwen,par3_0045,1.7715757157218501
qwen/par3_0047,qwen,par3_0047,2.157416160603104
qwen/par3_0048,qwen,par3_0048,3.7139631408867224
qwen/par3_0049,qwen,par3_0049,1.7559079513752143
qwen/par3_0050,qwen,par3_0050,1.7827118079779443
qwen/par3_0051,qwen,par3_0051,1.797458741304484
qwen/par3_0052,qwen,par3_0052,1.7412566650008803
qwen/par3_0053,qwen,par3_0053,1.8864318520321959
qwen/par3_0054,qwen,par3_0054,1.6036405757074719
qwen/par3_0055,qwen,par3_0055,1.8636821669275478
qwen/par3_0056,qwen,par3_0056,3.0755529436738813
qwen/par3_0057,qwen,par3_0057,1.4215105279195621
qwen/par3_0058,qwen,par3_0058,2.9279815103975015
qwen/par3_0059,qwen,par3_0059,1.6285706151598056
qwen/par3_0060,qwen,par3_0060,2.1621097311831226
qwen/par3_0061,qwen,par3_0061,1.2914579587579833
qwen/par3_0062,qwen,par3_0062,2.6963443299305117
qwen/par3_0063,qwen,par3_0063,2.8181633673268034
qwen/par3_0064,qwen,par3_0064,1.0079122629590707
qwen/par3_0065,qwen,par3_0065,
qwen/par3_0066,qwen,par3_0066,1.0576665786071473
qwen/par3_0067,qwen,par3_0067,2.3978806365476983
qwen/par3_0068,qwen,par3_0068,2.1688102164008956
qwen/par3_0069,qwen,par3_0069,1.7668257397280467
qwen/par3_0070,qwen,par3_0070,2.6527081441712057
qwen/par3_0071,qwen,par3_0071,1.6371107314634699
qwen/par3_0072,qwen,par3_0072,1.3718505070624174
qwen/par3_0073,qwen,par3_0073,2.7926136972702986
qwen/par3_0074,qwen,par3_0074,1.4992617949167801
qwen/par3_0075,qwen,par3_0075,2.48627400325106
qwen/par3_0076,qwen,par3_0076,0.937903706910503
qwen/par3_0077,qwen,par3_0077,2.8467884107420813
qwen/par3_0078,qwen,par3_0078,1.4204177047321351
qwen/par3_0079,qwen,par3_0079,1.5185495794851305
qwen/par3_0080,qwen,par3_0080,1.1274729653985813
qwen/par3_0081,qwen,par3_0081,1.8461927033672314
qwen/par3_0082,qwen,par3_0082,1.1416144811695437
qwen/par3_0083,qwen,par3_0083,3.169693097843928
qwen/par3_0085,qwen,par3_0085,3.0343747795085863
qwen/par3_0086,qwen,par3_0086,1.3090089137016663
qwen/par3_0087,qwen,par3_0087,1.4938709566203086
qwen/par3_0088,qwen,par3_0088,2.0874785003366805
qwen/par3_0089,qwen,par3_0089,1.42314360081837
qwen/par3_0090,qwen,par3_0090,1.9447512541858696
qwen/par3_0091,qwen,par3_0091,2.370152107040204
qwen/par3_0092,qwen,par3_0092,3.029406307699594
qwen/par3_0093,qwen,par3_0093,1.8440047079954205
qwen/par3_0095,qwen,par3_0095,1.99138380453124
qwen/par3_0096,qwen,par3_0096,2.1598000920434495
qwen/par3_0097,qwen,par3_0097,2.2405169196833374
qwen/par3_0098,qwen,par3_0098,2.322189955405903
qwen/par3_0099,qwen,par3_0099,2.888172129689331
qwen/par3_0100,qwen,par3_0100,1.876689955831549
qwen/par3_0102,qwen,par3_0102,1.6582664977748762
qwen/par3_0103,qwen,par3_0103,0.8031499376108961
qwen/par3_0104,qwen,par3_0104,1.6383418601944861
qwen/par3_0106,qwen,par3_0106,2.849476756681937
qwen/par3_0108,qwen,par3_0108,1.3882490586493488
qwen/par3_0109,qwen,par3_0109,3.030089774238942
qwen/par3_0110,qwen,par3_0110,2.4778190173678682
qwen/par3_0111,qwen,par3_0111,2.4083329782024916
qwen/par3_0112,qwen,par3_0112,0.01300369063077913
qwen/par3_0113,qwen,par3_0113,2.1160878757367
qwen/par3_0114,qwen,par3_0114,
qwen/par3_0115,qwen,par3_0115,2.56419871829561
qwen/par3_0116,qwen,par3_0116,1.5433926114809893
qwen/par3_0117,qwen,par3_0117,2.4225455465457837
qwen/par3_0118,qwen,par3_0118,0.9617898327157383
qwen/par3_0119,qwen,par3_0119,2.1213742617580027
qwen/par3_0120,qwen,par3_0120,2.4758346488969134
qwen/par3_0121,qwen,par3_0121,1.274563487358778
qwen/par3_0122,qwen,par3_0122,2.070704088593087
qwen/par3_0123,qwen,par3_0123,2.449305392067972
qwen/par3_0124,qwen,par3_0124,2.165056309202984
qwen/par3_0126,qwen,par3_0126,2.0277494968407517
qwen/par3_0127,qwen,par3_0127,2.867604992501803
qwen/par3_0128,qwen,par3_0128,1.4142560234745305
qwen/par3_0129,qwen,par3_0129,1.436523543932638
qwen/par3_0130,qwen,par3_0130,2.2905357693557353
qwen/par3_0131,qwen,par3_0131,1.1005360289342887
qwen/par3_0132,qwen,par3_0132,2.059989703486644
qwen/par3_0133,qwen,par3_0133,1.002102050956223
qwen/par3_0135,qwen,par3_0135,1.0967730638924393
qwen/par3_0136,qwen,par3_0136,4.961573721985712
qwen/par3_0137,qwen,par3_0137,2.159333839874494
qwen/par3_0138,qwen,par3_0138,1.596843909076567
qwen/par3_0139,qwen,par3_0139,1.7451836051721863
qwen/par3_0140,qwen,par3_0140,
qwen/par3_0141,qwen,par3_0141,2.913134296559454
qwen/par3_0142,qwen,par3_0142,2.0797964255400307
qwen/par3_0143,qwen,par3_0143,2.2336886766977373
qwen/par3_0144,qwen,par3_0144,1.5296637912038105
qwen/par3_0145,qwen,par3_0145,1.2780316576144548
qwen/par3_0146,qwen,par3_0146,2.055744850329918
qwen/par3_0147,qwen,par3_0147,1.7575333411296405
qwen/par3_0148,qwen,par3_0148,3.0584029966566093
qwen/par3_0149,qwen,par3_0149,0.4120505731323199
qwen/par3_0150,qwen,par3_0150,1.692560750834406
qwen/par3_0154,qwen,par3_0154,0.9541484792736609
qwen/par3_0155,qwen,par3_0155,1.1887034641864889
qwen/par3_0156,qwen,par3_0156,2.5962411182822014
qwen/par3_0157,qwen,par3_0157,1.201200129535345
qwen/par3_0159,qwen,par3_0159,0.8130684146920389
qwen/par3_0160,qwen,par3_0160,1.5049613785323008
qwen/par3_0161,qwen,par3_0161,1.18707536129649
qwen/par3_0162,qwen,par3_0162,2.872538168381589
qwen/par3_0163,qwen,par3_0163,1.854733872752312
qwen/par3_0164,qwen,par3_0164,2.975739064912989
qwen/par3_0166,qwen,par3_0166,2.0215855657472033
qwen/par3_0167,qwen,par3_0167,0.6599865810323307
qwen/par3_0168,qwen,par3_0168,1.8334071603102529
qwen/par3_0169,qwen,par3_0169,2.386547149516783
qwen/par3_0170,qwen,par3_0170,2.11960074432468
qwen/par3_0171,qwen,par3_0171,2.233835308718054
qwen/par3_0172,qwen,par3_0172,1.3079982794007614
qwen/par3_0174,qwen,par3_0174,2.3724847635687083
qwen/par3_0176,qwen,par3_0176,2.1817218085234305
qwen/par3_0177,qwen,par3_0177,1.1063649162287734
qwen/par3_0178,qwen,par3_0178,2.290394237668176
qwen/par3_0179,qwen,par3_0179,1.9566824036457298
qwen/par3_0180,qwen,par3_0180,1.753953882219222
qwen/par3_0181,qwen,par3_0181,2.178300833977905
qwen/par3_0182,qwen,par3_0182,3.6247380024707487
qwen/par3_0183,qwen,par3_0183,1.8653444603914704
qwen/par3_0184,qwen,par3_0184,2.056731803874165
qwen/par3_0185,qwen,par3_0185,1.6304872234028067
qwen/par3_0186,qwen,par3_0186,1.8156916410333566
qwen/par3_0187,qwen,par3_0187,1.5694592254620767
qwen/par3_0188,qwen,par3_0188,1.770068894814709
qwen/par3_0189,qwen,par3_0189,2.2972881451118137
qwen/par3_0191,qwen,par3_0191,2.202123760160846
qwen/par3_0192,qwen,par3_0192,3.4841563396933184
qwen/par3_0193,qwen,par3_0193,1.7033906706988569
qwen/par3_0194,qwen,par3_0194,2.5454957690596642
qwen/par3_0195,qwen,par3_0195,1.9875394883974433
qwen/par3_0197,qwen,par3_0197,1.6145833024068643
qwen/par3_0198,qwen,par3_0198,2.258318403289897
qwen/par3_0199,qwen,par3_0199,3.2273703929648363
human/par3_0000,human,par3_0000,2.6081267665672976
human/par3_0001,human,par3_0001,2.8932601200624046
human/par3_0002,human,par3_0002,3.4624404497554253
human/par3_0003,human,par3_0003,1.4854738257337914
human/par3_0004,human,par3_0004,
human/par3_0005,human,par3_0005,2.9019040857229945
human/par3_0006,human,par3_0006,3.67822712891426
human/par3_0007,human,par3_0007,1.348179345425926
human/par3_0008,human,par3_0008,
human/par3_0009,human,par3_0009,1.718419743822383
human/par3_0010,human,par3_0010,2.62089741045587
human/par3_0011,human,par3_0011,2.7085629808176925
human/par3_0012,human,par3_0012,3.1215121673126145
human/par3_0013,human,par3_0013,3.1436782058069404
human/par3_0014,human,par3_0014,2.26139366469079
human/par3_0015,human,par3_0015,1.6132258741371721
human/par3_0016,human,par3_0016,4.873970879209992
human/par3_0017,human,par3_0017,1.3832669297002775
human/par3_0018,human,par3_0018,4.37924402875723
human/par3_0019,human,par3_0019,
human/par3_0020,human,par3_0020,4.423915539995231
human/par3_0021,human,par3_0021,2.8467580521686204
human/par3_0022,human,par3_0022,3.4944342152449464
human/par3_0023,human,par3_0023,3.7987038267558844
human/par3_0024,human,par3_0024,1.806754844317265
human/par3_0025,human,par3_0025,
human/par3_0026,human,par3_0026,2.062510541734682
human/par3_0027,human,par3_0027,2.8233328303540826
human/par3_0028,human,par3_0028,2.63689826671274
human/par3_0029,human,par3_0029,3.840022442457228
human/par3_0030,human,par3_0030,2.563812651258783
human/par3_0031,human,par3_0031,2.6698916378299473
human/par3_0032,human,par3_0032,3.1110564558010623
human/par3_0033,human,par3_0033,1.7313389778657393
human/par3_0034,human,par3_0034,1.4001175485546966
human/par3_0035,human,par3_0035,2.4396657411133646
human/par3_0036,human,par3_0036,2.2508487715733305
human/par3_0037,human,par3_0037,1.5103246538013242
human/par3_0038,human,par3_0038,2.243557709807685
human/par3_0039,human,par3_0039,2.7213006901078516
human/par3_0040,human,par3_0040,2.011533834702606
human/par3_0041,human,par3_0041,2.8550273364530265
human/par3_0042,human,par3_0042,3.030037962025002
human/par3_0043,human,par3_0043,2.1372089316114837
human/par3_0044,human,par3_0044,2.015452182207237
human/par3_0045,human,par3_0045,3.8774325735468747
human/par3_0046,human,par3_0046,2.006085199320733
human/par3_0047,human,par3_0047,2.8825677882298755
human/par3_0048,human,par3_0048,3.27007033994361
human/par3_0049,human,par3_0049,2.9635534859859636
human/par3_0050,human,par3_0050,4.908705914079393
human/par3_0051,human,par3_0051,3.3422794383971173
human/par3_0052,human,par3_0052,2.0780172909443984
human/par3_0053,human,par3_0053,2.2498954507364055
human/par3_0054,human,par3_0054,1.9443200706951878
human/par3_0055,human,par3_0055,4.360377917245864
human/par3_0056,human,par3_0056,2.6921130378160587
human/par3_0057,human,par3_0057,3.238905008494244
human/par3_0058,human,par3_0058,3.163763972290344
human/par3_0059,human,par3_0059,2.6491673269698244
human/par3_0060,human,par3_0060,3.3554251831004946
human/par3_0061,human,par3_0061,2.0727196795320295
human/par3_0062,human,par3_0062,3.916122952427667
human/par3_0063,human,par3_0063,3.8982725721495313
human/par3_0064,human,par3_0064,3.215631429438401
human/par3_0065,human,par3_0065,4.22398674278994
human/par3_0066,human,par3_0066,2.236129437054692
human/par3_0067,human,par3_0067,2.984397273618312
human/par3_0068,human,par3_0068,3.0035587798257133
human/par3_0069,human,par3_0069,3.8043114824974005
human/par3_0070,human,par3_0070,2.9488730059642054
human/par3_0071,human,par3_0071,3.6674989447341932
human/par3_0072,human,par3_0072,2.731676640541721
human/par3_0073,human,par3_0073,2.9090234024975152
human/par3_0074,human,par3_0074,2.025395429736764
human/par3_0075,human,par3_0075,2.619254593868417
human/par3_0076,human,par3_0076,1.941978383475811
human/par3_0077,human,par3_0077,2.9059072234775436
human/par3_0078,human,par3_0078,1.9704149863343192
human/par3_0079,human,par3_0079,1.4769449776214867
human/par3_0080,human,par3_0080,4.417100544956984
human/par3_0081,human,par3_0081,2.8002919263993338
human/par3_0082,human,par3_0082,1.128796193806849
human/par3_0083,human,par3_0083,
human/par3_0084,human,par3_0084,2.7687571136694737
human/par3_0085,human,par3_0085,3.98445871718059
human/par3_0086,human,par3_0086,2.805919407391095
human/par3_0087,human,par3_0087,2.354765601462041
human/par3_0088,human,par3_0088,2.7239344758768045
human/par3_0089,human,par3_0089,0.9956778383304536
human/par3_0090,human,par3_0090,
human/par3_0091,human,par3_0091,2.9269921438526407
human/par3_0092,human,par3_0092,3.9228936673858095
human/par3_0093,human,par3_0093,2.2416762272127415
human/par3_0094,human,par3_0094,2.839285400854909
human/par3_0095,human,par3_0095,3.1034895906843416
human/par3_0096,human,par3_0096,3.369905261159888
human/par3_0097,human,par3_0097,3.290726122750191
human/par3_0098,human,par3_0098,4.018343229955408
human/par3_0099,human,par3_0099,4.4125779347154435
human/par3_0100,human,par3_0100,2.288407880469926
human/par3_0101,human,par3_0101,2.111004281366399
human/par3_0102,human,par3_0102,1.886732751026414
human/par3_0103,human,par3_0103,0.924284860681316
human/par3_0104,human,par3_0104,1.5872818994458264
human/par3_0105,human,par3_0105,2.7319568400443353
human/par3_0106,human,par3_0106,
human/par3_0107,human,par3_0107,3.94741499971027
human/par3_0108,human,par3_0108,2.8281073164171553
human/par3_0109,human,par3_0109,4.460060495133603
human/par3_0110,human,par3_0110,2.9134041184425725
human/par3_0111,human,par3_0111,3.236142495958665
human/par3_0112,human,par3_0112,
human/par3_0113,human,par3_0113,3.1056329709054378
human/par3_0114,human,par3_0114,2.686244133282413
human/par3_0115,human,par3_0115,3.660958665118278
human/par3_0116,human,par3_0116,1.4939726828022806
human/par3_0117,human,par3_0117,3.6449903615402324
human/par3_0118,human,par3_0118,3.117245181362051
human/par3_0119,human,par3_0119,2.252775528294115
human/par3_0120,human,par3_0120,2.4841710034625963
human/par3_0121,human,par3_0121,1.4506864406414488
human/par3_0122,human,par3_0122,2.0396736126300987
human/par3_0123,human,par3_0123,3.307708704852504
human/par3_0124,human,par3_0124,2.060976412436246
human/par3_0125,human,par3_0125,3.797580671602589
human/par3_0126,human,par3_0126,3.630330034781894
human/par3_0127,human,par3_0127,2.734039867053959
human/par3_0128,human,par3_0128,2.4943111770070847
human/par3_0129,human,par3_0129,1.9174170711215996
human/par3_0130,human,par3_0130,2.3881153181789934
human/par3_0131,human,par3_0131,
human/par3_0132,human,par3_0132,3.1514885648565762
human/par3_0133,human,par3_0133,2.1056094909586034
human/par3_0134,human,par3_0134,3.60052235040882
human/par3_0135,human,par3_0135,1.7643223233857794
human/par3_0136,human,par3_0136,4.055386424050998
human/par3_0137,human,par3_0137,3.400787218618771
human/par3_0138,human,par3_0138,3.2610728027969826
human/par3_0139,human,par3_0139,2.7643782610075682
human/par3_0140,human,par3_0140,3.480390815048386
human/par3_0141,human,par3_0141,3.1708539704034178
human/par3_0142,human,par3_0142,2.6873782319121293
human/par3_0143,human,par3_0143,2.618212018789101
human/par3_0144,human,par3_0144,1.671204547620567
human/par3_0145,human,par3_0145,3.06360593508608
human/par3_0146,human,par3_0146,2.2904098818862715
human/par3_0147,human,par3_0147,4.882152504527396
human/par3_0148,human,par3_0148,
human/par3_0149,human,par3_0149,1.34325096698847
human/par3_0150,human,par3_0150,2.309757236028111
human/par3_0151,human,par3_0151,2.4229236889723285
human/par3_0152,human,par3_0152,
human/par3_0153,human,par3_0153,2.991711642928086
human/par3_0154,human,par3_0154,2.263099639616082
human/par3_0155,human,par3_0155,1.9361362157701676
human/par3_0156,human,par3_0156,1.3525653092666714
human/par3_0157,human,par3_0157,1.8671715042115709
human/par3_0158,human,par3_0158,3.191362407398986
human/par3_0159,human,par3_0159,0.6597196340111126
human/par3_0160,human,par3_0160,1.3264589274356926
human/par3_0161,human,par3_0161,2.0487443393461398
human/par3_0162,human,par3_0162,2.3196432232614823
human/par3_0163,human,par3_0163,3.123909931444139
human/par3_0164,human,par3_0164,2.230088177238073
human/par3_0165,human,par3_0165,2.8537041041681808
human/par3_0166,human,par3_0166,3.0639833632160447
human/par3_0167,human,par3_0167,0.8103186720515709
human/par3_0168,human,par3_0168,2.154287191673964
human/par3_0169,human,par3_0169,4.162346942899639
human/par3_0170,human,par3_0170,2.397484365227902
human/par3_0171,human,par3_0171,3.739697911494963
human/par3_0172,human,par3_0172,1.7558000579928874
human/par3_0173,human,par3_0173,
human/par3_0174,human,par3_0174,2.4246101010608894
human/par3_0175,human,par3_0175,3.412283197433734
human/par3_0176,human,par3_0176,2.406972536357721
human/par3_0177,human,par3_0177,2.9270160206830744
human/par3_0178,human,par3_0178,0.03064567900135936
human/par3_0179,human,par3_0179,3.5736545066251484
human/par3_0180,human,par3_0180,2.308348657607699
human/par3_0181,human,par3_0181,2.2123490189060493
human/par3_0182,human,par3_0182,2.9092828655566816
human/par3_0183,human,par3_0183,3.2662264199489024
human/par3_0184,human,par3_0184,2.197417029404218
human/par3_0185,human,par3_0185,2.384856663001608
human/par3_0186,human,par3_0186,2.6657634650915356
human/par3_0187,human,par3_0187,2.618684313177354
human/par3_0188,human,par3_0188,2.178862590537775
human/par3_0189,human,par3_0189,2.9851779325818733
human/par3_0190,human,par3_0190,
human/par3_0191,human,par3_0191,2.5875774351105307
human/par3_0192,human,par3_0192,2.767971517140039
human/par3_0193,human,par3_0193,
human/par3_0194,human,par3_0194,2.687647843282311
human/par3_0195,human,par3_0195,1.8439931067222932
human/par3_0196,human,par3_0196,3.4560355626862624
human/par3_0197,human,par3_0197,3.3034166351402434
human/par3_0198,human,par3_0198,3.4910552470437928
human/par3_0199,human,par3_0199,3.197363403579466
