group_id,model_key,prompt_id,D_lex
gemma/par3_0000,gemma,par3_0000,0.40314304087502695
gemma/par3_0001,gemma,par3_0001,0.2685656802828444
gemma/par3_0002,gemma,par3_0002,0.33421246690881234
gemma/par3_0003,gemma,par3_0003,0.32473129154616476
gemma/par3_0004,gemma,par3_0004,0.652975311043572
gemma/par3_0005,gemma,par3_0005,0.7504378790858328
gemma/par3_0006,gemma,par3_0006,0.4567013700746723
gemma/par3_0007,gemma,par3_0007,0.4972727406067312
gemma/par3_0008,gemma,par3_0008,0.36400274525217113
gemma/par3_0009,gemma,par3_0009,0.4687422324762588
gemma/par3_0010,gemma,par3_0010,0.45747230338925765
gemma/par3_0011,gemma,par3_0011,0.36325241978482137
gemma/par3_0012,gemma,par3_0012,0.2967967621353831
gemma/par3_0013,gemma,par3_0013,0.5414503024477797
gemma/par3_0014,gemma,par3_0014,0.5800844220824398
gemma/par3_0015,gemma,par3_0015,0.3816020196235118
gemma/par3_0016,gemma,par3_0016,0.64578673530401
gemma/par3_0017,gemma,par3_0017,0.38024444298556725
gemma/par3_0018,gemma,par3_0018,0.42627458216401576
gemma/par3_0019,gemma,par3_0019,0.6030607203762527
gemma/par3_0020,gemma,par3_0020,0.6065105147884913
gemma/par3_0021,gemma,par3_0021,0.4307322472853953
gemma/par3_0022,gemma,par3_0022,0.47932843170938416
gemma/par3_0023,gemma,par3_0023,0.7088331840639952
gemma/par3_0024,gemma,par3_0024,0.401189368768989
gemma/par3_0025,gemma,par3_0025,0.6142508288118583
gemma/par3_0026,gemma,par3_0026,0.3757766008101456
gemma/par3_0027,gemma,par3_0027,0.7476686543917455
gemma/par3_0028,gemma,par3_0028,0.43270158903423717
gemma/par3_0029,gemma,par3_0029,0.4680230834096982
gemma/par3_0030,gemma,par3_0030,0.4535582496921518
gemma/par3_0031,gemma,par3_0031,0.5636398762895735
gemma/par3_0032,gemma,par3_0032,0.7421680070526603
gemma/par3_0033,gemma,par3_0033,0.4177702680433858
gemma/par3_0034,gemma,par3_0034,0.4370564621550467
gemma/par3_0035,gemma,par3_0035,0.39490743901310543
gemma/par3_0036,gemma,par3_0036,0.39632262397887363
gemma/par3_0037,gemma,par3_0037,0.2962852055843438
gemma/par3_0038,gemma,par3_0038,0.42007480191416474
gemma/par3_0039,gemma,par3_0039,0.32138713275371905
gemma/par3_0040,gemma,par3_0040,0.5798660694804868
gemma/par3_0041,gemma,par3_0041,0.31440645258712585
gemma/par3_0042,gemma,par3_0042,0.42981438412484874
gemma/par3_0043,gemma,par3_0043,0.37919635023768106
gemma/par3_0044,gemma,par3_0044,0.43654146673898586
gemma/par3_0045,gemma,par3_0045,0.7370089665343434
gemma/par3_0046,gemma,par3_0046,0.6556169429097606
gemma/par3_0047,gemma,par3_0047,0.3787420874212307
gemma/par3_0048,gemma,par3_0048,0.4281969757878178
gemma/par3_0049,gemma,par3_0049,0.5358925127557732
gemma/par3_0050,gemma,par3_0050,0.3442079361446563
gemma/par3_0051,gemma,par3_0051,0.6281815078328945
gemma/par3_0052,gemma,par3_0052,0.4132427131378929
gemma/par3_0053,gemma,par3_0053,0.3372861670222786
gemma/par3_0054,gemma,par3_0054,0.4635907117325296
gemma/par3_0055,gemma,par3_0055,0.6416517874206212
gemma/par3_0056,gemma,par3_0056,0.4884586911860855
gemma/par3_0057,gemma,par3_0057,0.33342970285857093
gemma/par3_0058,gemma,par3_0058,0.7068719871035253
gemma/par3_0059,gemma,par3_0059,0.4679069865423827
gemma/par3_0060,gemma,par3_0060,0.6571345593280729
gemma/par3_0061,gemma,par3_0061,0.4111950589518756
gemma/par3_0062,gemma,par3_0062,0.6464949115255263
gemma/par3_0063,gemma,par3_0063,0.6141078838174274
gemma/par3_0064,gemma,par3_0064,0.5119640068147003
gemma/par3_0065,gemma,par3_0065,0.6743250520122722
gemma/par3_0066,gemma,par3_0066,0.3766813474244778
gemma/par3_0067,gemma,par3_0067,0.3700492329458625
gemma/par3_0068,gemma,par3_0068,0.3455782925875327
gemma/par3_0069,gemma,par3_0069,0.5687279378197839
gemma/par3_0070,gemma,par3_0070,0.3184880957208661
gemma/par3_0071,gemma,par3_0071,0.38346678724527083
gemma/par3_0072,gemma,par3_0072,0.633734063825306
gemma/par3_0073,gemma,par3_0073,0.30137675425698907
gemma/par3_0074,gemma,par3_0074,0.3724610380089003
gemma/par3_0075,gemma,par3_0075,0.6285067668093515
gemma/par3_0076,gemma,par3_0076,0.32321110102333644
gemma/par3_0077,gemma,par3_0077,0.3721120518267415
gemma/par3_0078,gemma,par3_0078,0.40233335055625047
gemma/par3_0079,gemma,par3_0079,0.4325192433903373
gemma/par3_0080,gemma,par3_0080,0.6521925539948009
gemma/par3_0081,gemma,par3_0081,0.447941384293722
gemma/par3_0082,gemma,par3_0082,0.30771145818527523
gemma/par3_0083,gemma,par3_0083,0.6719518447951581
gemma/par3_0084,gemma,par3_0084,0.7611336032388664
gemma/par3_0085,gemma,par3_0085,0.41152479244046936
gemma/par3_0086,gemma,par3_0086,0.36185920685045725
gemma/par3_0087,gemma,par3_0087,0.5342600436147984
gemma/par3_0088,gemma,par3_0088,0.3361077086243471
gemma/par3_0089,gemma,par3_0089,0.727302639446538
gemma/par3_0090,gemma,par3_0090,0.6892332100067979
gemma/par3_0091,gemma,par3_0091,0.3378702923570523
gemma/par3_0092,gemma,par3_0092,0.6732236898903565
gemma/par3_0093,gemma,par3_0093,0.37639015288787925
gemma/par3_0094,gemma,par3_0094,0.6304911871052621
gemma/par3_0095,gemma,par3_0095,0.6874062414280135
gemma/par3_0096,gemma,par3_0096,0.38710813886732565
gemma/par3_0097,gemma,par3_0097,0.6486913932545499
gemma/par3_0098,gemma,par3_0098,0.37929241430812793
gemma/par3_0100,gemma,par3_0100,0.31977111797049707
gemma/par3_0101,gemma,par3_0101,0.5787217360155127
gemma/par3_0102,gemma,par3_0102,0.4300873053873221
gemma/par3_0103,gemma,par3_0103,0.4331633853025723
gemma/par3_0104,gemma,par3_0104,0.29818279464612163
gemma/par3_0105,gemma,par3_0105,0.6127199886682323
gemma/par3_0106,gemma,par3_0106,0.48970264322820223
gemma/par3_0107,gemma,par3_0107,0.586046199022151
gemma/par3_0108,gemma,par3_0108,0.49702113801992026
gemma/par3_0109,gemma,par3_0109,0.4181009533463473
gemma/par3_0110,gemma,par3_0110,0.4577316328568351
gemma/par3_0111,gemma,par3_0111,0.4376503724822027
gemma/par3_0112,gemma,par3_0112,0.43113781605597284
gemma/par3_0113,gemma,par3_0113,0.33740880875592616
gemma/par3_0114,gemma,par3_0114,0.30546063559607395
gemma/par3_0115,gemma,par3_0115,0.28841431485803176
gemma/par3_0116,gemma,par3_0116,0.34717369146705945
gemma/par3_0117,gemma,par3_0117,0.3342224477183495
gemma/par3_0118,gemma,par3_0118,0.5362710369772516
gemma/par3_0119,gemma,par3_0119,0.32508287655881574
gemma/par3_0120,gemma,par3_0120,0.3916578857811734
gemma/par3_0121,gemma,par3_0121,0.3779773480975829
gemma/par3_0122,gemma,par3_0122,0.341663854497882
gemma/par3_0123,gemma,par3_0123,0.4664369999329171
gemma/par3_0124,gemma,par3_0124,0.43464380981455986
gemma/par3_0125,gemma,par3_0125,0.6839291666528501
gemma/par3_0126,gemma,par3_0126,0.3979997178637199
gemma/par3_0127,gemma,par3_0127,0.3922846959961311
gemma/par3_0128,gemma,par3_0128,0.36208887630888215
gemma/par3_0129,gemma,par3_0129,0.4595370976036118
gemma/par3_0130,gemma,par3_0130,0.43539088824673333
gemma/par3_0131,gemma,par3_0131,0.33123869628447233
gemma/par3_0132,gemma,par3_0132,0.484910390264875
gemma/par3_0133,gemma,par3_0133,0.4426419121573379
gemma/par3_0134,gemma,par3_0134,0.641975321188699
gemma/par3_0135,gemma,par3_0135,0.40788351901959985
gemma/par3_0136,gemma,par3_0136,0.6570778882473072
gemma/par3_0137,gemma,par3_0137,0.6033038852651873
gemma/par3_0138,gemma,par3_0138,0.6635060405112871
gemma/par3_0139,gemma,par3_0139,0.36805368824882556
gemma/par3_0140,gemma,par3_0140,0.4630026222814102
gemma/par3_0141,gemma,par3_0141,0.6196581196581197
gemma/par3_0142,gemma,par3_0142,0.38466523920548057
gemma/par3_0143,gemma,par3_0143,0.3796779329574083
gemma/par3_0144,gemma,par3_0144,0.5131431846807537
gemma/par3_0145,gemma,par3_0145,0.7205538651887712
gemma/par3_0146,gemma,par3_0146,0.41346015572212086
gemma/par3_0147,gemma,par3_0147,0.5184456999562411
gemma/par3_0148,gemma,par3_0148,0.35824920000613814
gemma/par3_0149,gemma,par3_0149,0.35020451925405505
gemma/par3_0150,gemma,par3_0150,0.3794192654135543
gemma/par3_0151,gemma,par3_0151,0.6550564127776208
gemma/par3_0152,gemma,par3_0152,0.6168636857163524
gemma/par3_0153,gemma,par3_0153,0.7426066347085691
gemma/par3_0154,gemma,par3_0154,0.3762830414061442
gemma/par3_0155,gemma,par3_0155,0.36873048240680834
gemma/par3_0156,gemma,par3_0156,0.3542443481410224
gemma/par3_0157,gemma,par3_0157,0.6452774321704909
gemma/par3_0158,gemma,par3_0158,0.6143226444376537
gemma/par3_0159,gemma,par3_0159,0.43507934449614083
gemma/par3_0160,gemma,par3_0160,0.36807513718093543
gemma/par3_0161,gemma,par3_0161,0.32237235659299823
gemma/par3_0162,gemma,par3_0162,0.4368472221625296
gemma/par3_0163,gemma,par3_0163,0.36841766500081813
gemma/par3_0164,gemma,par3_0164,0.31974895298363415
gemma/par3_0167,gemma,par3_0167,0.4975744462008205
gemma/par3_0168,gemma,par3_0168,0.4463042139024764
gemma/par3_0169,gemma,par3_0169,0.6562712938968038
gemma/par3_0170,gemma,par3_0170,0.32387585387156853
gemma/par3_0171,gemma,par3_0171,0.41662020057326404
gemma/par3_0172,gemma,par3_0172,0.4242579652407502
gemma/par3_0173,gemma,par3_0173,0.5945267677788059
gemma/par3_0174,gemma,par3_0174,0.4870603095107966
gemma/par3_0175,gemma,par3_0175,0.7000592412462142
gemma/par3_0176,gemma,par3_0176,0.3024151539002872
gemma/par3_0177,gemma,par3_0177,0.3432713107148847
gemma/par3_0178,gemma,par3_0178,0.32692027629884474
gemma/par3_0179,gemma,par3_0179,0.6858611452361453
gemma/par3_0180,gemma,par3_0180,0.4088670195113635
gemma/par3_0181,gemma,par3_0181,0.3718858425596482
gemma/par3_0182,gemma,par3_0182,0.40518723175797416
gemma/par3_0183,gemma,par3_0183,0.6371409573523191
gemma/par3_0184,gemma,par3_0184,0.6267168490850746
gemma/par3_0185,gemma,par3_0185,0.4024390243902439
gemma/par3_0186,gemma,par3_0186,0.6313135851617735
gemma/par3_0187,gemma,par3_0187,0.42080781000324385
gemma/par3_0188,gemma,par3_0188,0.3753387557541862
gemma/par3_0189,gemma,par3_0189,0.5963302752293578
gemma/par3_0190,gemma,par3_0190,0.6430126854943318
gemma/par3_0191,gemma,par3_0191,0.6549231039375074
gemma/par3_0192,gemma,par3_0192,0.4846570137484495
gemma/par3_0193,gemma,par3_0193,0.7266991490162525
gemma/par3_0194,gemma,par3_0194,0.5527951343271807
gemma/par3_0195,gemma,par3_0195,0.5215144975085406
gemma/par3_0197,gemma,par3_0197,0.3745302814660831
gemma/par3_0198,gemma,par3_0198,0.6529775734979839
gemma/par3_0199,gemma,par3_0199,0.6574671355180283
llama/par3_0000,llama,par3_0000,0.556978738569226
llama/par3_0001,llama,par3_0001,0.37609322851727667
llama/par3_0002,llama,par3_0002,0.4709032925478491
llama/par3_0003,llama,par3_0003,0.4623223282956325
llama/par3_0004,llama,par3_0004,0.7569053872307349
llama/par3_0005,llama,par3_0005,0.827644334346345
llama/par3_0006,llama,par3_0006,0.5540354119571959
llama/par3_0007,llama,par3_0007,0.584589817127388
llama/par3_0008,llama,par3_0008,0.47530529882015343
llama/par3_0009,llama,par3_0009,0.5558762908215523
llama/par3_0010,llama,par3_0010,0.5980389710757443
llama/par3_0011,llama,par3_0011,0.5381103907659173
llama/par3_0012,llama,par3_0012,0.4062279614144882
llama/par3_0013,llama,par3_0013,0.5879271395660483
llama/par3_0014,llama,par3_0014,0.6860886298340243
llama/par3_0015,llama,par3_0015,0.47979652877424944
llama/par3_0016,llama,par3_0016,0.7032981612932866
llama/par3_0017,llama,par3_0017,0.4095896782486544
llama/par3_0018,llama,par3_0018,0.6185869508890768
llama/par3_0019,llama,par3_0019,0.6820435701392579
llama/par3_0020,llama,par3_0020,0.664026465845197
llama/par3_0021,llama,par3_0021,0.43164583017678415
llama/par3_0022,llama,par3_0022,0.6568288925589268
llama/par3_0023,llama,par3_0023,0.693656040887201
llama/par3_0024,llama,par3_0024,0.4997640792694438
llama/par3_0025,llama,par3_0025,0.7390501922436488
llama/par3_0026,llama,par3_0026,0.6169567958003601
llama/par3_0027,llama,par3_0027,0.785679951948649
llama/par3_0028,llama,par3_0028,0.41671719236447347
llama/par3_0029,llama,par3_0029,0.5793025204366726
llama/par3_0030,llama,par3_0030,0.6080928434159818
llama/par3_0031,llama,par3_0031,0.6057761302004432
llama/par3_0032,llama,par3_0032,0.7806560359823463
llama/par3_0033,llama,par3_0033,0.421887455196746
llama/par3_0034,llama,par3_0034,0.5703534284481302
llama/par3_0035,llama,par3_0035,0.5329758311486403
llama/par3_0036,llama,par3_0036,0.5416991730365026
llama/par3_0037,llama,par3_0037,0.4592387794881704
llama/par3_0038,llama,par3_0038,0.5161617012173536
llama/par3_0039,llama,par3_0039,0.453446099492238
llama/par3_0040,llama,par3_0040,0.6329119557784938
llama/par3_0041,llama,par3_0041,0.3594958150631168
llama/par3_0042,llama,par3_0042,0.5615551436504937
llama/par3_0043,llama,par3_0043,0.4690644175976658
llama/par3_0044,llama,par3_0044,0.5220068343591274
llama/par3_0045,llama,par3_0045,0.7882415255792876
llama/par3_0046,llama,par3_0046,0.7510685766508363
llama/par3_0047,llama,par3_0047,0.44971272492984965
llama/par3_0048,llama,par3_0048,0.5137955108417789
llama/par3_0049,llama,par3_0049,0.6187414707510792
llama/par3_0050,llama,par3_0050,0.407264019882394
llama/par3_0051,llama,par3_0051,0.7248729076862321
llama/par3_0052,llama,par3_0052,0.5895591226656641
llama/par3_0053,llama,par3_0053,0.4970662328942213
llama/par3_0054,llama,par3_0054,0.5742404426071267
llama/par3_0055,llama,par3_0055,0.7084911739289167
llama/par3_0056,llama,par3_0056,0.5989780460947769
llama/par3_0057,llama,par3_0057,0.49162157182577104
llama/par3_0058,llama,par3_0058,0.7146349089451391
llama/par3_0059,llama,par3_0059,0.5314193213304891
llama/par3_0060,llama,par3_0060,0.7019543538697557
llama/par3_0061,llama,par3_0061,0.5073705478639471
llama/par3_0062,llama,par3_0062,0.6518482163755298
llama/par3_0063,llama,par3_0063,0.7095526060258259
llama/par3_0064,llama,par3_0064,0.6487490255908752
llama/par3_0065,llama,par3_0065,0.7453292412422258
llama/par3_0066,llama,par3_0066,0.45161326170939897
llama/par3_0067,llama,par3_0067,0.4334123750273253
llama/par3_0068,llama,par3_0068,0.4804832763784356
llama/par3_0069,llama,par3_0069,0.6528687912320277
llama/par3_0070,llama,par3_0070,0.5369199189917981
llama/par3_0071,llama,par3_0071,0.44592024181269563
llama/par3_0072,llama,par3_0072,0.7408081004569284
llama/par3_0073,llama,par3_0073,0.44571139289203315
llama/par3_0074,llama,par3_0074,0.510897860008784
llama/par3_0075,llama,par3_0075,0.6729691151321168
llama/par3_0076,llama,par3_0076,0.5340072572693365
llama/par3_0077,llama,par3_0077,0.5092551187912701
llama/par3_0078,llama,par3_0078,0.555018184844187
llama/par3_0079,llama,par3_0079,0.4881580674946833
llama/par3_0080,llama,par3_0080,0.6919179890024354
llama/par3_0081,llama,par3_0081,0.5203687836527187
llama/par3_0082,llama,par3_0082,0.42360448082656027
llama/par3_0083,llama,par3_0083,0.7114124864966683
llama/par3_0084,llama,par3_0084,0.7426855054581705
llama/par3_0085,llama,par3_0085,0.5120836709440153
llama/par3_0086,llama,par3_0086,0.539323099430151
llama/par3_0087,llama,par3_0087,0.5903553023364794
llama/par3_0088,llama,par3_0088,0.45956186156658874
llama/par3_0089,llama,par3_0089,0.7511311120770051
llama/par3_0090,llama,par3_0090,0.7694256304491163
llama/par3_0091,llama,par3_0091,0.5275967526903387
llama/par3_0092,llama,par3_0092,0.6707697699481198
llama/par3_0093,llama,par3_0093,0.5401296240747577
llama/par3_0094,llama,par3_0094,0.6891276761957281
llama/par3_0095,llama,par3_0095,0.7034160224268188
llama/par3_0096,llama,par3_0096,0.48489392418967886
llama/par3_0097,llama,par3_0097,0.6964487353439004
llama/par3_0098,llama,par3_0098,0.5581882432759043
llama/par3_0099,llama,par3_0099,0.7288192141847342
llama/par3_0100,llama,par3_0100,0.4402293560375242
llama/par3_0101,llama,par3_0101,0.672661008429526
llama/par3_0102,llama,par3_0102,0.47493337663116175
llama/par3_0103,llama,par3_0103,0.4485113885214763
llama/par3_0104,llama,par3_0104,0.42529138038910963
llama/par3_0105,llama,par3_0105,0.6564231905081334
llama/par3_0106,llama,par3_0106,0.5989485647845204
llama/par3_0107,llama,par3_0107,0.6989202727735521
llama/par3_0108,llama,par3_0108,0.6541380312917888
llama/par3_0109,llama,par3_0109,0.5877812078862968
llama/par3_0110,llama,par3_0110,0.5467458837751565
llama/par3_0111,llama,par3_0111,0.5508850901912709
llama/par3_0112,llama,par3_0112,0.5125939262443027
llama/par3_0113,llama,par3_0113,0.4975798141177566
llama/par3_0114,llama,par3_0114,0.5364705049722345
llama/par3_0115,llama,par3_0115,0.38506080127074027
llama/par3_0116,llama,par3_0116,0.42617819885914604
llama/par3_0117,llama,par3_0117,0.36705395050814843
llama/par3_0118,llama,par3_0118,0.6525104875998823
llama/par3_0119,llama,par3_0119,0.5034682751320763
llama/par3_0120,llama,par3_0120,0.4771196389848836
llama/par3_0121,llama,par3_0121,0.4942400781596678
llama/par3_0122,llama,par3_0122,0.4975131327632886
llama/par3_0123,llama,par3_0123,0.6116213982526488
llama/par3_0124,llama,par3_0124,0.6104871962463955
llama/par3_0125,llama,par3_0125,0.7593121761191324
llama/par3_0126,llama,par3_0126,0.651317936368422
llama/par3_0127,llama,par3_0127,0.5458129503667374
llama/par3_0128,llama,par3_0128,0.44911366753896254
llama/par3_0129,llama,par3_0129,0.5310165689321622
llama/par3_0130,llama,par3_0130,0.5499197102087248
llama/par3_0131,llama,par3_0131,0.4145679341083753
llama/par3_0132,llama,par3_0132,0.5672685145944231
llama/par3_0133,llama,par3_0133,0.5891605642015706
llama/par3_0134,llama,par3_0134,0.7399168350363322
llama/par3_0135,llama,par3_0135,0.53679513863445
llama/par3_0136,llama,par3_0136,0.6432315411971778
llama/par3_0137,llama,par3_0137,0.7410218908757841
llama/par3_0138,llama,par3_0138,0.6729931565206726
llama/par3_0139,llama,par3_0139,0.5311604967028051
llama/par3_0140,llama,par3_0140,0.6147001204521345
llama/par3_0141,llama,par3_0141,0.6802126398368497
llama/par3_0142,llama,par3_0142,0.48599219939590454
llama/par3_0143,llama,par3_0143,0.43005962110360796
llama/par3_0144,llama,par3_0144,0.5953454860184949
llama/par3_0145,llama,par3_0145,0.7474619601654209
llama/par3_0146,llama,par3_0146,0.5335408578138803
llama/par3_0147,llama,par3_0147,0.6338184285711312
llama/par3_0148,llama,par3_0148,0.4621100262274294
llama/par3_0149,llama,par3_0149,0.49021199339886684
llama/par3_0150,llama,par3_0150,0.523526388067596
llama/par3_0151,llama,par3_0151,0.6994825313296712
llama/par3_0152,llama,par3_0152,0.7162728787934591
llama/par3_0153,llama,par3_0153,0.7643739049551896
llama/par3_0154,llama,par3_0154,0.48952644626344705
llama/par3_0155,llama,par3_0155,0.4634680278615374
llama/par3_0156,llama,par3_0156,0.45885442027867046
llama/par3_0157,llama,par3_0157,0.6931119752822246
llama/par3_0158,llama,par3_0158,0.6790319990883782
llama/par3_0159,llama,par3_0159,0.5900946245598282
llama/par3_0160,llama,par3_0160,0.4915606547055022
llama/par3_0161,llama,par3_0161,0.4953860954218447
llama/par3_0162,llama,par3_0162,0.543784437137669
llama/par3_0163,llama,par3_0163,0.4174010227788075
llama/par3_0164,llama,par3_0164,0.4566967799530719
llama/par3_0165,llama,par3_0165,0.6848780061841212
llama/par3_0166,llama,par3_0166,0.7304381906145522
llama/par3_0167,llama,par3_0167,0.5215096074225313
llama/par3_0168,llama,par3_0168,0.5903772251414291
llama/par3_0169,llama,par3_0169,0.7785813752063618
llama/par3_0170,llama,par3_0170,0.4264041678691945
llama/par3_0171,llama,par3_0171,0.4686452689054045
llama/par3_0172,llama,par3_0172,0.5938468898755358
llama/par3_0173,llama,par3_0173,0.7117881097220854
llama/par3_0174,llama,par3_0174,0.5962953581260824
llama/par3_0175,llama,par3_0175,0.7071886703724198
llama/par3_0176,llama,par3_0176,0.4240655236597248
llama/par3_0177,llama,par3_0177,0.4353275298762835
llama/par3_0178,llama,par3_0178,0.49822717644480613
llama/par3_0179,llama,par3_0179,0.763694397468164
llama/par3_0180,llama,par3_0180,0.4588466753357661
llama/par3_0181,llama,par3_0181,0.46820535954705916
llama/par3_0182,llama,par3_0182,0.5582065347232981
llama/par3_0183,llama,par3_0183,0.727784152450268
llama/par3_0184,llama,par3_0184,0.7227939562549017
llama/par3_0185,llama,par3_0185,0.6077376648355859
llama/par3_0186,llama,par3_0186,0.7467676439339872
llama/par3_0187,llama,par3_0187,0.5228855673717099
llama/par3_0188,llama,par3_0188,0.5670800060438741
llama/par3_0189,llama,par3_0189,0.6508164895703423
llama/par3_0190,llama,par3_0190,0.6970415107701391
llama/par3_0191,llama,par3_0191,0.7327107416980944
llama/par3_0192,llama,par3_0192,0.5822291230651275
llama/par3_0193,llama,par3_0193,0.782346248891327
llama/par3_0194,llama,par3_0194,0.6432173857718115
llama/par3_0195,llama,par3_0195,0.5823886989906687
llama/par3_0196,llama,par3_0196,0.703584188604473
llama/par3_0197,llama,par3_0197,0.48570380907839067
llama/par3_0198,llama,par3_0198,0.7369102176783421
llama/par3_0199,llama,par3_0199,0.7148621376962794
mistral/par3_0000,mistral,par3_0000,0.508987853547276
mistral/par3_0001,mistral,par3_0001,0.30621650529214717
mistral/par3_0002,mistral,par3_0002,0.43140031308487414
mistral/par3_0003,mistral,par3_0003,0.5336645287760782
mistral/par3_0004,mistral,par3_0004,0.7492756705372902
mistral/par3_0005,mistral,par3_0005,0.7571299079261614
mistral/par3_0006,mistral,par3_0006,0.4309870088752007
mistral/par3_0007,mistral,par3_0007,0.5183533605912645
mistral/par3_0008,mistral,par3_0008,0.3595538190819425
mistral/par3_0009,mistral,par3_0009,0.47987096819588543
mistral/par3_0010,mistral,par3_0010,0.48407408372337646
mistral/par3_0011,mistral,par3_0011,0.42324232362151315
mistral/par3_0012,mistral,par3_0012,0.3304316617723596
mistral/par3_0013,mistral,par3_0013,0.5278398508310098
mistral/par3_0014,mistral,par3_0014,0.6404836956268561
mistral/par3_0015,mistral,par3_0015,0.410885623309301
mistral/par3_0016,mistral,par3_0016,0.7253073797648988
mistral/par3_0017,mistral,par3_0017,0.41498267604335004
mistral/par3_0018,mistral,par3_0018,0.549259162800362
mistral/par3_0019,mistral,par3_0019,0.6459912875125982
mistral/par3_0020,mistral,par3_0020,0.6303972844767733
mistral/par3_0021,mistral,par3_0021,0.32320904679329004
mistral/par3_0022,mistral,par3_0022,0.5783561933417127
mistral/par3_0023,mistral,par3_0023,0.6996132025771894
mistral/par3_0024,mistral,par3_0024,0.4527368664082102
mistral/par3_0025,mistral,par3_0025,0.6644923933656328
mistral/par3_0026,mistral,par3_0026,0.5177041855447918
mistral/par3_0027,mistral,par3_0027,0.7638935751274271
mistral/par3_0028,mistral,par3_0028,0.475479285089092
mistral/par3_0029,mistral,par3_0029,0.42761810428881064
mistral/par3_0030,mistral,par3_0030,0.5560418252041834
mistral/par3_0031,mistral,par3_0031,0.5408356390499917
mistral/par3_0032,mistral,par3_0032,0.761449855815116
mistral/par3_0033,mistral,par3_0033,0.354185859872363
mistral/par3_0034,mistral,par3_0034,0.4121992752602702
mistral/par3_0035,mistral,par3_0035,0.45813787516309723
mistral/par3_0036,mistral,par3_0036,0.4329621394880334
mistral/par3_0037,mistral,par3_0037,0.41942477905819303
mistral/par3_0038,mistral,par3_0038,0.5072737727288169
mistral/par3_0039,mistral,par3_0039,0.3984126201878338
mistral/par3_0040,mistral,par3_0040,0.6377046259091702
mistral/par3_0041,mistral,par3_0041,0.31725266071206715
mistral/par3_0042,mistral,par3_0042,0.4250749039993266
mistral/par3_0043,mistral,par3_0043,0.4202135008691449
mistral/par3_0044,mistral,par3_0044,0.4221908816167973
mistral/par3_0045,mistral,par3_0045,0.7525763750707114
mistral/par3_0046,mistral,par3_0046,0.6924894476268417
mistral/par3_0047,mistral,par3_0047,0.4036839063883006
mistral/par3_0048,mistral,par3_0048,0.49481511257180893
mistral/par3_0049,mistral,par3_0049,0.6214447102112207
mistral/par3_0050,mistral,par3_0050,0.44240711151504886
mistral/par3_0051,mistral,par3_0051,0.6779046577031194
mistral/par3_0052,mistral,par3_0052,0.5249563219482161
mistral/par3_0053,mistral,par3_0053,0.37100865433736363
mistral/par3_0054,mistral,par3_0054,0.5186960949063241
mistral/par3_0055,mistral,par3_0055,0.5840727092458068
mistral/par3_0056,mistral,par3_0056,0.515835429793149
mistral/par3_0057,mistral,par3_0057,0.40808199499624953
mistral/par3_0058,mistral,par3_0058,0.7361436666314715
mistral/par3_0059,mistral,par3_0059,0.42908905287824306
mistral/par3_0060,mistral,par3_0060,0.6735673750337159
mistral/par3_0061,mistral,par3_0061,0.3902595403580461
mistral/par3_0062,mistral,par3_0062,0.636136368599596
mistral/par3_0063,mistral,par3_0063,0.6528987986477018
mistral/par3_0064,mistral,par3_0064,0.5335987970390873
mistral/par3_0065,mistral,par3_0065,0.8220212873107341
mistral/par3_0066,mistral,par3_0066,0.2978464426994305
mistral/par3_0067,mistral,par3_0067,0.35156488135093006
mistral/par3_0068,mistral,par3_0068,0.33931773257396103
mistral/par3_0069,mistral,par3_0069,0.6390878759619211
mistral/par3_0070,mistral,par3_0070,0.42262775335742564
mistral/par3_0071,mistral,par3_0071,0.30890281469034464
mistral/par3_0072,mistral,par3_0072,0.6572131856540919
mistral/par3_0073,mistral,par3_0073,0.38441187127808363
mistral/par3_0074,mistral,par3_0074,0.49033706893835155
mistral/par3_0075,mistral,par3_0075,0.6965287939938829
mistral/par3_0076,mistral,par3_0076,0.38366177188174744
mistral/par3_0077,mistral,par3_0077,0.4137540204941071
mistral/par3_0078,mistral,par3_0078,0.565356464347542
mistral/par3_0079,mistral,par3_0079,0.4438403222481229
mistral/par3_0080,mistral,par3_0080,0.6899205984421892
mistral/par3_0081,mistral,par3_0081,0.4531289539728811
mistral/par3_0082,mistral,par3_0082,0.39516848519148556
mistral/par3_0083,mistral,par3_0083,0.6613134642199391
mistral/par3_0084,mistral,par3_0084,0.6461931493865779
mistral/par3_0085,mistral,par3_0085,0.49567819622319176
mistral/par3_0086,mistral,par3_0086,0.4331232013812816
mistral/par3_0087,mistral,par3_0087,0.5528362783319174
mistral/par3_0088,mistral,par3_0088,0.4732589013031886
mistral/par3_0089,mistral,par3_0089,0.7579534744270857
mistral/par3_0090,mistral,par3_0090,0.7158091685795467
mistral/par3_0091,mistral,par3_0091,0.3722988983771479
mistral/par3_0092,mistral,par3_0092,0.6720998025623368
mistral/par3_0093,mistral,par3_0093,0.46131479942518683
mistral/par3_0094,mistral,par3_0094,0.6543293426281984
mistral/par3_0095,mistral,par3_0095,0.6711331609194304
mistral/par3_0096,mistral,par3_0096,0.4352375504145659
mistral/par3_0097,mistral,par3_0097,0.623507894006544
mistral/par3_0098,mistral,par3_0098,0.4021971070805951
mistral/par3_0099,mistral,par3_0099,0.6617399616888843
mistral/par3_0100,mistral,par3_0100,0.40510453323241097
mistral/par3_0101,mistral,par3_0101,0.5118423438566697
mistral/par3_0102,mistral,par3_0102,0.508136238049453
mistral/par3_0103,mistral,par3_0103,0.5417961837211445
mistral/par3_0104,mistral,par3_0104,0.5433791147435686
mistral/par3_0105,mistral,par3_0105,0.6534147729187646
mistral/par3_0106,mistral,par3_0106,0.4826853467410297
mistral/par3_0107,mistral,par3_0107,0.6584292862090059
mistral/par3_0108,mistral,par3_0108,0.5628901148453433
mistral/par3_0109,mistral,par3_0109,0.5192068752312264
mistral/par3_0110,mistral,par3_0110,0.4882241022081302
mistral/par3_0111,mistral,par3_0111,0.4642184445078931
mistral/par3_0112,mistral,par3_0112,0.4889512481627228
mistral/par3_0113,mistral,par3_0113,0.4223591304810694
mistral/par3_0114,mistral,par3_0114,0.4362520997982241
mistral/par3_0115,mistral,par3_0115,0.32741149679335263
mistral/par3_0116,mistral,par3_0116,0.4024105166882272
mistral/par3_0117,mistral,par3_0117,0.39154721304791185
mistral/par3_0118,mistral,par3_0118,0.577636726360008
mistral/par3_0119,mistral,par3_0119,0.45040888075962887
mistral/par3_0120,mistral,par3_0120,0.2664801877191516
mistral/par3_0121,mistral,par3_0121,0.46078882053290504
mistral/par3_0122,mistral,par3_0122,0.3080225957253413
mistral/par3_0123,mistral,par3_0123,0.5455851888489801
mistral/par3_0124,mistral,par3_0124,0.4817313155888489
mistral/par3_0125,mistral,par3_0125,0.6713607485938
mistral/par3_0126,mistral,par3_0126,0.4954911262279567
mistral/par3_0127,mistral,par3_0127,0.4113882290147396
mistral/par3_0128,mistral,par3_0128,0.37444887216958916
mistral/par3_0129,mistral,par3_0129,0.42735726999443935
mistral/par3_0130,mistral,par3_0130,0.4287202147725071
mistral/par3_0131,mistral,par3_0131,0.39864794593934433
mistral/par3_0132,mistral,par3_0132,0.4247787610619469
mistral/par3_0133,mistral,par3_0133,0.5238663284110643
mistral/par3_0134,mistral,par3_0134,0.7027753094403404
mistral/par3_0135,mistral,par3_0135,0.48848840196456383
mistral/par3_0136,mistral,par3_0136,0.6490528856695488
mistral/par3_0137,mistral,par3_0137,0.6689378724889011
mistral/par3_0138,mistral,par3_0138,0.7246571262110233
mistral/par3_0139,mistral,par3_0139,0.3865036541831432
mistral/par3_0140,mistral,par3_0140,0.47837591197805285
mistral/par3_0141,mistral,par3_0141,0.6413185246471397
mistral/par3_0142,mistral,par3_0142,0.4845951264582
mistral/par3_0143,mistral,par3_0143,0.3915359859947568
mistral/par3_0144,mistral,par3_0144,0.5852465248153721
mistral/par3_0145,mistral,par3_0145,0.726299518868818
mistral/par3_0146,mistral,par3_0146,0.43129584810180727
mistral/par3_0147,mistral,par3_0147,0.5201457093449038
mistral/par3_0148,mistral,par3_0148,0.28420664158411507
mistral/par3_0149,mistral,par3_0149,0.34684310051005485
mistral/par3_0150,mistral,par3_0150,0.41612024600287095
mistral/par3_0151,mistral,par3_0151,0.6624920115439122
mistral/par3_0152,mistral,par3_0152,0.6149989782560169
mistral/par3_0153,mistral,par3_0153,0.7555344001099756
mistral/par3_0154,mistral,par3_0154,0.46617319277410496
mistral/par3_0155,mistral,par3_0155,0.4082956730605213
mistral/par3_0156,mistral,par3_0156,0.3415211491229827
mistral/par3_0157,mistral,par3_0157,0.6908667591858904
mistral/par3_0158,mistral,par3_0158,0.632616831214009
mistral/par3_0159,mistral,par3_0159,0.6387110194496252
mistral/par3_0160,mistral,par3_0160,0.4414305442432231
mistral/par3_0161,mistral,par3_0161,0.3818709693283312
mistral/par3_0162,mistral,par3_0162,0.43583457386732516
mistral/par3_0163,mistral,par3_0163,0.4104373044370385
mistral/par3_0164,mistral,par3_0164,0.3525628041414501
mistral/par3_0165,mistral,par3_0165,0.6041137410794633
mistral/par3_0166,mistral,par3_0166,0.6909715527359425
mistral/par3_0167,mistral,par3_0167,0.5390076693369797
mistral/par3_0168,mistral,par3_0168,0.6282275212841809
mistral/par3_0169,mistral,par3_0169,0.7615970515035115
mistral/par3_0170,mistral,par3_0170,0.2911648357046328
mistral/par3_0171,mistral,par3_0171,0.38367536860946205
mistral/par3_0172,mistral,par3_0172,0.5242254634471367
mistral/par3_0173,mistral,par3_0173,0.7304313516810116
mistral/par3_0174,mistral,par3_0174,0.5071408898346526
mistral/par3_0175,mistral,par3_0175,0.6713390308004803
mistral/par3_0176,mistral,par3_0176,0.3967338283693237
mistral/par3_0177,mistral,par3_0177,0.49626624139863545
mistral/par3_0178,mistral,par3_0178,0.4233559147530828
mistral/par3_0179,mistral,par3_0179,0.7003258220114673
mistral/par3_0180,mistral,par3_0180,0.4834818206756662
mistral/par3_0181,mistral,par3_0181,0.40874108246150626
mistral/par3_0182,mistral,par3_0182,0.40950562195486373
mistral/par3_0183,mistral,par3_0183,0.6535801010214459
mistral/par3_0184,mistral,par3_0184,0.7095744117578665
mistral/par3_0185,mistral,par3_0185,0.5489676311618324
mistral/par3_0186,mistral,par3_0186,0.6531268652822283
mistral/par3_0187,mistral,par3_0187,0.4861743270301493
mistral/par3_0188,mistral,par3_0188,0.42516631985334874
mistral/par3_0189,mistral,par3_0189,0.6402584835244063
mistral/par3_0190,mistral,par3_0190,0.6990663749796814
mistral/par3_0191,mistral,par3_0191,0.6879500457390169
mistral/par3_0192,mistral,par3_0192,0.49863718109953226
mistral/par3_0193,mistral,par3_0193,0.7769514616000746
mistral/par3_0194,mistral,par3_0194,0.6023379290850851
mistral/par3_0195,mistral,par3_0195,0.43549186557057257
mistral/par3_0196,mistral,par3_0196,0.707046718529798
mistral/par3_0197,mistral,par3_0197,0.4342870784118674
mistral/par3_0198,mistral,par3_0198,0.6747565596234162
mistral/par3_0199,mistral,par3_0199,0.6886510447926704
qwen/par3_0000,qwen,par3_0000,0.5079077626837607
qwen/par3_0001,qwen,par3_0001,0.39081718394471093
qwen/par3_0002,qwen,par3_0002,0.4407562570090159
qwen/par3_0003,qwen,par3_0003,0.3996253471790048
qwen/par3_0004,qwen,par3_0004,0.662373276205458
qwen/par3_0006,qwen,par3_0006,0.48644081333886613
qwen/par3_0007,qwen,par3_0007,0.6222369438273202
qwen/par3_0008,qwen,par3_0008,0.36636642236590894
qwen/par3_0009,qwen,par3_0009,0.5777777777777777
qwen/par3_0010,qwen,par3_0010,0.615095598946926
qwen/par3_0011,qwen,par3_0011,0.5191509515610822
qwen/par3_0012,qwen,par3_0012,0.3805693447131143
qwen/par3_0013,qwen,par3_0013,0.4840337060641526
qwen/par3_0014,qwen,par3_0014,0.6955279976234631
qwen/par3_0015,qwen,par3_0015,0.49804206035249077
qwen/par3_0016,qwen,par3_0016,0.666629201229459
qwen/par3_0017,qwen,par3_0017,0.48304311258678634
qwen/par3_0018,qwen,par3_0018,0.49304609217090856
qwen/par3_0020,qwen,par3_0020,0.589352002384433
qwen/par3_0021,qwen,par3_0021,0.36989416842545736
qwen/par3_0022,qwen,par3_0022,0.5239746070726676
qwen/par3_0023,qwen,par3_0023,0.726457399103139
qwen/par3_0024,qwen,par3_0024,0.43396396664602843
qwen/par3_0025,qwen,par3_0025,0.664928646066964
qwen/par3_0026,qwen,par3_0026,0.5723335871833952
qwen/par3_0027,qwen,par3_0027,0.7457947927424445
qwen/par3_0028,qwen,par3_0028,0.4541724509472189
qwen/par3_0029,qwen,par3_0029,0.4951407601585494
qwen/par3_0030,qwen,par3_0030,0.5355324125576962
qwen/par3_0031,qwen,par3_0031,0.564849051695336
qwen/par3_0032,qwen,par3_0032,0.7430555555555556
qwen/par3_0033,qwen,par3_0033,0.42306690607925806
qwen/par3_0034,qwen,par3_0034,0.563492303564155
qwen/par3_0035,qwen,par3_0035,0.552296213841627
qwen/par3_0036,qwen,par3_0036,0.4792385990475568
qwen/par3_0037,qwen,par3_0037,0.39147223206767856
qwen/par3_0038,qwen,par3_0038,0.48789111995451256
qwen/par3_0039,qwen,par3_0039,0.45697649462660095
qwen/par3_0040,qwen,par3_0040,0.6841340339971974
qwen/par3_0041,qwen,par3_0041,0.45021434179831205
qwen/par3_0042,qwen,par3_0042,0.5980579266314916
qwen/par3_0043,qwen,par3_0043,0.4060417677048645
qwen/par3_0044,qwen,par3_0044,0.5411483273256078
qwen/par3_0045,qwen,par3_0045,0.7398118957156109
qwen/par3_0047,qwen,par3_0047,0.4312350762696958
qwen/par3_0048,qwen,par3_0048,0.5391669396421757
qwen/par3_0049,qwen,par3_0049,0.5760517799352751
qwen/par3_0050,qwen,par3_0050,0.42794822964691015
qwen/par3_0051,qwen,par3_0051,0.6504757462686567
qwen/par3_0052,qwen,par3_0052,0.5658690844719313
qwen/par3_0053,qwen,par3_0053,0.502633236673155
qwen/par3_0054,qwen,par3_0054,0.5429651821603526
qwen/par3_0055,qwen,par3_0055,0.6531765416862542
qwen/par3_0056,qwen,par3_0056,0.5707231739111724
qwen/par3_0057,qwen,par3_0057,0.4442908715052763
qwen/par3_0058,qwen,par3_0058,0.67252828281831
qwen/par3_0059,qwen,par3_0059,0.5074962673337851
qwen/par3_0060,qwen,par3_0060,0.695416429925429
qwen/par3_0061,qwen,par3_0061,0.46427954274107036
qwen/par3_0062,qwen,par3_0062,0.6423600170924331
qwen/par3_0063,qwen,par3_0063,0.6746987951807228
qwen/par3_0064,qwen,par3_0064,0.5834156221546838
qwen/par3_0065,qwen,par3_0065,0.6080398778671995
qwen/par3_0066,qwen,par3_0066,0.39673866519444717
qwen/par3_0067,qwen,par3_0067,0.43521895464777105
qwen/par3_0068,qwen,par3_0068,0.4850013292136513
qwen/par3_0069,qwen,par3_0069,0.6275036443787839
qwen/par3_0070,qwen,par3_0070,0.3151327420012298
qwen/par3_0071,qwen,par3_0071,0.4127735873819405
qwen/par3_0072,qwen,par3_0072,0.6499839096139671
qwen/par3_0073,qwen,par3_0073,0.44429803315647554
qwen/par3_0074,qwen,par3_0074,0.48727457056080387
qwen/par3_0075,qwen,par3_0075,0.630057803468208
qwen/par3_0076,qwen,par3_0076,0.31633640634323945
qwen/par3_0077,qwen,par3_0077,0.5623851449593805
qwen/par3_0078,qwen,par3_0078,0.5800658820749967
qwen/par3_0079,qwen,par3_0079,0.514508366250598
qwen/par3_0080,qwen,par3_0080,0.671385367000695
qwen/par3_0081,qwen,par3_0081,0.5225304720367905
qwen/par3_0082,qwen,par3_0082,0.526527329398227
qwen/par3_0083,qwen,par3_0083,0.7063660265392215
qwen/par3_0085,qwen,par3_0085,0.5190281887930414
qwen/par3_0086,qwen,par3_0086,0.44770267401215663
qwen/par3_0087,qwen,par3_0087,0.5424869432185537
qwen/par3_0088,qwen,par3_0088,0.46196553043519134
qwen/par3_0089,qwen,par3_0089,0.6868779848419718
qwen/par3_0090,qwen,par3_0090,0.7141395585786247
qwen/par3_0091,qwen,par3_0091,0.49093948889692857
qwen/par3_0092,qwen,par3_0092,0.6796565937514298
qwen/par3_0093,qwen,par3_0093,0.49990232585637795
qwen/par3_0095,qwen,par3_0095,0.637810206519884
qwen/par3_0096,qwen,par3_0096,0.5255502591392882
qwen/par3_0097,qwen,par3_0097,0.6452614657473149
qwen/par3_0098,qwen,par3_0098,0.5100360719203055
qwen/par3_0099,qwen,par3_0099,0.707704824267544
qwen/par3_0100,qwen,par3_0100,0.46376216361627626
qwen/par3_0102,qwen,par3_0102,0.4557567892304821
qwen/par3_0103,qwen,par3_0103,0.47437453458288203
qwen/par3_0104,qwen,par3_0104,0.3709526709454665
qwen/par3_0106,qwen,par3_0106,0.4990839888588939
qwen/par3_0108,qwen,par3_0108,0.5436290581533387
qwen/par3_0109,qwen,par3_0109,0.5600146190498978
qwen/par3_0110,qwen,par3_0110,0.5760156327096674
qwen/par3_0111,qwen,par3_0111,0.5205119499487619
qwen/par3_0112,qwen,par3_0112,0.4239125428583262
qwen/par3_0113,qwen,par3_0113,0.4472017895494639
qwen/par3_0114,qwen,par3_0114,0.4527174208743389
qwen/par3_0115,qwen,par3_0115,0.3454153366224365
qwen/par3_0116,qwen,par3_0116,0.4264132542352672
qwen/par3_0117,qwen,par3_0117,0.4134791893387493
qwen/par3_0118,qwen,par3_0118,0.5836335536845061
qwen/par3_0119,qwen,par3_0119,0.49348861827613144
qwen/par3_0120,qwen,par3_0120,0.40128040511125274
qwen/par3_0121,qwen,par3_0121,0.5639076998803401
qwen/par3_0122,qwen,par3_0122,0.48155234999772645
qwen/par3_0123,qwen,par3_0123,0.5538196322365888
qwen/par3_0124,qwen,par3_0124,0.547940433686252
qwen/par3_0126,qwen,par3_0126,0.5418756863845327
qwen/par3_0127,qwen,par3_0127,0.44995253222815823
qwen/par3_0128,qwen,par3_0128,0.44970340812617937
qwen/par3_0129,qwen,par3_0129,0.5326980257315433
qwen/par3_0130,qwen,par3_0130,0.5212363932832298
qwen/par3_0131,qwen,par3_0131,0.35120730789518484
qwen/par3_0132,qwen,par3_0132,0.6000653404811404
qwen/par3_0133,qwen,par3_0133,0.5544095665104218
qwen/par3_0135,qwen,par3_0135,0.5348160852809736
qwen/par3_0136,qwen,par3_0136,0.577411344224299
qwen/par3_0137,qwen,par3_0137,0.6463129309324243
qwen/par3_0138,qwen,par3_0138,0.6203505644682116
qwen/par3_0139,qwen,par3_0139,0.559504231207634
qwen/par3_0140,qwen,par3_0140,0.5808217682554531
qwen/par3_0141,qwen,par3_0141,0.623682752963943
qwen/par3_0142,qwen,par3_0142,0.46223023090948223
qwen/par3_0143,qwen,par3_0143,0.5107168317469475
qwen/par3_0144,qwen,par3_0144,0.6063611027244107
qwen/par3_0145,qwen,par3_0145,0.6881598909747927
qwen/par3_0146,qwen,par3_0146,0.549886521815899
qwen/par3_0147,qwen,par3_0147,0.5251165308082261
qwen/par3_0148,qwen,par3_0148,0.4751447381777497
qwen/par3_0149,qwen,par3_0149,0.46148950201273414
qwen/par3_0150,qwen,par3_0150,0.5021648846066546
qwen/par3_0154,qwen,par3_0154,0.468013468013468
qwen/par3_0155,qwen,par3_0155,0.4750430076636718
qwen/par3_0156,qwen,par3_0156,0.45201578996532155
qwen/par3_0157,qwen,par3_0157,0.7063003089325556
qwen/par3_0159,qwen,par3_0159,0.47525394897427586
qwen/par3_0160,qwen,par3_0160,0.5219225142182033
qwen/par3_0161,qwen,par3_0161,0.4505350107025081
qwen/par3_0162,qwen,par3_0162,0.504328309824925
qwen/par3_0163,qwen,par3_0163,0.4442445537886847
qwen/par3_0164,qwen,par3_0164,0.4015761341196627
qwen/par3_0166,qwen,par3_0166,0.7530163110427691
qwen/par3_0167,qwen,par3_0167,0.5358810727287999
qwen/par3_0168,qwen,par3_0168,0.597901328644563
qwen/par3_0169,qwen,par3_0169,0.6792396026137283
qwen/par3_0170,qwen,par3_0170,0.3671966177496333
qwen/par3_0171,qwen,par3_0171,0.468534268635395
qwen/par3_0172,qwen,par3_0172,0.5703165151555982
qwen/par3_0174,qwen,par3_0174,0.499976265155648
qwen/par3_0176,qwen,par3_0176,0.4357567991684334
qwen/par3_0177,qwen,par3_0177,0.44910955825278914
qwen/par3_0178,qwen,par3_0178,0.49000402553537814
qwen/par3_0179,qwen,par3_0179,0.6750788643533123
qwen/par3_0180,qwen,par3_0180,0.4441605978377928
qwen/par3_0181,qwen,par3_0181,0.4673906664911113
qwen/par3_0182,qwen,par3_0182,0.4830715378159812
qwen/par3_0183,qwen,par3_0183,0.6179791583899227
qwen/par3_0184,qwen,par3_0184,0.6521863390237913
qwen/par3_0185,qwen,par3_0185,0.5452893048147175
qwen/par3_0186,qwen,par3_0186,0.6600150758213122
qwen/par3_0187,qwen,par3_0187,0.5035323463466993
qwen/par3_0188,qwen,par3_0188,0.5788596124103144
qwen/par3_0189,qwen,par3_0189,0.6328430658705888
qwen/par3_0191,qwen,par3_0191,0.6579388925815213
qwen/par3_0192,qwen,par3_0192,0.6194948871601222
qwen/par3_0193,qwen,par3_0193,0.7651959269015335
qwen/par3_0194,qwen,par3_0194,0.6259660187700775
qwen/par3_0195,qwen,par3_0195,0.5530192833239884
qwen/par3_0197,qwen,par3_0197,0.5155209473186758
qwen/par3_0198,qwen,par3_0198,0.5927466711945485
qwen/par3_0199,qwen,par3_0199,0.6664187615827909
human/par3_0000,human,par3_0000,0.6595242151725939
human/par3_0001,human,par3_0001,0.5153396087849561
human/par3_0002,human,par3_0002,0.5981865259245072
human/par3_0003,human,par3_0003,0.6123654340260839
human/par3_0004,human,par3_0004,0.7857561801926943
human/par3_0005,human,par3_0005,0.9018261439440635
human/par3_0006,human,par3_0006,0.7032102228455663
human/par3_0007,human,par3_0007,0.7302306527184292
human/par3_0008,human,par3_0008,0.7351674248732895
human/par3_0009,human,par3_0009,0.7296652362155936
human/par3_0010,human,par3_0010,0.7753466893393567
human/par3_0011,human,par3_0011,0.7002144634003336
human/par3_0012,human,par3_0012,0.5834976268711208
human/par3_0013,human,par3_0013,0.7140768594008527
human/par3_0014,human,par3_0014,0.7950603210039621
human/par3_0015,human,par3_0015,0.5740960214422586
human/par3_0016,human,par3_0016,0.8115609204139284
human/par3_0017,human,par3_0017,0.6135749548659817
human/par3_0018,human,par3_0018,0.7581717734327119
human/par3_0019,human,par3_0019,0.7614407187099957
human/par3_0020,human,par3_0020,0.8836081087078688
human/par3_0021,human,par3_0021,0.5306245346647397
human/par3_0022,human,par3_0022,0.8487352450271253
human/par3_0023,human,par3_0023,0.8579120771968513
human/par3_0024,human,par3_0024,0.4781143456595856
human/par3_0025,human,par3_0025,0.8595923127245175
human/par3_0026,human,par3_0026,0.7303674566317812
human/par3_0027,human,par3_0027,0.889061781239925
human/par3_0028,human,par3_0028,0.5866701676329419
human/par3_0029,human,par3_0029,0.6427592379021444
human/par3_0030,human,par3_0030,0.7209852965790394
human/par3_0031,human,par3_0031,0.7618073126844576
human/par3_0032,human,par3_0032,0.8742373449796176
human/par3_0033,human,par3_0033,0.6132631456292047
human/par3_0034,human,par3_0034,0.7013149658649717
human/par3_0035,human,par3_0035,0.6749970815275285
human/par3_0036,human,par3_0036,0.7102828780155384
human/par3_0037,human,par3_0037,0.607753843953372
human/par3_0038,human,par3_0038,0.5859305986530563
human/par3_0039,human,par3_0039,0.6023493245339425
human/par3_0040,human,par3_0040,0.7913655228394014
human/par3_0041,human,par3_0041,0.5821124925232846
human/par3_0042,human,par3_0042,0.7265161336983543
human/par3_0043,human,par3_0043,0.5764400280903204
human/par3_0044,human,par3_0044,0.5832809732175189
human/par3_0045,human,par3_0045,0.8783505465284572
human/par3_0046,human,par3_0046,0.8673868035778788
human/par3_0047,human,par3_0047,0.5032323278963928
human/par3_0048,human,par3_0048,0.659783832592994
human/par3_0049,human,par3_0049,0.8356977471081889
human/par3_0050,human,par3_0050,0.7078587695889942
human/par3_0051,human,par3_0051,0.7859857427011324
human/par3_0052,human,par3_0052,0.7305959864199872
human/par3_0053,human,par3_0053,0.6481846769582619
human/par3_0054,human,par3_0054,0.7911774329682499
human/par3_0055,human,par3_0055,0.8549225765072385
human/par3_0056,human,par3_0056,0.7218474197466387
human/par3_0057,human,par3_0057,0.6809526234110388
human/par3_0058,human,par3_0058,0.8742098110280007
human/par3_0059,human,par3_0059,0.6888917715993003
human/par3_0060,human,par3_0060,0.877575614078609
human/par3_0061,human,par3_0061,0.6792400185230042
human/par3_0062,human,par3_0062,0.8378096477116029
human/par3_0063,human,par3_0063,0.8769141486532791
human/par3_0064,human,par3_0064,0.6828861105018157
human/par3_0065,human,par3_0065,0.7849816265885132
human/par3_0066,human,par3_0066,0.5189827716143506
human/par3_0067,human,par3_0067,0.7334278472908423
human/par3_0068,human,par3_0068,0.6978121835001819
human/par3_0069,human,par3_0069,0.8669628609526306
human/par3_0070,human,par3_0070,0.5563158882657595
human/par3_0071,human,par3_0071,0.5826641698991454
human/par3_0072,human,par3_0072,0.8089560775169695
human/par3_0073,human,par3_0073,0.6224549740039207
human/par3_0074,human,par3_0074,0.656895615178659
human/par3_0075,human,par3_0075,0.8024782722573128
human/par3_0076,human,par3_0076,0.6189463178905347
human/par3_0077,human,par3_0077,0.723744729395492
human/par3_0078,human,par3_0078,0.7255126851975165
human/par3_0079,human,par3_0079,0.5812024962290598
human/par3_0080,human,par3_0080,0.8787551131051057
human/par3_0081,human,par3_0081,0.7701440694880591
human/par3_0082,human,par3_0082,0.624345560391962
human/par3_0083,human,par3_0083,0.8714681712034511
human/par3_0084,human,par3_0084,0.8909886840308262
human/par3_0085,human,par3_0085,0.6921277543464038
human/par3_0086,human,par3_0086,0.6547708783958619
human/par3_0087,human,par3_0087,0.6766140602582497
human/par3_0088,human,par3_0088,0.6787736297140686
human/par3_0089,human,par3_0089,0.9077835931949827
human/par3_0090,human,par3_0090,0.8398603548786091
human/par3_0091,human,par3_0091,0.7233775592178141
human/par3_0092,human,par3_0092,0.8869434523809524
human/par3_0093,human,par3_0093,0.6357365023343162
human/par3_0094,human,par3_0094,0.7692712234810953
human/par3_0095,human,par3_0095,0.7995220180159116
human/par3_0096,human,par3_0096,0.5430705644693643
human/par3_0097,human,par3_0097,0.8713112649861925
human/par3_0098,human,par3_0098,0.6979324880218071
human/par3_0099,human,par3_0099,0.8685964670289755
human/par3_0100,human,par3_0100,0.5885961314625245
human/par3_0101,human,par3_0101,0.789284391695683
human/par3_0102,human,par3_0102,0.6037925431580534
human/par3_0103,human,par3_0103,0.6135437181093745
human/par3_0104,human,par3_0104,0.5705952350293072
human/par3_0105,human,par3_0105,0.7949007724620475
human/par3_0106,human,par3_0106,0.765301755930985
human/par3_0107,human,par3_0107,0.8124403752366729
human/par3_0108,human,par3_0108,0.7553711695530105
human/par3_0109,human,par3_0109,0.7503342845713362
human/par3_0110,human,par3_0110,0.6687453565625607
human/par3_0111,human,par3_0111,0.7265261639205614
human/par3_0112,human,par3_0112,0.6685897435897435
human/par3_0113,human,par3_0113,0.668532549489056
human/par3_0114,human,par3_0114,0.5886744200798497
human/par3_0115,human,par3_0115,0.573515875112313
human/par3_0116,human,par3_0116,0.6289500022522664
human/par3_0117,human,par3_0117,0.6466881611194334
human/par3_0118,human,par3_0118,0.8339237357516217
human/par3_0119,human,par3_0119,0.6346882025740364
human/par3_0120,human,par3_0120,0.6361164335977769
human/par3_0121,human,par3_0121,0.5739376809264686
human/par3_0122,human,par3_0122,0.6457068160597572
human/par3_0123,human,par3_0123,0.7218964218058538
human/par3_0124,human,par3_0124,0.7061906682001254
human/par3_0125,human,par3_0125,0.8375581994734852
human/par3_0126,human,par3_0126,0.6383001958897284
human/par3_0127,human,par3_0127,0.7225184542543438
human/par3_0128,human,par3_0128,0.698563891073833
human/par3_0129,human,par3_0129,0.5872979381735938
human/par3_0130,human,par3_0130,0.7206847714467169
human/par3_0131,human,par3_0131,0.6584793891470341
human/par3_0132,human,par3_0132,0.6841323924656186
human/par3_0133,human,par3_0133,0.7192305925201948
human/par3_0134,human,par3_0134,0.8790314156464856
human/par3_0135,human,par3_0135,0.6695574385832407
human/par3_0136,human,par3_0136,0.8490937336424814
human/par3_0137,human,par3_0137,0.7922561578772492
human/par3_0138,human,par3_0138,0.7855904394599342
human/par3_0139,human,par3_0139,0.6400469822447413
human/par3_0140,human,par3_0140,0.7121292840445342
human/par3_0141,human,par3_0141,0.8413571112546038
human/par3_0142,human,par3_0142,0.6512822919050889
human/par3_0143,human,par3_0143,0.6556524044837841
human/par3_0144,human,par3_0144,0.7020707569061986
human/par3_0145,human,par3_0145,0.8189217679884764
human/par3_0146,human,par3_0146,0.6983602545276554
human/par3_0147,human,par3_0147,0.8812143053328868
human/par3_0148,human,par3_0148,0.5320762982467732
human/par3_0149,human,par3_0149,0.672618437711172
human/par3_0150,human,par3_0150,0.6083659606986925
human/par3_0151,human,par3_0151,0.8017046475564839
human/par3_0152,human,par3_0152,0.8854814980296841
human/par3_0153,human,par3_0153,0.8994789022811429
human/par3_0154,human,par3_0154,0.7120462918844191
human/par3_0155,human,par3_0155,0.5482346993493614
human/par3_0156,human,par3_0156,0.6423395445134575
human/par3_0157,human,par3_0157,0.8424878468489863
human/par3_0158,human,par3_0158,0.861400113245287
human/par3_0159,human,par3_0159,0.5986754281237286
human/par3_0160,human,par3_0160,0.5857666893726678
human/par3_0161,human,par3_0161,0.5774435075106661
human/par3_0162,human,par3_0162,0.6921787046422123
human/par3_0163,human,par3_0163,0.7524724290859982
human/par3_0164,human,par3_0164,0.657835103532603
human/par3_0165,human,par3_0165,0.8604411995233757
human/par3_0166,human,par3_0166,0.8692087020059701
human/par3_0167,human,par3_0167,0.6083905826795694
human/par3_0168,human,par3_0168,0.7407847187012521
human/par3_0169,human,par3_0169,0.8720263936773329
human/par3_0170,human,par3_0170,0.6377472276530499
human/par3_0171,human,par3_0171,0.6033022301634571
human/par3_0172,human,par3_0172,0.7445902059357126
human/par3_0173,human,par3_0173,0.7878798104432283
human/par3_0174,human,par3_0174,0.7476069412562637
human/par3_0175,human,par3_0175,0.789717239807984
human/par3_0176,human,par3_0176,0.5611744531283462
human/par3_0177,human,par3_0177,0.6951297709923665
human/par3_0178,human,par3_0178,0.5928727316431938
human/par3_0179,human,par3_0179,0.8587348337348337
human/par3_0180,human,par3_0180,0.6343627231080843
human/par3_0181,human,par3_0181,0.7091630465126421
human/par3_0182,human,par3_0182,0.7342412149204548
human/par3_0183,human,par3_0183,0.8314083942440718
human/par3_0184,human,par3_0184,0.8365734899682917
human/par3_0185,human,par3_0185,0.6863465043157074
human/par3_0186,human,par3_0186,0.8811769748539496
human/par3_0187,human,par3_0187,0.6788355314418526
human/par3_0188,human,par3_0188,0.7278058295865297
human/par3_0189,human,par3_0189,0.8429896893765157
human/par3_0190,human,par3_0190,0.8546099290780141
human/par3_0191,human,par3_0191,0.8286574636582902
human/par3_0192,human,par3_0192,0.7319562241391773
human/par3_0193,human,par3_0193,0.8968255207308452
human/par3_0194,human,par3_0194,0.7326053484404883
human/par3_0195,human,par3_0195,0.6923353379469882
human/par3_0196,human,par3_0196,0.8004439827465832
human/par3_0197,human,par3_0197,0.7343392659561826
human/par3_0198,human,par3_0198,0.8632210912218996
human/par3_0199,human,par3_0199,0.8521909087964487
