source,metric,storytelling_mean,translation_mean,translation_minus_storytelling,same_expected_contraction_direction
human,D_sem_minilm,0.6349731637537479,0.22739991534501314,-0.40757324840873477,True
human,D_sem_nomic,0.2645023153722286,0.07388188598677516,-0.19062042938545348,True
human,D_lex_bigram,0.9861335383772925,0.8769603598258662,-0.10917317855142628,True
human,D_lex_unigram,0.8965662031530186,0.7221255206409798,-0.1744406825120388,True
human,D_syn_trigram,0.7367350915346895,0.6078360361791674,-0.12889905535552215,True
human,D_syn_bigram,0.4497732137605967,0.32839803007091695,-0.12137518368967976,True
llama,D_sem_minilm,0.372342297360301,0.1297126367688179,-0.2426296605914831,True
llama,D_sem_nomic,0.12409003499895334,0.03829230664530769,-0.08579772835364566,True
llama,D_lex_bigram,0.9559657499515845,0.7638175491080866,-0.19214820084349782,True
llama,D_lex_unigram,0.8509300066132122,0.5808625623721536,-0.27006744424105855,True
llama,D_syn_trigram,0.625424422551112,0.49375749246319395,-0.13166693008791802,True
llama,D_syn_bigram,0.3557023270445002,0.25578333180088886,-0.09991899524361136,True
mistral,D_sem_minilm,0.35575106874108314,0.11660071746446192,-0.2391503512766212,True
mistral,D_sem_nomic,0.11196000549942255,0.03702142785768956,-0.07493857764173298,True
mistral,D_lex_bigram,0.9512605634868133,0.6918984522354306,-0.25936211125138275,True
mistral,D_lex_unigram,0.8448242202080004,0.5225811245618268,-0.3222430956461736,True
mistral,D_syn_trigram,0.6167288457699569,0.43897204026204506,-0.17775680550791184,True
mistral,D_syn_bigram,0.34692431607955065,0.23141905884657046,-0.11550525723298019,True
qwen,D_sem_minilm,0.3989314563572407,0.1078418463736114,-0.2910896099836293,True
qwen,D_sem_nomic,0.13563776526600121,0.029490441234411868,-0.10614732403158934,True
qwen,D_lex_bigram,0.9630791663867966,0.7180190988484182,-0.2450600675383784,True
qwen,D_lex_unigram,0.859883006665154,0.536550870906349,-0.32333213575880504,True
qwen,D_syn_trigram,0.6221556349424897,0.4561214065163062,-0.16603422842618348,True
qwen,D_syn_bigram,0.3518118795146474,0.23262121021445306,-0.11919066930019431,True
gemma,D_sem_minilm,0.37137748040258883,0.08835008264785367,-0.2830273977547352,True
gemma,D_sem_nomic,0.1285508060082793,0.025526526596691763,-0.10302427941158755,True
gemma,D_lex_bigram,0.9656890330709804,0.6484569392750323,-0.3172320937959481,True
gemma,D_lex_unigram,0.8674114120699492,0.47884471313341975,-0.38856669893652945,True
gemma,D_syn_trigram,0.6173397097942366,0.39797399674625045,-0.21936571304798613,True
gemma,D_syn_bigram,0.35550693295451713,0.20336433997932402,-0.1521425929751931,True
