source,prompt_idx,Sem,Lex,Syn,Disc
human,0,0.23135794699192047,0.8160598732613998,0.5545707281700777,-1.1102230246251564e-17
human,1,0.1224321648478508,0.6501727604879468,0.46730780770071173,0.3303748852861428
human,2,0.11490011215209961,0.7385337353995943,0.5445863684238912,0.0
human,3,0.05780237913131714,0.7168176699907831,0.4860128635632752,-1.1102230246251564e-17
human,4,0.21549533307552338,0.891189962912947,0.6557474161645657,0.0924763945340406
human,5,0.13624350726604462,0.8454879547737196,0.6289144787999604,0.09045947073130031
human,6,0.23763322830200195,0.8647274546207783,0.49286045503285353,0.013068380734906822
human,7,0.09746280312538147,0.8387280115028704,0.6378828718503731,0.04590156964377699
human,8,0.1464480608701706,0.835942844060912,0.5773722159002718,0.03108224450963514
human,9,0.15180011093616486,0.870845569136399,0.6682478574652423,0.0
human,10,0.19691132009029388,0.8640563925629596,0.6481081502259624,0.17797347769722593
human,11,0.13260674476623535,0.7549683017092867,0.5382451201944691,0.0
human,12,0.2822175621986389,0.852719529259287,0.599894114248953,0.03785381474407626
human,13,0.2623526155948639,0.9123601084889333,0.5902630640271089,0.054501487322724564
human,14,0.09228614717721939,0.6708885326905033,0.45742075208216443,0.04973307425513653
human,15,0.31997740268707275,0.9317778838547786,0.7094059610358044,0.2201767271421048
human,16,0.1406412124633789,0.6764159710238022,0.4122138877756625,0.0015253846924737863
human,17,0.16238568723201752,0.8615440955860292,0.6641843630228678,0.1994403946787198
human,18,0.4983367621898651,0.9771257156477055,0.7309178051765596,0.2553713893757321
human,19,0.06431621313095093,0.5564102564102564,0.41333333333333333,-1.1102230246251564e-17
human,20,0.4852539002895355,0.9634049323786794,0.7257364741764031,0.29602529890731555
human,21,0.41254958510398865,0.9445141350786294,0.7264594935326643,0.29921058107960397
human,22,0.07876694202423096,0.4778761061946903,0.35632183908045983,0.08531952658404444
human,23,0.4713320732116699,0.9603032770594844,0.7095511767925561,0.10179604001815228
human,24,0.1833096295595169,0.8323870322345749,0.695794346757662,0.0
human,25,0.48295584321022034,0.9760411284076113,0.6594173379382116,0.08934329708828292
human,26,0.09481173753738403,0.6402758357318034,0.447678263769381,0.04486051120204374
human,27,0.11217520385980606,0.8256934554577678,0.576610604524451,0.09803652046118604
human,28,0.21134237945079803,0.8349440544639902,0.674124096845193,0.0
human,29,0.23965342342853546,0.8735127005049185,0.6092189690784103,0.09440871731851473
human,30,0.4253201186656952,0.9650376524998422,0.7617069081153588,0.08828638585033494
human,31,0.0741395354270935,0.7730914049545703,0.5142945686792088,0.0
human,32,0.17705793678760529,0.8650218690403669,0.6094286700229783,0.2424116284631801
human,33,0.2682207524776459,0.81722536916601,0.5623179362855657,0.07151767582093738
human,34,0.15893755853176117,0.839572357200382,0.5785284533174754,0.03256349964057783
human,35,0.1047850251197815,0.7593526103633895,0.557859492481203,-1.1102230246251564e-17
human,36,0.1348498910665512,0.716672860151121,0.48575225004287614,0.0
human,37,0.07308512926101685,0.7521455526570616,0.5938335705659076,0.0
human,38,0.2540181875228882,0.908883748419988,0.6307990375076876,0.07671332424354033
human,39,0.09142879396677017,0.7243825712911439,0.5053606612220641,0.0
human,40,0.2318030595779419,0.8637983707198704,0.6579103921529614,0.0
human,41,0.1821601390838623,0.7542177432028917,0.5441803963278659,-1.1102230246251564e-17
human,42,0.19358223676681519,0.6747871297322862,0.47775960227985165,0.24811873851451272
human,43,0.40051937103271484,0.9671628964623977,0.7364300829282241,0.3226289716921423
human,44,0.15931816399097443,0.6286355063642327,0.43126478145759845,0.06252515412544306
human,45,0.12265527248382568,0.8390053850418391,0.6096045534889961,0.0
human,46,0.34783056378364563,0.939626182151252,0.7256267930705623,0.05105438534759562
human,47,0.11816781759262085,0.8059473846253565,0.6291290621546208,0.041363679765534046
human,48,0.19034762680530548,0.9050062968415148,0.6480180192262189,0.04030011650134602
human,49,0.1661510467529297,0.8804843116271789,0.6712991823396944,0.39963658281665904
human,50,0.16712552309036255,0.7963667268881993,0.6124404348750739,0.3442847760281227
human,51,0.27960291504859924,0.892993803133525,0.5368257757615558,-1.1102230246251564e-17
human,52,0.4749659597873688,0.9635772108893366,0.6876592636343094,0.12475163653274732
human,53,0.14046435058116913,0.8521695911939814,0.6079244956439794,0.0
human,54,0.0869436040520668,0.8002718661059429,0.5889973829143387,0.012061284038782396
human,55,0.5162588953971863,0.9573786611894378,0.7232334202012516,0.28869597148108106
human,56,0.14395523071289062,0.8623044697348737,0.5971031204446583,0.33538083895147797
human,57,0.42671263217926025,0.9688073657180009,0.6909502446744034,0.01857233376354836
human,58,0.1570758819580078,0.8503599499821365,0.5888793592009596,0.3195804292836483
human,59,0.4617886543273926,0.943342269021009,0.7234887119726164,0.34086220777609055
human,60,0.3622407913208008,0.952149104482327,0.7072933878141447,0.04295271150680731
human,61,0.13275551795959473,0.8251438785455987,0.6055821562595723,0.0022091971668193842
human,62,0.2679983973503113,0.8970558115719406,0.7176226551226551,0.0
human,63,0.058561503887176514,0.5706484613507935,0.4548537663240479,0.3009429792628361
human,64,0.09768471866846085,0.8634156463568227,0.6961713285685921,0.05431907084372778
human,65,0.04720397666096687,0.8219946399558641,0.5976331901030697,0.013205240046370902
human,66,0.4854249060153961,0.9577874332181092,0.7279924166462649,0.33056223226262604
human,67,0.18673260509967804,0.6763312371356642,0.5415876652151037,0.013075190941005569
human,68,0.06361190229654312,0.7431289188535565,0.5427059984372237,0.02239732901593133
human,69,0.31771865487098694,0.9318706004149092,0.6613058654604768,0.055325484584949375
human,70,0.1011643186211586,0.7469094995684905,0.5271688280656813,0.0
human,71,0.1099439486861229,0.8149196733264037,0.5205266072870806,0.04576138397334042
human,72,0.26833125948905945,0.9139422244753056,0.6572611711226725,0.329738228296257
human,73,0.09058602899312973,0.768461420181994,0.6019473081328751,-1.1102230246251564e-17
human,74,0.14632272720336914,0.8391835377047075,0.6235467448997498,0.13980570266367096
human,75,0.23770146071910858,0.8552056887245532,0.6007795578657016,0.3280812813098462
human,76,0.10663097351789474,0.6365392785597955,0.39237566035153165,0.020784331206584294
human,77,0.5588732361793518,0.9709277891053855,0.7152683050424535,0.2723363460560712
human,78,0.07246170192956924,0.8613814341042407,0.6307681680022105,0.0
human,79,0.10670290142297745,0.6565997940703393,0.40882109490054536,0.03356142721751338
human,80,0.5062145590782166,0.9654569212941295,0.7195411066396625,0.29367537599009974
human,81,0.16506920754909515,0.8466865099039449,0.6294313143475866,0.0
human,82,0.07959458976984024,0.7943868933133521,0.5416490618602685,7.268352150164832e-05
human,83,0.19349783658981323,0.783208516567199,0.5004147748896801,0.0
human,84,0.1411389857530594,0.817517091006589,0.5455655221726399,0.044269611066916945
human,85,0.5738776922225952,0.9808761069943972,0.7920293216046913,0.07582608358023754
human,86,0.41320860385894775,0.9391943841721994,0.7291737447970297,0.32494189037863525
human,87,0.1398957520723343,0.8511836872991815,0.567250688288697,0.01536369182499922
human,88,0.4569004476070404,0.9600185324015431,0.7393096224968697,0.08296006285964826
human,89,0.1430743932723999,0.8005724519342908,0.5942647458829845,0.0
human,90,0.22446154057979584,0.9110523845539751,0.647081146598971,0.040828897217895746
human,91,0.06256857514381409,0.6569874953548162,0.45416824006471623,0.017218073472260998
human,92,0.48355767130851746,0.9689107378885583,0.7363523830545335,0.12734575569175036
human,93,0.13914822041988373,0.8568195067851896,0.6553488668744926,0.0
human,94,0.09479197859764099,0.6493133215907347,0.43719402290830867,0.10792947457136326
human,95,0.14513839781284332,0.6721035544594463,0.5079594410863761,0.06405085422803936
human,96,0.13862864673137665,0.6662243457461022,0.33624431809124616,0.015605513451068032
human,97,0.13564050197601318,0.7353068799778324,0.4969728333818906,0.0
human,98,0.1754709929227829,0.8904667550566124,0.6708399729502074,0.17916246167245095
human,99,0.19745905697345734,0.8661403909592559,0.6705409168810049,0.032348971374238464
human,100,0.3708270788192749,0.882611236597468,0.6383859821603316,0.13977119372634667
human,101,0.16454346477985382,0.798886232016362,0.6238599132762846,0.0
human,102,0.11110701411962509,0.8382124415538783,0.5446163242773411,0.05245419277791499
human,103,0.07944488525390625,0.85280578026429,0.6870226207681863,0.0
human,104,0.1329866200685501,0.797788792292564,0.6555128113743203,0.3115001008123379
human,105,0.08991783857345581,0.7581062645212558,0.6115036361133016,0.0
human,106,0.08018622547388077,0.7145464571271023,0.5330757358375723,0.03505394624573918
human,107,0.06901469081640244,0.7944301157613106,0.5620498378562895,0.0
human,108,0.11041655391454697,0.7787296598478033,0.5554533517136723,-1.1102230246251564e-17
human,109,0.44390377402305603,0.9438621565981856,0.7056948096385103,0.32062145405465337
human,110,0.08270300179719925,0.8140009856955017,0.5704733072969242,0.027876903874040924
human,111,0.21076053380966187,0.8310146130866899,0.6846243631895365,0.0
human,112,0.13008631765842438,0.6797505594468642,0.3811613709272789,0.01014503188882535
human,113,0.11172660440206528,0.8223877609757574,0.5769712015174879,0.0037452294514899852
human,114,0.15184469521045685,0.8401208953786625,0.6354874531039852,0.067556814518565
human,115,0.2040523737668991,0.8243041885055726,0.5829482337283229,0.07567416051571765
human,116,0.11774373054504395,0.7993131495660816,0.6016850912811745,0.3456363955867875
human,117,0.2690163254737854,0.8728729289964852,0.6096765832506539,-1.1102230246251564e-17
human,118,0.15926720201969147,0.8128421073914462,0.6376880177484684,0.29981812909008443
human,119,0.162554070353508,0.6721312745608353,0.46957333563287396,0.021983564139430062
human,120,0.24050021171569824,0.843986396728798,0.5810014722298159,0.35870214528194844
human,121,0.0773397907614708,0.633532329288665,0.5703198565561919,0.0
human,122,0.07098065316677094,0.7240418842113376,0.5633392333156195,-9.992007221626407e-18
human,123,0.16614703834056854,0.8550844951734636,0.6654771890193988,0.3081318065361801
human,124,0.1864667385816574,0.8180975602633974,0.535712518922642,0.31622976925775936
human,125,0.45331084728240967,0.9555718673011374,0.7560169418226245,0.32374475960846616
human,126,0.19706088304519653,0.9297127948286977,0.6709406871965723,0.04412676746320327
human,127,0.14283661544322968,0.9264306214931425,0.6935724154957711,0.09038366267894134
human,128,0.17914557456970215,0.7834794784282839,0.5339646464646465,0.0
human,129,0.17648647725582123,0.8364153150166868,0.5564537999993262,0.0
human,130,0.4655308723449707,0.9493437723163568,0.7041979734119727,0.03946888535330551
human,131,0.11053001880645752,0.8065954965487748,0.5198550214976047,0.0
human,132,0.10139328241348267,0.7903306835245411,0.5941696055985214,0.00041487953002374245
human,133,0.12455717474222183,0.8285499969172457,0.52114208908041,0.004854948319255575
human,134,0.24606043100357056,0.9345433050725421,0.6594674175362559,0.06631771816066351
human,135,0.10052639245986938,0.8022165608514292,0.607593984962406,0.0
human,136,0.5407840609550476,0.975636113138937,0.7690169419152028,0.10092802713000465
human,137,0.08306451886892319,0.5419664268585133,0.43759177679882527,0.3140256075983763
human,138,0.14367008209228516,0.8008921330089214,0.5905463122330592,0.0
human,139,0.10298216342926025,0.7936717838557165,0.5603444174872746,0.039577843931213066
human,140,0.08642791956663132,0.8075027533894445,0.5589480892812616,0.06507372335337935
human,141,0.08688048273324966,0.6446729014139492,0.4263109263109263,0.05627366882730188
human,142,0.10119231790304184,0.7992215359412013,0.596520548330503,0.0
human,143,0.5204613208770752,0.9409937215607403,0.578510533998899,0.01439415416370456
human,144,0.07687404751777649,0.6570015500760098,0.3415571988101204,0.017125640560167694
human,145,0.13992030918598175,0.7057228510705623,0.3897276622532646,0.034530406580747915
human,146,0.12080767750740051,0.654555704517941,0.42252795863332887,0.007777254397888497
human,147,0.08445781469345093,0.8320699998139526,0.5999296993471139,0.002498290065426897
human,148,0.16729672253131866,0.897693543602187,0.6101955797759612,0.014295323054728484
human,149,0.11976248025894165,0.7999918566728542,0.5967974581043404,0.0
human,150,0.09971434623003006,0.6768200005041517,0.37810150635404,0.015264977416196254
human,151,0.21990592777729034,0.867360699101208,0.5287733213390008,0.06048857466203487
human,152,0.6916553378105164,0.9671051297376699,0.762453300124533,0.2872037177247826
human,153,0.05803521350026131,0.8019189689820988,0.6071905238571905,0.0
human,154,0.07756149768829346,0.7348440545808966,0.5879141839941457,0.019332542880058427
human,155,0.2439032793045044,0.8710231478213862,0.5301855101855102,0.037274405643388096
human,156,0.21248961985111237,0.8761884394155771,0.6444274498164727,0.0571071917248738
human,157,0.08618998527526855,0.6746831728031504,0.4709322750277202,0.24059640723274006
human,158,0.20309443771839142,0.7804141969558324,0.6656966429344946,0.0
human,159,0.20935958623886108,0.6962638460754406,0.5513621516282049,0.2925266062512577
human,160,0.43431875109672546,0.9663896916004076,0.7092967666795343,0.12488681416256389
human,161,0.12501101195812225,0.7215143415444117,0.600654576614275,-1.1102230246251564e-17
human,162,0.18312512338161469,0.8328090299768302,0.5472034708960615,0.0
human,163,0.2934996783733368,0.8503102431085342,0.5738865589215778,0.32262897169214233
human,164,0.28764888644218445,0.9393171351141124,0.6803242718517634,0.24249226739026924
human,165,0.43187081813812256,0.9505717959735983,0.6885450451474187,0.04287326443947556
human,166,0.08311102539300919,0.8216484446803657,0.6165594002844167,0.326803914841848
human,167,0.42988380789756775,0.9587484767543195,0.6879499532569114,0.018375716069349922
human,168,0.12667280435562134,0.8108133733291614,0.6092675014669899,-1.1102230246251564e-17
human,169,0.27661702036857605,0.8544231022882505,0.6173134808834922,0.03702089005929487
human,170,0.3871307671070099,0.9514157320547069,0.7032927303493217,0.039009749791557975
human,171,0.28136077523231506,0.9402049471814576,0.6895609816855539,0.0
human,172,0.17006278038024902,0.8566507481936875,0.5885292622167481,0.06390937947501382
human,173,0.5638870596885681,0.9811660691891851,0.765019720343637,0.27872149816277325
human,174,0.16453762352466583,0.8434376547261685,0.5823522124112728,0.024312883171724725
human,175,0.17178122699260712,0.8153362780948972,0.5919072963684154,0.052586517027719125
human,176,0.24538595974445343,0.870387750364781,0.6657234089641935,0.05981619943369397
human,177,0.3578505516052246,0.9636061007377302,0.7451490011982015,0.2986142190694154
human,178,0.4189010560512543,0.9509438122448016,0.7302468819381481,0.1094405367363182
llama,0,0.14656515419483185,0.7116615736186107,0.45260893820158304,-6.661338147750938e-18
llama,1,0.044234685599803925,0.5573913045076653,0.30922076376833035,0.0
llama,2,0.08854185044765472,0.5882495142812026,0.40136355456603673,0.0
llama,3,0.047303706407547,0.563814398388157,0.31177855807446847,0.0
llama,4,0.23919782042503357,0.8693227579512831,0.6048953383164624,0.21485028326870678
llama,5,0.12470700591802597,0.7303583453334956,0.5125195034601854,0.029697298191591816
llama,6,0.168447345495224,0.7141799895903477,0.4006708365370225,0.000975246234203202
llama,7,0.06855977326631546,0.5844344299210519,0.4209929931710953,0.05368368023650215
llama,8,0.11248616129159927,0.7025633046449354,0.41828837328397467,0.029254177741182767
llama,9,0.11974992603063583,0.7452892568890668,0.5182526592460339,0.0
llama,10,0.0680096372961998,0.6989073140269078,0.48090879335047837,0.016420063238400097
llama,11,0.058538924902677536,0.5631855157269181,0.38392867328175184,0.0
llama,12,0.14800792932510376,0.770098610223998,0.5081700022462365,0.04647886458956189
llama,13,0.12082479149103165,0.8427343620909117,0.49717765524520585,0.21601834658522542
llama,14,0.10712732374668121,0.6370405070970422,0.37556944968729594,0.22447801698900316
llama,15,0.17884688079357147,0.8379539990513225,0.6014343953057523,0.3067713630990918
llama,16,0.0730278342962265,0.5609302283758308,0.3352602652978346,0.006941152528922761
llama,17,0.13381600379943848,0.7366944138662406,0.5141049017365853,0.010558989669018729
llama,18,0.1326221078634262,0.8366318889494059,0.5766472962919892,0.10958979804249969
llama,19,0.03245677426457405,0.5751140540117035,0.3684089873424018,-9.992007221626407e-18
llama,20,0.1947370320558548,0.8223392856131315,0.5282003256003401,0.2884476513903611
llama,21,0.14643198251724243,0.8367316967980741,0.5851676674915615,0.17194263447989377
llama,22,0.07313154637813568,0.6175845587395544,0.4864505875683357,0.2426214051232301
llama,23,0.2638629078865051,0.8632467661281472,0.6533428435741782,0.05406703647946633
llama,24,0.16895213723182678,0.7662619486358438,0.5978074291677091,0.0
llama,25,0.1737692803144455,0.8979928555314343,0.540285511710189,0.008697086139261423
llama,26,0.09169808030128479,0.555126817677707,0.3878087282298977,0.01845745120674689
llama,27,0.08565395325422287,0.7500119326998901,0.5260252701793146,0.09518656834252613
llama,28,0.12060640007257462,0.7282804156045808,0.5401256709952886,0.0
llama,29,0.07310717552900314,0.7532615024792781,0.43177001764502665,0.013207719250988771
llama,30,0.2577705979347229,0.8786649492049895,0.6399912664452378,0.0
llama,31,0.054994333535432816,0.5344958944512432,0.3145760830094909,0.0
llama,32,0.0822543054819107,0.7397828404317961,0.5467181087949944,0.0
llama,33,0.1422835886478424,0.653469891091002,0.4033376797345788,0.07727438785049182
llama,34,0.04959070682525635,0.6983610303288146,0.44545014281611034,0.015241576198713405
llama,35,0.07493780553340912,0.6105385126222305,0.42444273665751997,-6.661338147750938e-18
llama,36,0.10139638185501099,0.6646595367082455,0.49621633828989964,-6.661338147750938e-18
llama,37,0.07387284189462662,0.5812436158146103,0.4171854541131073,0.0
llama,38,0.15764668583869934,0.8090506934821888,0.5174408166990576,0.1651988120639483
llama,39,0.08198902010917664,0.5347789501683209,0.391507312656854,0.0
llama,40,0.19328555464744568,0.7352880066077018,0.5263800128674154,-6.661338147750938e-18
llama,41,0.04399864003062248,0.6073798662896838,0.4478386532146838,0.0
llama,42,0.1400974541902542,0.6548156229291011,0.44767287232171443,0.0
llama,43,0.42203840613365173,0.904371446280434,0.6879907653497519,0.2922205732467088
llama,44,0.18658575415611267,0.5725773624026902,0.38743313127553436,0.28191921214014976
llama,45,0.16473139822483063,0.6970638712001058,0.48052901256016145,0.0
llama,46,0.07289434969425201,0.7530394606896302,0.5070671922501855,0.005987790203065821
llama,47,0.052708398550748825,0.5253412945808679,0.38249490303899697,0.0
llama,48,0.1340099275112152,0.8339216077975916,0.5358649974397955,0.03656714103485596
llama,49,0.07849514484405518,0.7654821905452502,0.5419855834126631,0.06624047595674258
llama,50,0.051665376871824265,0.6579836661071272,0.4587194342840194,0.00017533314729654392
llama,51,0.13163968920707703,0.7027369374233721,0.41077619122753106,-6.661338147750938e-18
llama,52,0.11046586185693741,0.8508433326447158,0.5769599336865234,0.22394557212169663
llama,53,0.13568386435508728,0.7758878332191698,0.5567257615680729,0.0
llama,54,0.10303380340337753,0.6769649215530786,0.45633389100546806,0.007227028198460831
llama,55,0.16401970386505127,0.8369099677204168,0.5892781419326794,0.29728085713905517
llama,56,0.13201266527175903,0.68521765044445,0.485701511355889,0.2113749355729967
llama,57,0.1410013735294342,0.850386509966377,0.570423907490189,0.04123689307893463
llama,58,0.14299334585666656,0.6500287084552556,0.4440155128102898,0.2940418606834946
llama,59,0.12346930801868439,0.7935384389234491,0.5922698192381589,0.2809557030994978
llama,60,0.11874928325414658,0.8540557962423373,0.6389163040226743,0.29527354131227923
llama,61,0.15903988480567932,0.7780860823551622,0.5504780619910747,8.074336627571243e-05
llama,62,0.2625473439693451,0.8723545168354135,0.6433688019522458,0.0
llama,63,0.08778758347034454,0.49949162362764854,0.37004923697547853,0.1673755964088531
llama,64,0.0687207356095314,0.5715980286552463,0.4194245021716494,0.021328428901647142
llama,65,0.045522887259721756,0.6008478925857961,0.42689834380724856,0.008119617199657331
llama,66,0.2014959156513214,0.816662007215983,0.5545802747006977,0.018199862293389324
llama,67,0.2003256380558014,0.6898423687474244,0.514908852626965,0.1957347784065915
llama,68,0.06311975419521332,0.6421636717268769,0.43784817756179056,0.01291599436935215
llama,69,0.15665218234062195,0.8687236887830838,0.573595958603476,0.022977108185657617
llama,70,0.08208361268043518,0.6011307733856859,0.44131997418836466,0.0
llama,71,0.14506521821022034,0.6617941366218568,0.4123561064105786,0.09314978748439867
llama,72,0.1872449368238449,0.8121263338302185,0.5526580036632929,0.050277193817733684
llama,73,0.07079539448022842,0.698803262528973,0.5366877112623026,-9.992007221626407e-18
llama,74,0.10623905807733536,0.6466810079557563,0.45152892604669936,0.021250559178368947
llama,75,0.1846320927143097,0.7118692120375272,0.4767661259498265,0.032242464237931125
llama,76,0.047535039484500885,0.6340632797686634,0.36335629202569353,0.013312014869410829
llama,77,0.09414699673652649,0.8138114736859953,0.573285443300162,0.291374437606316
llama,78,0.06061103194952011,0.6477601095624095,0.4350985348612337,0.0
llama,79,0.10392646491527557,0.5882231505848127,0.3110292136405536,0.07075156885361937
llama,80,0.23661816120147705,0.8432273785559264,0.6183620526410333,0.049267154400913726
llama,81,0.048519980162382126,0.674284559904493,0.46616254223984976,0.0
llama,82,0.05383487418293953,0.6875093275764865,0.47172081409668143,0.0
llama,83,0.22113963961601257,0.7232557584127737,0.5030975012117559,-6.661338147750938e-18
llama,84,0.05212215334177017,0.6121398030576158,0.4138221771538496,0.30134898466152843
llama,85,0.1747133433818817,0.9055071508015764,0.6487879356540682,0.012165285018721614
llama,86,0.21876457333564758,0.8793346236657582,0.6595166070703218,0.30577862420853913
llama,87,0.05301063507795334,0.648523408043375,0.46946779573489444,0.04660781328306398
llama,88,0.13645611703395844,0.8251743345005196,0.6071813484194177,0.20537031496500238
llama,89,0.15190356969833374,0.7100513759011553,0.520850815151647,7.822695360284353e-05
llama,90,0.13302920758724213,0.8419893647392307,0.5859935266579932,0.0758858537496633
llama,91,0.07706201821565628,0.6347766220096062,0.4039963150678229,0.08201564242536889
llama,92,0.38410866260528564,0.859472449029871,0.6243306058756761,0.08405056055390207
llama,93,0.08810883015394211,0.7145615758816635,0.4515587196219351,0.0
llama,94,0.05048919841647148,0.5849261280270851,0.39257186253084736,0.03771232107747552
llama,95,0.07548336684703827,0.6228381333609879,0.44510102287245423,0.020737158485619786
llama,96,0.03335375711321831,0.5884513071591557,0.3288293992188035,0.020974231165831515
llama,97,0.1887114942073822,0.606869676271001,0.3878613041207586,0.18357352474644112
llama,98,0.06279970705509186,0.7393159510025491,0.5346570178119275,0.06429005864126727
llama,99,0.18158014118671417,0.8151848771972846,0.5945796368284475,0.039328634130605444
llama,100,0.14353111386299133,0.7481072099556931,0.525134876531005,0.2654000253753621
llama,101,0.13500797748565674,0.7094292928340903,0.5533644896564164,0.0
llama,102,0.0685911774635315,0.6741799713575675,0.425300855290064,0.01769441614411897
llama,103,0.10711254924535751,0.6783022113090179,0.5262385131181497,0.0
llama,104,0.12617969512939453,0.6657173424740718,0.4738157210773123,0.10916505117756597
llama,105,0.13476434350013733,0.7081273698274354,0.5179341826687327,0.0
llama,106,0.04199701547622681,0.5195960273783437,0.3929563845566758,0.004906068986330333
llama,107,0.04156387597322464,0.5631057361449398,0.3924616088466058,0.29036607452292806
llama,108,0.05101754143834114,0.5097710461991583,0.37331707692101446,0.0
llama,109,0.2320643663406372,0.8095480370158048,0.609137919095512,0.3056463724409303
llama,110,0.0785534530878067,0.666899486209483,0.41700899645617967,0.00015281382148675564
llama,111,0.11692830175161362,0.6419790716527629,0.46758036911710665,0.0
llama,112,0.05704162269830704,0.6410628287449196,0.37845934405692283,0.008059934937689563
llama,113,0.1689375340938568,0.6618199124849938,0.4379523207819817,0.023528989425681365
llama,114,0.13581475615501404,0.7572817776972999,0.5231255064501572,0.0431974736557998
llama,115,0.12330983579158783,0.7417506663351485,0.4693143617197363,0.039298994514482946
llama,116,0.11106473207473755,0.7907338121246004,0.5712703599958502,0.34781854417214164
llama,117,0.15077562630176544,0.7095181227273246,0.48366611405549287,0.0
llama,118,0.08623232692480087,0.5959485696887548,0.431289661641922,0.01088202046035431
llama,119,0.14420656859874725,0.6644260544690931,0.41420919212806523,0.020898197311754876
llama,120,0.13443484902381897,0.7003302805170037,0.46241863194781213,0.3211184804373398
llama,121,0.18449929356575012,0.5426549248524217,0.37820192175257583,0.0
llama,122,0.16869863867759705,0.7113621645955329,0.5626430295903057,-6.661338147750938e-18
llama,123,0.14709354937076569,0.7541846911208496,0.5438031557286094,0.0
llama,124,0.1471678763628006,0.6973711715204063,0.4473550784604634,0.022495657701322697
llama,125,0.19830775260925293,0.8302602984321196,0.6156990063851966,-9.992007221626407e-18
llama,126,0.11784182488918304,0.8881076377161163,0.5828421677719472,0.21251596718430793
llama,127,0.2079935520887375,0.8153807796193192,0.5880503509043405,0.05673090483251606
llama,128,0.07752501964569092,0.6975026638726799,0.4714142297769793,0.0
llama,129,0.11659736931324005,0.7290483086117872,0.5100017231545179,0.0
llama,130,0.27394285798072815,0.8386283807362291,0.6100835225273211,0.21644217412754035
llama,131,0.07974748313426971,0.6735181461103104,0.4080581205616337,0.0
llama,132,0.062322743237018585,0.5968467910897817,0.44418778837965955,0.0
llama,133,0.2093917578458786,0.7488689219997511,0.477401398310106,0.03314261453094113
llama,134,0.1803244650363922,0.8621775425020374,0.566685357924459,0.0313138728723648
llama,135,0.08834536373615265,0.685372426386988,0.5050796516464918,-6.661338147750938e-18
llama,136,0.11632070690393448,0.7711855679101036,0.5300665226202154,0.19740654968450982
llama,137,0.06392726302146912,0.5945764137406007,0.41119623394584204,0.12568514728370986
llama,138,0.1651419699192047,0.6243696136378472,0.41032775146689665,0.0
llama,139,0.10840506851673126,0.6817089727637211,0.3907523537961016,0.037130551712752397
llama,140,0.036229364573955536,0.5965176612086635,0.4315795015758089,0.00012104767285791178
llama,141,0.06827111542224884,0.621772156767979,0.3903718794691258,0.17520078083210433
llama,142,0.06640376150608063,0.5865109329508646,0.42582777430338137,0.0
llama,143,0.20300760865211487,0.8300657906852325,0.48604846096598137,0.029738498190951826
llama,144,0.05441664904356003,0.6957032697116929,0.4214084727937915,0.20383403466431224
llama,145,0.06381247937679291,0.647953222596785,0.3601063566280349,0.05497048117978223
llama,146,0.04227082058787346,0.5922808202005229,0.37090796311003493,0.010048779642971736
llama,147,0.060639284551143646,0.691892116884785,0.4507724467715157,0.0008305114819029686
llama,148,0.1290150284767151,0.59484805065872,0.38288345593202,0.002616018007844575
llama,149,0.13617661595344543,0.5877871487355709,0.420345138399606,0.0
llama,150,0.07186922430992126,0.6741659483024764,0.3602290451892997,0.007048743022457796
llama,151,0.21339157223701477,0.7450572543674369,0.41156019564069946,0.018479811222048864
llama,152,0.19751214981079102,0.8982358377798618,0.6234096411729999,0.0
llama,153,0.03383367136120796,0.5960464268435081,0.396818771228662,0.0
llama,154,0.09674860537052155,0.5998107863638824,0.4200911093500201,0.20999317135665613
llama,155,0.11106450855731964,0.7370194753872468,0.4332185976712034,0.016183871849989907
llama,156,0.13191255927085876,0.7445820635275668,0.4724272880119479,0.02896698773361192
llama,157,0.06265544891357422,0.5667543984912992,0.4003918769801379,0.02903625347637448
llama,158,0.1056956872344017,0.5721348195206475,0.40092137343202,-6.661338147750938e-18
llama,159,0.07461923360824585,0.6617997052152595,0.532959848104538,0.0
llama,160,0.31917062401771545,0.8827347362199636,0.6071608995542432,0.26615637311481916
llama,161,0.11217614263296127,0.6078375218921248,0.44408178856629565,0.0
llama,162,0.05031992867588997,0.6136522448280417,0.4073388671604957,0.0
llama,163,0.09841513633728027,0.6811480856649607,0.4713489953572584,-9.992007221626407e-18
llama,164,0.1672864705324173,0.8410747114403329,0.5104590237646367,0.023004493362410002
llama,165,0.08308424055576324,0.8558543358722603,0.5341122167376728,0.021527698861742592
llama,166,0.10018177330493927,0.7481669480881388,0.5220104717506308,0.3199187048970977
llama,167,0.192778080701828,0.8625374315175545,0.5787919262471509,0.02436472300777602
llama,168,0.10662420094013214,0.7128639334858371,0.5172163955120881,-9.992007221626407e-18
llama,169,0.22144322097301483,0.7366835273002191,0.5092728610648838,0.01582530025740976
llama,170,0.21678289771080017,0.8070212260440222,0.5163896105857597,0.01949243635176511
llama,171,0.1923542320728302,0.8724995437671168,0.6181301980305787,0.190658529951454
llama,172,0.14946117997169495,0.7467833090942582,0.4955939503141048,0.03380264715339157
llama,173,0.16430599987506866,0.8925465343923038,0.691141044188077,0.1635590395849595
llama,174,0.1576041430234909,0.780406445594599,0.5209820640154575,0.01272575615619169
llama,175,0.1486625224351883,0.7239152387152463,0.514178448605119,0.06676894203679778
llama,176,0.04314855858683586,0.6357988372459505,0.4671780593098691,0.018854390381762662
llama,177,0.26103687286376953,0.8556655273597624,0.6350480509229016,0.042518235440984126
llama,178,0.09432808309793472,0.8515102085333517,0.5939365626161126,0.10777775548054008
mistral,0,0.12456174939870834,0.6512295357722175,0.38909440638300347,0.21524777668957262
mistral,1,0.02728021703660488,0.4482500324000867,0.25597418529388044,0.0
mistral,2,0.09783245623111725,0.5300592853318719,0.32980503058647853,0.0
mistral,3,0.07526947557926178,0.6885511987696556,0.4209453380424927,0.30617543493374366
mistral,4,0.2110002040863037,0.8472833854183531,0.5576817400886914,0.18579771171507625
mistral,5,0.20114073157310486,0.59378319275532,0.42537360850341377,0.05043989999462032
mistral,6,0.09823930263519287,0.6595433393712745,0.3609133322337387,0.005528730912658166
mistral,7,0.05132656544446945,0.44154366048052907,0.30765715835027463,0.02566274850526761
mistral,8,0.09747707843780518,0.6021954118099849,0.37446228288000194,0.013387781724514602
mistral,9,0.10195574909448624,0.6210246768439183,0.4074433423547559,0.0
mistral,10,0.06839115917682648,0.5840620589045634,0.36585203419177176,0.20441482283647475
mistral,11,0.04063019901514053,0.4049339090507097,0.2536427165945899,-9.992007221626407e-18
mistral,12,0.1527058333158493,0.6956065484296357,0.4249316570180272,0.03238365319107271
mistral,13,0.11144142597913742,0.7919901638608634,0.49065564828543695,0.22357542090972565
mistral,14,0.08261435478925705,0.5496632962261905,0.31413848678992007,0.0
mistral,15,0.2490619719028473,0.8470208338079352,0.6010954687913296,0.15118974910786998
mistral,16,0.08159241825342178,0.5558184818296006,0.2893385864996023,0.009767994544882155
mistral,17,0.08635672181844711,0.6683002013532656,0.5171041249946895,0.0
mistral,18,0.07396375387907028,0.786125227746715,0.5570360323280263,0.028825195985715948
mistral,19,0.03577393293380737,0.4091222446189281,0.1936033199554187,-6.661338147750938e-18
mistral,20,0.11198220402002335,0.7102034223362124,0.4238147094875953,0.0
mistral,21,0.34519505500793457,0.8498921911357091,0.6201371273477921,0.3306446202333396
mistral,22,0.07317756116390228,0.5353858746483937,0.42406200174184405,0.19632634348618322
mistral,23,0.20933280885219574,0.7699531063902079,0.5871185526623727,0.08755813951636363
mistral,24,0.18337008357048035,0.660839679070446,0.5274665714929575,0.0
mistral,25,0.2644614577293396,0.8887116643433591,0.502248486934778,0.013762983528207203
mistral,26,0.08949624001979828,0.5182567592256697,0.3595762402894938,0.013769265070673303
mistral,27,0.08708276599645615,0.560001650821478,0.4055016467548381,0.06654212721940873
mistral,28,0.25141391158103943,0.6840047393020796,0.5053248781652628,-6.661338147750938e-18
mistral,29,0.09921689331531525,0.6792562569683376,0.38572955825016136,0.033680281882615126
mistral,30,0.1941586434841156,0.8610305062797895,0.6070174181285166,0.20615389963813913
mistral,31,0.04596496373414993,0.4660048402355102,0.34291191926737785,0.0
mistral,32,0.12135227769613266,0.6046033012474477,0.38530299450612643,0.0
mistral,33,0.256041556596756,0.6077707967685836,0.34292264585348664,0.08270144184141011
mistral,34,0.06981371343135834,0.5726044826635077,0.3583157116772194,0.008212637302486793
mistral,35,0.08438459038734436,0.5445568847244384,0.38219597285680434,0.2608302618727857
mistral,36,0.08835506439208984,0.6359133482713264,0.3832460795051776,-6.661338147750938e-18
mistral,37,0.0508074089884758,0.5151392380533049,0.38866870085276617,0.0
mistral,38,0.09944162517786026,0.7865816123087659,0.4987540002695824,0.19303139483605214
mistral,39,0.06703644245862961,0.4417019646494039,0.31758805329049594,0.0
mistral,40,0.13419580459594727,0.6264446437032133,0.4439116167563533,0.0
mistral,41,0.1232958436012268,0.5710146925029896,0.3926435750420872,0.0
mistral,42,0.0907844752073288,0.5605067164275293,0.3684220489850678,0.0
mistral,43,0.3030779957771301,0.8579566659637641,0.6339067159307145,0.2856217844167238
mistral,44,0.12064771354198456,0.5319800145418122,0.3928689190178976,0.0
mistral,45,0.0895284116268158,0.6888303414095767,0.47902257887553956,0.0
mistral,46,0.06646537035703659,0.7727957579972646,0.5383634126068351,0.00858996970048486
mistral,47,0.062267281115055084,0.5505292161665635,0.4675608253336819,0.20387882882494662
mistral,48,0.10798051208257675,0.7922406180842858,0.5511673122578725,0.035079305145046556
mistral,49,0.09548822045326233,0.7013191310995721,0.4905983533087769,0.05176036097793514
mistral,50,0.04115026444196701,0.5207646530753143,0.34598747504625427,0.002028826581133111
mistral,51,0.10526008903980255,0.6526697527641592,0.34539145903057233,-9.992007221626407e-18
mistral,52,0.12853245437145233,0.7030986025550168,0.43391128037807236,0.059042425899496834
mistral,53,0.1247333288192749,0.6680200094000869,0.5064748531477872,0.0
mistral,54,0.10549964755773544,0.49460652110792147,0.3714494721254467,0.005094228566714109
mistral,55,0.16111482679843903,0.8492204904418644,0.5973376561260655,0.32681119917924983
mistral,56,0.12846973538398743,0.5832197799341889,0.3884717218730422,0.20799139644200332
mistral,57,0.12164769321680069,0.8003238798775145,0.5225693464231591,0.02720485262779402
mistral,58,0.11180224269628525,0.5264682736195279,0.3141690275853187,0.023660622663997745
mistral,59,0.13454630970954895,0.7716361370527822,0.596515362009196,0.17609027700656665
mistral,60,0.12591001391410828,0.7869260256464119,0.5380429527345207,0.199373543488861
mistral,61,0.10627434402704239,0.6576668344135943,0.4371797364563904,0.004946846955632529
mistral,62,0.2292567640542984,0.9067456844660446,0.6993609118830881,-1.1102230246251564e-17
mistral,63,0.029926490038633347,0.3598991180776654,0.2474133586657854,0.0
mistral,64,0.05155833810567856,0.5042541926731479,0.370524675272981,0.016147687339015473
mistral,65,0.16698777675628662,0.45103480370726096,0.29278096024668254,0.00022564854548994353
mistral,66,0.168288916349411,0.7668606419097262,0.5466585685666971,0.002998823326239683
mistral,67,0.08810851722955704,0.5700748515455635,0.41752955144567744,0.022266029279508458
mistral,68,0.03313770145177841,0.4122467827829578,0.29363247096375134,0.0
mistral,69,0.170255646109581,0.8076405503010065,0.5611511887554596,0.0182359555725029
mistral,70,0.06223396211862564,0.46632071611250525,0.31624297690503667,-9.992007221626407e-18
mistral,71,0.09200301766395569,0.6026064240304227,0.3541432478345094,0.0425151814203097
mistral,72,0.1843353509902954,0.8200984064038916,0.5375597704574028,0.052291939086812456
mistral,73,0.04130147024989128,0.5065232407189943,0.4244369812589068,0.0
mistral,74,0.08855807781219482,0.5541626000357242,0.404621433950228,0.02917941828676836
mistral,75,0.26872920989990234,0.7116413066389,0.4799632639498405,0.0332982951563881
mistral,76,0.054350435733795166,0.5640819072862859,0.3314529782078643,0.04686618781518425
mistral,77,0.09070368111133575,0.8144504108744233,0.5516158143491822,0.0
mistral,78,0.05753711983561516,0.5755861183391427,0.3683717924404731,0.0
mistral,79,0.1011291965842247,0.527220341066401,0.2996896706650694,0.31945415004422206
mistral,80,0.25885677337646484,0.8175623473483975,0.5935736366470181,0.15697662999703565
mistral,81,0.07605717331171036,0.6172536255837837,0.40530923623981374,0.0
mistral,82,0.04704046994447708,0.5607090121407539,0.40155778963052063,0.296266936360174
mistral,83,0.1051681786775589,0.7161884913866369,0.4864689768386704,0.0
mistral,84,0.05462126061320305,0.6440389087417173,0.39902800916876835,0.22521632640579364
mistral,85,0.11708682775497437,0.8881564938975028,0.6694778498550835,0.06274846765933628
mistral,86,0.21494586765766144,0.8283375043473258,0.6171030592618901,0.35004082644504336
mistral,87,0.04160124808549881,0.4908727660177492,0.35463170116502757,0.02742105521772592
mistral,88,0.16291508078575134,0.8006222859101001,0.5492962341103327,0.24112394605638907
mistral,89,0.0775371640920639,0.6279921803333695,0.48040382037316964,0.0
mistral,90,0.11250833421945572,0.812376601822202,0.5568844368011122,0.02910975605635918
mistral,91,0.05100240185856819,0.5679861310441715,0.3407286403792532,0.291535512400544
mistral,92,0.29301875829696655,0.7558839770332331,0.5263199293633217,0.07283816290501371
mistral,93,0.06254910677671432,0.5355157196935216,0.34706432449554214,0.0
mistral,94,0.16538655757904053,0.5574568046483458,0.3884646145509011,0.06149675700466152
mistral,95,0.04287071153521538,0.6489482578651584,0.4440899297569098,0.07890015386628088
mistral,96,0.03797158598899841,0.6894224860793685,0.42032184533478645,0.2143400314524778
mistral,97,0.1078980341553688,0.6580967558717463,0.4928358513954875,0.020442819493415598
mistral,98,0.057532500475645065,0.6369614172200609,0.43872734784298817,0.022706282838263266
mistral,99,0.23943254351615906,0.7198223131061399,0.48398045768330383,0.014797547719898456
mistral,100,0.15410664677619934,0.6653879363500735,0.4568147613756742,0.2887083416320012
mistral,101,0.09927178919315338,0.6272507997209852,0.4340665249007671,0.0
mistral,102,0.06082645803689957,0.5890476270709788,0.35251533451267514,0.000275188702834479
mistral,103,0.07124233990907669,0.6149796313238195,0.4546255395521698,0.0
mistral,104,0.1340770423412323,0.5566275875641729,0.36546853726373296,0.0004860929856260731
mistral,105,0.12687699496746063,0.5705709889446174,0.3553971770993498,3.0392929270437295e-06
mistral,106,0.0832095593214035,0.4619410435483366,0.33252468196016605,0.058301523888340284
mistral,107,0.036885518580675125,0.5328009960543801,0.3643774328757242,0.20221949806830414
mistral,108,0.05379347875714302,0.5476666565336392,0.36729880086861433,0.0
mistral,109,0.1847568154335022,0.7286705666954003,0.5303723065856129,0.21254067140604582
mistral,110,0.03237903118133545,0.608097309025067,0.36669689462806054,7.892744236285822e-05
mistral,111,0.06311295181512833,0.351326780566947,0.2796720375811129,0.0
mistral,112,0.06632164120674133,0.6020663910152972,0.361078778119464,0.006947831704828841
mistral,113,0.012406772002577782,0.4612834884324483,0.3217426194122041,0.010063942263841927
mistral,114,0.12932686507701874,0.6878349506523248,0.4452149499560484,0.041440707850009896
mistral,115,0.09508372098207474,0.631402872299943,0.3786407344203833,0.029376711332047716
mistral,116,0.09195723384618759,0.6646874562092764,0.4445926524316269,0.0
mistral,117,0.06650383770465851,0.5991618599675355,0.4158853778057221,0.0
mistral,118,0.08183319121599197,0.5113934458847422,0.3957067424877533,0.008774078856528072
mistral,119,0.05967777222394943,0.5676408618107309,0.3584280682933877,0.2366458890525247
mistral,120,0.0705387145280838,0.5555275873231122,0.35482341102081194,1.3522457823824377e-05
mistral,121,0.10614683479070663,0.4237856950449421,0.3706291837631862,0.0
mistral,122,0.18781960010528564,0.5810810810810811,0.4087591240875912,0.0
mistral,123,0.09875766187906265,0.6746727045791208,0.45832981778295745,0.200116295237656
mistral,124,0.07882659882307053,0.6068130480185288,0.37274912118100073,0.28720731939112454
mistral,125,0.2403230369091034,0.8101235894106524,0.6245033369140087,0.2988850094896487
mistral,126,0.09631972759962082,0.8272265414221758,0.5420518091968585,0.031599172283084245
mistral,127,0.18195326626300812,0.8504170974864961,0.5952273870148943,0.1344429658493425
mistral,128,0.08918040990829468,0.5288238290490086,0.35428343001505747,0.0
mistral,129,0.07579582929611206,0.6001468852167859,0.40814367647830646,0.0
mistral,130,0.18249613046646118,0.809886955776839,0.567202704809221,0.2892397448107884
mistral,131,0.06462811678647995,0.6442399684502448,0.4247921991332701,0.0
mistral,132,0.031750522553920746,0.5049577703367321,0.417674076528291,0.01748945593899433
mistral,133,0.1440926045179367,0.7186528488013934,0.44194665743104206,0.0399361219355045
mistral,134,0.1942584216594696,0.8527084270141729,0.5331523600915371,0.20807788794888096
mistral,135,0.059371717274188995,0.5643718339823738,0.3982498203261084,0.0
mistral,136,0.10828711837530136,0.6837514011121588,0.49765548000142806,0.09686816005316726
mistral,137,0.050538867712020874,0.448236550942291,0.2681323247951621,0.017268376941882622
mistral,138,0.050910819321870804,0.4801552940520512,0.3595996929998165,0.0
mistral,139,0.12912781536579132,0.5575385406353248,0.3303738787514825,0.09234408051602647
mistral,140,0.03277648612856865,0.554478855650532,0.38094182120893777,0.038649268128282316
mistral,141,0.0542760007083416,0.5699688085465571,0.31643825572913264,0.034143844127395705
mistral,142,0.06344444304704666,0.48899999257676025,0.34295605166046617,0.0
mistral,143,0.1303391456604004,0.812343929719906,0.46205466761454667,0.009459308165986544
mistral,144,0.04422156885266304,0.7681404987545069,0.44689504318596,0.03239427266926017
mistral,145,0.09009998291730881,0.5895460482171946,0.3574111227142341,0.038350269995244476
mistral,146,0.07644376158714294,0.4926680804032104,0.2983144651238787,0.010574170550212487
mistral,147,0.05422329157590866,0.576758539448526,0.33799672985045714,0.0002665892256341942
mistral,148,0.10641582310199738,0.5494874573686471,0.3139294271436537,0.027076237760142993
mistral,149,0.0336834080517292,0.4850442916959607,0.3101345335627329,0.0
mistral,150,0.08233752846717834,0.6778938542749763,0.3912898068088606,0.009896601533876453
mistral,151,0.16672144830226898,0.7770938842430256,0.4447036335781319,0.036797747776856696
mistral,152,0.20613594353199005,0.8647063857675132,0.6503614755886978,0.31706622200458456
mistral,153,0.01762116514146328,0.44669993156537713,0.300214980781466,0.0
mistral,154,0.04945928975939751,0.4963920237784724,0.32128037728696335,0.007651018088644443
mistral,155,0.08536873757839203,0.6499456139577953,0.38247447817999314,0.015420454775243897
mistral,156,0.13189294934272766,0.649737233796422,0.4433489967993484,0.002379105645164173
mistral,157,0.05627397820353508,0.5367903008111822,0.34557093694430974,0.19863945463223348
mistral,158,0.18827880918979645,0.6318810229559105,0.5230611735448146,-8.326672684688672e-18
mistral,159,0.08574219048023224,0.5716850321543371,0.4409348830602117,0.0
mistral,160,0.18895968794822693,0.8402765425362935,0.5619781905638064,0.0
mistral,161,0.2208026945590973,0.5815943585726471,0.46392848114043234,0.3001003054300635
mistral,162,0.06723935902118683,0.5480641280871046,0.3693470072353693,0.0
mistral,163,0.049194496124982834,0.5295129842725355,0.3318822941031534,-9.992007221626407e-18
mistral,164,0.06991366297006607,0.7746269371053713,0.45538841325417917,0.023571503585965388
mistral,165,0.2263721525669098,0.816404408149431,0.5245274804109845,0.013613651779283545
mistral,166,0.09043927490711212,0.7063566540937158,0.46049642368905747,0.012396665623608999
mistral,167,0.12212125211954117,0.7665393447822684,0.47494128102116323,0.005366313459689503
mistral,168,0.14351607859134674,0.6377212690910581,0.45611620433408895,-6.661338147750938e-18
mistral,169,0.16705980896949768,0.5909364097257616,0.37520885695041,0.029980932736723465
mistral,170,0.18220940232276917,0.7871456918128542,0.4753540014395945,0.029374990646677777
mistral,171,0.12871894240379333,0.8438409326819055,0.5220399265934668,-8.326672684688672e-18
mistral,172,0.11000756919384003,0.6663017911350311,0.4203405108296979,0.04538175057236894
mistral,173,0.2647642493247986,0.9029904889409807,0.6457501326506598,0.26916445994846466
mistral,174,0.14231173694133759,0.7062812977301934,0.43446316393832973,0.016581176798010303
mistral,175,0.09124652296304703,0.5644885991211684,0.383544569187887,0.2930201928245914
mistral,176,0.054299741983413696,0.5617703321242133,0.3792269522250137,0.018854390381762662
mistral,177,0.15548786520957947,0.8236284706299578,0.5851568999099427,0.03709867395613058
mistral,178,0.09296353161334991,0.8100611030153366,0.5221217070674755,0.11707389616532787
qwen,0,0.1142774224281311,0.6815572015116709,0.43388542241934697,-6.661338147750938e-18
qwen,1,0.03872551769018173,0.5587369235922472,0.32749508526779036,-9.992007221626407e-18
qwen,2,0.05901413410902023,0.5819156895879508,0.43305462577640536,0.0
qwen,3,0.042921703308820724,0.5250278493790757,0.3149595788399604,-6.661338147750938e-18
qwen,4,0.09728667885065079,0.8035951734025009,0.5576148561223188,0.28289190959103916
qwen,5,0.11732111871242523,0.6394000336166057,0.4676933791449538,0.2052629517904843
qwen,6,0.13454288244247437,0.7514472433568761,0.40094373390801624,0.005460161128916265
qwen,7,0.033061910420656204,0.4921866512820781,0.3413812781380753,0.040441208846246565
qwen,8,0.029021382331848145,0.688,0.4298245614035088,0.026343438970900128
qwen,9,0.13114097714424133,0.7096643519205424,0.524359271765217,-6.661338147750938e-18
qwen,10,0.0474802628159523,0.6772537477455278,0.43829495293245957,0.039249433644510445
qwen,11,0.04233279824256897,0.507198849047553,0.40935571721173736,0.0
qwen,12,0.14137238264083862,0.6841261400528692,0.44474737903172334,0.030329876475339253
qwen,13,0.1430099904537201,0.8542783341724742,0.5840831288477837,0.31079745242292733
qwen,14,0.08929392695426941,0.6403492631470291,0.4073882177847941,0.03562188233303826
qwen,15,0.14875102043151855,0.7785863003512604,0.533550267228188,0.06371704258843792
qwen,16,0.042826246470212936,0.6276981772194161,0.3601975766130765,0.0010223987787544046
qwen,17,0.14738783240318298,0.610598716255273,0.46161506583257134,0.0030214319781597236
qwen,18,0.12819813191890717,0.7813294260427422,0.5036202738454785,0.2589091843310978
qwen,19,0.02953319624066353,0.48564831571512,0.34018670196657724,0.0
qwen,20,0.09319718927145004,0.6886361783647184,0.46880587897629716,0.3446442876815765
qwen,21,0.24531233310699463,0.8584615384615385,0.6237623762376238,0.47374967316541916
qwen,22,0.11309526860713959,0.5684970970905139,0.41184908271498816,0.19294966641409478
qwen,23,0.23983418941497803,0.795301499412877,0.5968880435600293,0.09786735492558735
qwen,24,0.12414734065532684,0.7042470951594209,0.5069866126259548,0.0
qwen,25,0.13127955794334412,0.8700837236109276,0.55645674219938,0.01877902471403113
qwen,26,0.10780501365661621,0.6040851717701825,0.38868802060936997,0.010647410190171042
qwen,27,0.07875488698482513,0.6735915363328968,0.4489069002198821,0.11814654745269243
qwen,28,0.09981650114059448,0.6631717212304669,0.5205373526294623,0.0
qwen,29,0.06496364623308182,0.7230803993591008,0.4017204937650474,0.03732435773681231
qwen,30,0.15204334259033203,0.8285714285714285,0.6666666666666667,0.0
qwen,31,0.036534637212753296,0.5727364333154926,0.3569291160861565,0.0
qwen,32,0.1134360060095787,0.7530195762887529,0.5296111576983854,0.0
qwen,33,0.2974739670753479,0.6989758222018121,0.4036575360669721,0.1337193522608979
qwen,34,0.04530618339776993,0.6332667779891852,0.400048680449194,0.016045972861788677
qwen,35,0.11720798164606094,0.5343604116299642,0.40107969220454776,0.0
qwen,36,0.061696141958236694,0.6370536187441329,0.37655138920851083,0.0
qwen,37,0.0588342547416687,0.5773729897818762,0.4095029957400814,0.0
qwen,38,0.23621730506420135,0.8262140137905613,0.5419799506464432,0.06676682860854566
qwen,39,0.09223458170890808,0.6110261136130714,0.4409254080806388,0.0
qwen,40,0.1426122486591339,0.7467963784685182,0.5647359461092961,0.0
qwen,41,0.04560555890202522,0.5566269000246251,0.4054767443078667,-8.326672684688672e-18
qwen,42,0.11030421406030655,0.669828324237941,0.4252755927624274,0.3351159887160487
qwen,43,0.2915392518043518,0.8675922004735552,0.6215978620079269,0.0
qwen,44,0.16591425240039825,0.5641647556398088,0.33846152310183886,0.28816701362564545
qwen,45,0.07210838049650192,0.6820397548498834,0.43420278588901073,0.0
qwen,46,0.07855468988418579,0.7185185185185186,0.506578947368421,0.010467886725544339
qwen,47,0.045984841883182526,0.5080546618467473,0.37886440739422833,0.0
qwen,48,0.08203190565109253,0.7807383282272425,0.5458799485824054,0.35975116438396204
qwen,49,0.09756074845790863,0.6950463838030564,0.4819381567315033,0.055055261366330335
qwen,50,0.04932261258363724,0.642896886717385,0.44951344296203466,0.03422426826076226
qwen,51,0.07746485620737076,0.660308213635209,0.35751724385911543,-9.992007221626407e-18
qwen,52,0.14177648723125458,0.8041396489269141,0.5372749535470368,0.03147970485336524
qwen,53,0.09849025309085846,0.7287696368811073,0.5288332996983786,0.0
qwen,54,0.14212489128112793,0.5905614770015661,0.36242200801950464,0.01627064182281001
qwen,55,0.16042669117450714,0.8053134997368169,0.5797679270745312,0.2460818298765436
qwen,56,0.10866005718708038,0.6745876594289274,0.49602699442291076,0.012123882382321781
qwen,57,0.18018405139446259,0.8474659742437703,0.5642757319015558,0.007198688438035183
qwen,58,0.07744130492210388,0.6334923637301512,0.44312281903308176,0.06576666509204598
qwen,59,0.14453324675559998,0.7639915505653425,0.5621187360338428,0.2990846930640052
qwen,60,0.08877938985824585,0.8375634517766497,0.6041666666666667,0.13445640199415265
qwen,61,0.13433542847633362,0.6960298759618744,0.49812543044842633,0.00025910595179600495
qwen,62,0.19956307113170624,0.7665462657441164,0.5340650755024751,0.0
qwen,63,0.04031820967793465,0.44944415855185155,0.3235648778549812,0.0
qwen,64,0.04408450797200203,0.635291061316567,0.473014991490869,0.020979941254703947
qwen,65,0.05513908341526985,0.625665912730467,0.4463275148339845,0.0
qwen,66,0.20186419785022736,0.770620569761881,0.49380311565397933,0.0022181258136553146
qwen,67,0.14690715074539185,0.46990466162707956,0.3589457849023859,0.22740117375765379
qwen,68,0.061423856765031815,0.5331240581945749,0.35273610467794325,0.00030975652942948984
qwen,69,0.15105503797531128,0.8063619508949894,0.5459353072932062,0.03376141186629495
qwen,70,0.11990354210138321,0.5868091666131195,0.3530962830152711,-6.661338147750938e-18
qwen,71,0.12211179733276367,0.6301397208759524,0.40502816947026743,0.02705755577649261
qwen,72,0.15067577362060547,0.7797202797202797,0.524390243902439,0.0003192491193426492
qwen,73,0.04978875443339348,0.4872100624203889,0.39081743444870176,0.0
qwen,74,0.15471157431602478,0.667182598605556,0.420012098492968,0.03061992185780587
qwen,75,0.1833542287349701,0.7098596416071637,0.4764642706892615,9.427160840140966e-05
qwen,76,0.09350873529911041,0.6321690204503814,0.37306115666632716,0.046383644967188914
qwen,77,0.047778088599443436,0.8028472481269041,0.5559137973655911,0.32467037837054535
qwen,78,0.0582544319331646,0.6411548041232551,0.42002264791086397,0.0
qwen,79,0.04054246470332146,0.5842246895935362,0.3313432987111615,0.027501243333152882
qwen,80,0.20582643151283264,0.8529864984930475,0.6153168009627777,0.034613438131755256
qwen,81,0.052482061088085175,0.6308474364504523,0.4269990478690223,0.0
qwen,82,0.05162220448255539,0.5908783581562573,0.3869863876949263,0.0
qwen,83,0.1199696883559227,0.6946047441815529,0.43908134049486425,0.0
qwen,84,0.04464197903871536,0.5800079914194292,0.3749254165437118,0.21899933920354564
qwen,85,0.08676912635564804,0.8416122686686788,0.6012322724192259,0.0474751018449021
qwen,86,0.3539882004261017,0.8293993508541313,0.6209463395414561,0.2211254053685173
qwen,87,0.0415799617767334,0.6141852527070494,0.4341417811172124,0.02926470455695838
qwen,88,0.20616567134857178,0.8037958423694462,0.6111934558095482,0.017735479090473318
qwen,89,0.11436443030834198,0.6702489969866783,0.485517114006369,7.822695360284353e-05
qwen,90,0.15627513825893402,0.7756062300356188,0.48595776507215627,0.08724240822385929
qwen,91,0.07591905444860458,0.6468306371074309,0.38283477950987077,0.09346182343302807
qwen,92,0.2370603233575821,0.781085417569265,0.5218683611398789,0.01945225715395092
qwen,93,0.09176842868328094,0.6657813977033417,0.4226246162107799,0.0
qwen,94,0.139825701713562,0.6190745374486573,0.3673544594547978,0.06154964851453855
qwen,95,0.04214848205447197,0.5750894641622564,0.36343781368971195,0.04851170429128275
qwen,96,0.08171473443508148,0.6133067221663298,0.3399427236783711,0.008777569867605146
qwen,97,0.13379669189453125,0.49825451827428086,0.31539087688284806,0.18357352474644112
qwen,98,0.05963250249624252,0.669705915396918,0.49297499893704966,0.032017075208930705
qwen,99,0.1274551898241043,0.6944190326686915,0.5192139103125262,0.011279349899747326
qwen,100,0.09312212467193604,0.7080140656250896,0.5303424387751966,0.06263482725365072
qwen,101,0.11382601410150528,0.6840942347841956,0.510215775223112,0.0
qwen,102,0.06973358243703842,0.6425379436820948,0.4113166940676921,0.0034163607600302885
qwen,103,0.09519846737384796,0.5927101491999799,0.4026086887010469,0.0
qwen,104,0.10546038299798965,0.5691911478791158,0.3847677366433703,0.07582335901608889
qwen,105,0.10850442945957184,0.5899238836337105,0.44764822312970143,0.0
qwen,106,0.025312984362244606,0.47992343551218,0.30420949194101987,0.008148696313687118
qwen,107,0.04539448767900467,0.5806346509284607,0.4075179016267033,0.0
qwen,108,0.05351138859987259,0.5615972803703659,0.3436553026283765,0.0
qwen,109,0.13051821291446686,0.7521731958641967,0.5399916847346757,0.0048428968747949094
qwen,110,0.036873675882816315,0.6662365592492607,0.4003409028036993,0.19774926822816635
qwen,111,0.11595852673053741,0.5444329446758751,0.47511927697087025,0.0
qwen,112,0.052620887756347656,0.6961548147394849,0.4012506373030959,0.006110215195938009
qwen,113,0.12423546612262726,0.6746159470905525,0.44021874802139027,0.013514072564490954
qwen,114,0.16682705283164978,0.6962163882956671,0.5089149033416864,0.036367955796863236
qwen,115,0.12082360684871674,0.655968577750318,0.42243048953097057,0.009116978371595068
qwen,116,0.06972216069698334,0.7319819299183877,0.5124844388720623,0.0
qwen,117,0.10510728508234024,0.6477484817741248,0.4539578349961267,0.0
qwen,118,0.0934407114982605,0.5492989706483182,0.4273905914927618,0.00031712310714849417
qwen,119,0.118824802339077,0.6708160332721773,0.431080016952116,0.039821773055130266
qwen,120,0.0656236857175827,0.6498812743310685,0.4275081398523179,0.023718350498978923
qwen,121,0.09861629456281662,0.4297452234093363,0.2216682883239331,0.0
qwen,122,0.16762658953666687,0.6936919621696294,0.5288050405513064,0.0
qwen,123,0.11003043502569199,0.702687327169498,0.510478071748926,0.0
qwen,124,0.14302289485931396,0.6963570607532843,0.4465681572848553,0.30235754400108744
qwen,125,0.15460722148418427,0.7641806858199836,0.5754034802448462,0.24350278377790904
qwen,126,0.08987939357757568,0.7921175038241614,0.49554167545154265,0.09231412249027977
qwen,127,0.11843027919530869,0.7988564888172381,0.5750627968618344,0.08780342107616931
qwen,128,0.17005124688148499,0.7081641730112269,0.4931503854413147,0.0
qwen,129,0.1083369106054306,0.7452799825280543,0.4675870533459917,0.0
qwen,130,0.1825045347213745,0.8016876406886869,0.5496799212362641,0.027817083536865787
qwen,131,0.06809251755475998,0.6317261379306582,0.3841200296281259,0.0
qwen,132,0.06622694432735443,0.6356162447518817,0.46309068279079185,0.00024892771801424547
qwen,133,0.1785135269165039,0.7694533616212456,0.46509468791806957,0.023935218924339162
qwen,134,0.17679058015346527,0.8058643105139218,0.4894229118249065,0.029344558284015047
qwen,135,0.06462471187114716,0.6449862218514135,0.48200230109923936,0.0
qwen,136,0.14540961384773254,0.6731257180419336,0.4474122518725139,0.10499444624850288
qwen,137,0.05339451879262924,0.5764428157122568,0.42690258454821556,0.0014631691481274923
qwen,138,0.10164632648229599,0.6248505140149122,0.4344320416294332,0.0
qwen,139,0.1497645378112793,0.671842662700141,0.45297275115290414,0.022205610214114668
qwen,140,0.01872241497039795,0.6060606060606061,0.45079365079365075,0.06252515793883642
qwen,141,0.053171463310718536,0.6314972067509084,0.39968819549882256,0.02882176953948496
qwen,142,0.06544259190559387,0.5944664618264083,0.37744529864348175,0.0
qwen,143,0.11758724600076675,0.8406182970732806,0.503683229897609,0.012056411720887231
qwen,144,0.028724675998091698,0.625022623417331,0.34351801566699275,0.045594179130148
qwen,145,0.07221624255180359,0.6635068980869581,0.3646461761536874,0.05698590346731809
qwen,146,0.026882369071245193,0.6323175514152901,0.3932760604202747,0.012617345226229995
qwen,147,0.05191516876220703,0.6254911582254745,0.4271509543871537,0.209003334424542
qwen,148,0.0349595844745636,0.6112345048480038,0.36997272488108446,0.017966034987839444
qwen,149,0.026523536071181297,0.5089189142742659,0.4007118370229203,0.0
qwen,150,0.08654969185590744,0.6858195246011782,0.3887240582194644,0.007884023653521765
qwen,151,0.1527344286441803,0.7398508765723764,0.418785879925649,0.019266588281148415
qwen,152,0.16625602543354034,0.8379649852368599,0.5931423802315526,0.0
qwen,153,0.018726807087659836,0.48784594771714673,0.35024763437572337,0.0
qwen,154,0.08091717958450317,0.6185275517427306,0.43575917392600416,0.008184633702040162
qwen,155,0.09643895924091339,0.7038119354045241,0.3861692312470847,0.019355402783536212
qwen,156,0.09423748403787613,0.6625629009394516,0.4795746339407674,0.042661038642644346
qwen,157,0.0802806094288826,0.5815454613542617,0.3946807021597087,0.2006244566900498
qwen,158,0.12012685835361481,0.6226642455484878,0.47555632417669685,0.0
qwen,159,0.08031237870454788,0.6232116322274492,0.4536986503704051,0.09481680842782153
qwen,160,0.14438968896865845,0.8128544423440454,0.47307692307692306,0.4697063089381298
qwen,161,0.05669494718313217,0.5732201393471694,0.361312046497329,0.0
qwen,162,0.06659169495105743,0.5966491031773835,0.38993341100317946,0.0
qwen,163,0.06559191644191742,0.6083659903559158,0.3665355525334936,-9.992007221626407e-18
qwen,164,0.09395764023065567,0.7614302626420478,0.44460702341137126,0.009339809179564406
qwen,165,0.1111399382352829,0.7900069618255045,0.5050579653292132,0.017479074532109482
qwen,166,0.08610297739505768,0.7226352818735966,0.493272709707565,0.0
qwen,167,0.1319960653781891,0.8190062255894114,0.5477631686326816,0.006721058373478919
qwen,168,0.048518408089876175,0.6480198271509476,0.4385394705189943,0.0
qwen,169,0.30377039313316345,0.7363310733031843,0.505831941920941,0.03454430380935046
qwen,170,0.1337633579969406,0.7978955913093474,0.5127197706508051,0.2936526008065714
qwen,171,0.1779743880033493,0.8252049302001948,0.5556562442671665,-8.326672684688672e-18
qwen,172,0.10808499157428741,0.7200043685758939,0.5094529316251597,0.08202568023930214
qwen,173,0.2054736614227295,0.8745391637145855,0.7087199921499838,0.3402423918302696
qwen,174,0.18370023369789124,0.7398260155735114,0.48304425474696266,0.013481739931057201
qwen,175,0.14255346357822418,0.6706953869912663,0.441468481028696,0.25850734194531
qwen,176,0.05526493862271309,0.6657221991253335,0.467355999398246,0.028281585572643993
qwen,177,0.11993294954299927,0.7382231945159283,0.4934492570198634,0.059503902916150056
qwen,178,0.1418444663286209,0.8198610864716022,0.5986708481159952,0.0544296641771754
gemma,0,0.11335824429988861,0.5264590396821496,0.32316035835458,0.0
gemma,1,0.04055582731962204,0.40418255756423793,0.20946957544082653,0.0
gemma,2,0.03947998955845833,0.45681336273075007,0.3100053177423258,0.0
gemma,3,0.051042478531599045,0.40402238372227883,0.25544812953732443,-6.661338147750938e-18
gemma,4,0.13724879920482635,0.7962338858938008,0.616455958808258,0.20106582234149656
gemma,5,0.07037542015314102,0.6044593753628982,0.40533497159166315,0.02921569522715803
gemma,6,0.10676789283752441,0.6102661112997017,0.34981787732541186,0.0022136262625382956
gemma,7,0.030093055218458176,0.4535825794079952,0.3699281978016369,0.0034047018551345847
gemma,8,0.09524254500865936,0.57214932232799,0.3527011099322243,0.015116692768869205
gemma,9,0.08055975288152695,0.5413568433240079,0.34006435834729143,0.0
gemma,10,0.06532977521419525,0.49798106108973783,0.25877129071152677,0.279389507856657
gemma,11,0.04288897663354874,0.4072691092990871,0.2811751585373458,0.0
gemma,12,0.1905449628829956,0.6919280004008433,0.441078132202224,0.05667646766620072
gemma,13,0.04944968968629837,0.7081201540061355,0.4639513036490401,0.31300208399040863
gemma,14,0.06514005362987518,0.4718620496476502,0.2844035592774829,0.03487421135167579
gemma,15,0.11498453468084335,0.7712560040889478,0.5382026490894618,0.2562617559022775
gemma,16,0.04163341596722603,0.4591269928582896,0.2729207095602811,0.003898360646115296
gemma,17,0.1033904105424881,0.531498937631345,0.3255910948350335,0.0010599735203282853
gemma,18,0.09532181173563004,0.7223854539260773,0.5365027592586685,0.0067993786998449945
gemma,19,0.03276311606168747,0.3684979689751303,0.25054900127814306,0.0
gemma,20,0.07924792915582657,0.6002988871838495,0.3990380254665969,0.014075544985126488
gemma,21,0.18366345763206482,0.8338860217498573,0.6185945897555394,0.23741410096556387
gemma,22,0.06399419158697128,0.5390486799857328,0.3333304954744152,0.0
gemma,23,0.1439301073551178,0.7147952911853329,0.559883524129095,0.01966426004861904
gemma,24,0.08771397173404694,0.5652329503302669,0.43679641546488784,0.0
gemma,25,0.11706310510635376,0.8852696215375495,0.5420963721232049,0.010288319253630508
gemma,26,0.05337376147508621,0.4146369896514225,0.3559196560177062,0.024294586644817814
gemma,27,0.0570281557738781,0.5883646047735263,0.3807333661785341,0.1567086255454505
gemma,28,0.07444000244140625,0.5980306000978325,0.4991112565195082,0.0
gemma,29,0.08627540618181229,0.6869603891607784,0.3886922966691232,0.04444725825271609
gemma,30,0.1795850545167923,0.8293192261463356,0.606231964561175,0.0
gemma,31,0.033619873225688934,0.5423328470987939,0.3612207505892785,0.0
gemma,32,0.06543706357479095,0.6206713491175877,0.4508945359106459,0.0
gemma,33,0.17703929543495178,0.5191950347104706,0.31612288511674586,0.029968922915749492
gemma,34,0.10199008136987686,0.515884278354832,0.33053685181472353,0.0034931088900833273
gemma,35,0.06394900381565094,0.4524781903120464,0.3617421491942385,0.0
gemma,36,0.05547453090548515,0.5531887013992606,0.36745603354279155,0.0
gemma,37,0.05656757950782776,0.4434725484049712,0.31171969147275186,0.0
gemma,38,0.09651920944452286,0.6854872564641588,0.46219777272454043,0.055825761445235364
gemma,39,0.05443210154771805,0.40844960340118563,0.319136358925336,0.0
gemma,40,0.10960167646408081,0.5792689798394004,0.4004608916102298,0.0
gemma,41,0.0740625411272049,0.5226686866255162,0.39320812719936643,0.3072863759074821
gemma,42,0.06903653591871262,0.5094954551822112,0.3577045991022297,0.3031931028476953
gemma,43,0.2911894619464874,0.8634975469515334,0.6579866271495104,-9.992007221626407e-18
gemma,44,0.04428284242749214,0.4422539706581209,0.27254635401013066,0.21182322807391302
gemma,45,0.08511082828044891,0.5655797425777186,0.3744458479636553,0.28173143023692554
gemma,46,0.13198450207710266,0.6766883681524266,0.47360909722982436,0.017215826098165063
gemma,47,0.0311468243598938,0.39667760227102467,0.3686939501424376,0.14503676608084948
gemma,48,0.10048675537109375,0.7466832276770702,0.5228528177049295,0.2962663884281679
gemma,49,0.10101979225873947,0.5732352519566531,0.3775846424797102,0.010079484767415565
gemma,50,0.05398909002542496,0.4389531758268282,0.2750492560824084,0.20416623441577358
gemma,51,0.13198363780975342,0.5748193344962912,0.2991705193004316,-6.661338147750938e-18
gemma,52,0.19507093727588654,0.7370171759339881,0.5729397021966681,0.04698812945907883
gemma,53,0.06788165122270584,0.601873051886434,0.47735389161025293,0.0
gemma,54,0.048591066151857376,0.4413643526651475,0.2638389589036804,0.0003876422363043537
gemma,55,0.1363673061132431,0.8031403220763665,0.6098864384961384,0.25008098264593437
gemma,56,0.1330583393573761,0.6209589325350094,0.4627520963742565,0.21734317853416926
gemma,57,0.1606571078300476,0.7853301646371114,0.5082614280230485,0.057065694541653444
gemma,58,0.10823104530572891,0.5298566366156506,0.37967008446937267,0.05770393796444028
gemma,59,0.1175561174750328,0.7483214296714794,0.5706000406986121,0.0049542665572282546
gemma,60,0.07810068130493164,0.7777777777777778,0.6159695817490494,0.025720764465524487
gemma,61,0.0819445326924324,0.6363407674498779,0.41544949808923626,0.022823360678998865
gemma,62,0.17273728549480438,0.7909794056336805,0.5403047887282592,0.0
gemma,63,0.03920157626271248,0.3955453967444471,0.29424138387229914,0.0
gemma,64,0.02565094269812107,0.4961579747345694,0.38594634240521686,0.011591286707416205
gemma,65,0.01833817921578884,0.4200779996484963,0.27385765159742237,0.0002495448797047868
gemma,66,0.16960375010967255,0.7301733112204327,0.511462908208992,0.009014698553217175
gemma,67,0.08795862644910812,0.4354034032092217,0.25867424384816484,0.0009270306252641006
gemma,68,0.05133755877614021,0.47502066888318845,0.3868547110794185,0.011718292674582208
gemma,69,0.0672212466597557,0.8016601914503111,0.5507302158120518,0.020766422046292227
gemma,70,0.08443193137645721,0.3846867734382248,0.2587516880923658,-9.992007221626407e-18
gemma,71,0.16031160950660706,0.49406098793333586,0.2845640461392017,0.02555141401332917
gemma,72,0.13544800877571106,0.7559516343129726,0.5314990857342793,0.037939948844099715
gemma,73,0.03421254828572273,0.44932228667407326,0.32538356619003755,0.0
gemma,74,0.02928795851767063,0.4728092004198209,0.3339406313415755,0.000498659348425601
gemma,75,0.13412320613861084,0.4953839792176885,0.3267222076896964,0.2952692415736263
gemma,76,0.06988240778446198,0.5021194684370148,0.26543284175844684,0.0064231211417358006
gemma,77,0.05658572167158127,0.7195183277753501,0.576213345439328,0.19783407993614033
gemma,78,0.05862772464752197,0.5460319296514253,0.3683524767775837,0.0
gemma,79,0.07253292948007584,0.42240053503742836,0.25135184762622326,0.0019516235713870336
gemma,80,0.19751162827014923,0.7795290734304028,0.5857154918242816,0.13159972087211008
gemma,81,0.034327227622270584,0.5478556863825856,0.3661068659691743,0.0
gemma,82,0.04225759580731392,0.48110374118161064,0.33733380869036605,0.0
gemma,83,0.2003348171710968,0.629506019255569,0.4435767500918219,0.0
gemma,84,0.03887675330042839,0.4522086441050015,0.31130092618771016,0.019384850182617267
gemma,85,0.10323920100927353,0.8379207081470273,0.6324678030938446,0.020579552713253325
gemma,86,0.17689159512519836,0.7821492978271217,0.5601473141743638,0.13996645694556803
gemma,87,0.03557334095239639,0.44913169391599117,0.2807007539824375,0.0
gemma,88,0.18786299228668213,0.7794420397021314,0.5661384456264775,0.023669660913382733
gemma,89,0.10435450077056885,0.5013826988306985,0.3377295853525738,6.224107137386252e-05
gemma,90,0.14158472418785095,0.79647029595726,0.5039762615569183,0.055204065132013196
gemma,91,0.053013820201158524,0.5207578298071432,0.3129827828142778,0.05702080637397006
gemma,92,0.2039947211742401,0.808197291829927,0.5644204055159474,0.03753344650305591
gemma,93,0.06978723406791687,0.5199735342816006,0.3021647883488337,0.0
gemma,94,0.1096816286444664,0.465110333228285,0.29974337581440796,0.06696048865801199
gemma,95,0.09897726029157639,0.458318052481759,0.33840596407606893,0.02130082432235378
gemma,96,0.03149651736021042,0.4639438990660813,0.27290687372528183,0.003755388557145342
gemma,97,0.0744476318359375,0.40966451932789527,0.2638333748548824,0.0
gemma,98,0.0630427747964859,0.6393636599549415,0.4456648550111536,0.008591927049676361
gemma,99,0.11471258848905563,0.6402561333714729,0.466554331649613,0.028755336192902183
gemma,100,0.08664482086896896,0.5602756320662341,0.39988927459634616,0.0005729861299665241
gemma,101,0.05975464731454849,0.5676377888901197,0.42933902673111995,0.0
gemma,102,0.04206877201795578,0.5285982496511874,0.3387513384703473,8.4811291704031e-05
gemma,103,0.11951180547475815,0.5791583048361433,0.4503148740591557,0.0
gemma,104,0.050480347126722336,0.4695715035998963,0.307843482701485,0.004512985727969292
gemma,105,0.1245298832654953,0.4546115823506193,0.28896117791939074,0.0
gemma,106,0.023280035704374313,0.3888536024161614,0.28496844237901825,0.004812728539483042
gemma,107,0.041404299437999725,0.4308901201152032,0.3037039953577402,0.0
gemma,108,0.05919418856501579,0.4828161536924485,0.3285237901108791,0.0
gemma,109,0.07747066020965576,0.6007564682653819,0.5186661003702868,0.014277955204533168
gemma,110,0.016655106097459793,0.4463590310978275,0.2951053332422534,0.0
gemma,111,0.09076569974422455,0.5028048651569064,0.3744088715777149,0.0
gemma,112,0.036433715373277664,0.48976455440699895,0.2634414444911462,0.0009101134185545143
gemma,113,0.01554532628506422,0.467300410483627,0.3082163619258075,0.0040603378445898935
gemma,114,0.12264367192983627,0.6082791562762533,0.4119681345482616,0.0257120131251879
gemma,115,0.05770525336265564,0.546213759828644,0.33886503917932337,0.048167607322481085
gemma,116,0.05380617827177048,0.5031462299480008,0.3123323496747452,0.0
gemma,117,0.0654369369149208,0.5535645091598179,0.35505694417924566,0.0
gemma,118,0.059162627905607224,0.4936638397786027,0.3352984326025551,0.28743123995167846
gemma,119,0.054033778607845306,0.5213761354542858,0.36990621215464287,0.033940072484683045
gemma,120,0.05816752463579178,0.5415760938775185,0.3773275748194,3.835397409704345e-05
gemma,121,0.07634283602237701,0.38617311679201166,0.27733483957002425,0.0
gemma,122,0.09967417269945145,0.5120261490472261,0.48132630553976724,-6.661338147750938e-18
gemma,123,0.06270799040794373,0.5543812649730662,0.4021668114327883,0.0
gemma,124,0.09860166162252426,0.5286233348961297,0.3520595767893294,0.28712472044403425
gemma,125,0.23178105056285858,0.7724656578421676,0.6158834453100073,0.19783407993614033
gemma,126,0.04409234970808029,0.7651767237983451,0.5539602612789102,0.2322927665384319
gemma,127,0.11300639808177948,0.7945532705260555,0.5935126310730227,0.2945482185900565
gemma,128,0.12033567577600479,0.47345371160304905,0.3188555572712288,0.0
gemma,129,0.07635951042175293,0.5837473103616188,0.38525478763521925,0.0
gemma,130,0.14391052722930908,0.7219251336898396,0.5625,0.4529683202670856
gemma,131,0.03524716943502426,0.5414144602973835,0.34043609521791623,0.0
gemma,132,0.03885320574045181,0.4824565663634415,0.32529440734257026,0.0
gemma,133,0.13218986988067627,0.6599716746889859,0.41640754184587864,0.014565461826004607
gemma,134,0.12951812148094177,0.8106606615610746,0.5698687805737866,0.029503901002299326
gemma,135,0.05497192591428757,0.5047582293762843,0.3797198119680815,0.0
gemma,136,0.10078351199626923,0.6686713994683,0.47565162884737056,0.20480495268025883
gemma,137,0.04767389968037605,0.49411660291882864,0.34742415316026204,0.0
gemma,138,0.04717915505170822,0.4896878943769442,0.35764922744258554,0.0
gemma,139,0.0471179373562336,0.5056758040787712,0.30877326001951066,0.017208279487291794
gemma,140,0.029259800910949707,0.44208584083077057,0.30116250473743716,0.0021496116234012326
gemma,141,0.045430272817611694,0.5190413856110421,0.32757156091625533,0.030247456137394213
gemma,142,0.054730374366045,0.4576128208887492,0.29964014864754857,0.0
gemma,143,0.11532475799322128,0.7813336752655834,0.4497448189148978,0.007359681267502158
gemma,144,0.029264623299241066,0.4832215897447,0.2877123330139537,0.013310738670228993
gemma,145,0.03364739567041397,0.4876430297226719,0.25770400242880726,0.026835657726442946
gemma,146,0.02089112438261509,0.38201138451396155,0.2055156660954757,0.010275423889778545
gemma,147,0.03839179873466492,0.5579180265409203,0.3868243756824462,0.00013158260784601982
gemma,148,0.10656974464654922,0.5176015837710818,0.29784510160349764,0.006899533692375564
gemma,149,0.037374962121248245,0.4065829382818942,0.26089020800504403,0.0
gemma,150,0.03998927026987076,0.611515704865768,0.3406899859178212,0.008439459936815878
gemma,151,0.07902596890926361,0.5870454305873066,0.315329784906193,0.28758561743521144
gemma,152,0.15374872088432312,0.7823901281657001,0.5698861799156163,0.0
gemma,153,0.022074025124311447,0.4624108853351531,0.3329702875380057,0.0
gemma,154,0.06346486508846283,0.4635851696262529,0.3845519901556742,0.1753602539444883
gemma,155,0.06745000183582306,0.5296624872152909,0.28226437453534414,0.012191394650890558
gemma,156,0.1469813734292984,0.6068141348113407,0.38915494033069636,0.20116007873233643
gemma,157,0.06580332666635513,0.4417205271206873,0.2345315075549407,0.021976963931454756
gemma,158,0.051831603050231934,0.46878394310062693,0.30374145534942654,0.0
gemma,159,0.03778659552335739,0.43027794360595834,0.3404691910824018,0.30581824323741996
gemma,160,0.19772404432296753,0.8130656069986401,0.5677444468358,0.3366282050086104
gemma,161,0.08621518313884735,0.4949210441312311,0.38054949851151587,-6.661338147750938e-18
gemma,162,0.03210047632455826,0.47980622461365885,0.31078148951944284,0.0
gemma,163,0.04981844872236252,0.4972807803491408,0.3256629301457456,0.0
gemma,164,0.100114606320858,0.7408669095190189,0.5023162214147237,0.017006532881495992
gemma,165,0.09718331694602966,0.7532074438099604,0.5142021173730978,0.012996210167293767
gemma,166,0.05059528350830078,0.4469914040114613,0.3515625,0.0
gemma,167,0.12801021337509155,0.7550975787314665,0.48518459388225543,0.010612269642084293
gemma,168,0.10063721239566803,0.5180844823748625,0.41073549535347154,0.0
gemma,169,0.10290167480707169,0.5255175914794623,0.3321835082940311,0.04307261324342035
gemma,170,0.19487279653549194,0.69921875,0.48264984227129337,0.007467078259155107
gemma,171,0.06508897244930267,0.7897264347284938,0.5839089741598424,0.1973347393467914
gemma,172,0.10737278312444687,0.6113329272100442,0.39634686231662186,0.03263906786616107
gemma,173,0.08481908589601517,0.8417059413380812,0.6769580270927478,0.23147942424677306
gemma,174,0.11562640964984894,0.6265860074362315,0.4144950857597497,0.009286836491045135
gemma,175,0.09676007181406021,0.5751109593098614,0.40286974629093,0.05056413901687254
gemma,176,0.04176615923643112,0.5125094260869111,0.32401428156150625,0.057954722049924155
gemma,177,0.1289353370666504,0.7830239595614225,0.5597199854947301,0.07233366639243383
gemma,178,0.10183577239513397,0.8153227239826399,0.5614071241429027,0.07914322564668338
