weight_scheme,source,mean_d_disc,mean_gap_h_vs_models,rho_d_vs_n_ent_used,n
none,human,0.025453185414487024,0.01014537974851841,-0.530756647532701,178
none,llama,0.01696931393589406,,-0.5004505277807763,177
none,mistral,0.017636211207809973,,-0.3356914990246731,176
none,qwen,0.014581552425652466,,-0.4809416221238038,177
none,gemma,0.012038831145486095,,-0.40888022809308794,176
log,human,0.027298504360665308,0.011107751838172062,-0.49818902060871223,178
log,llama,0.018098929310692895,,-0.4584795270739905,177
log,mistral,0.01846602255607642,,-0.2974714256426416,176
log,qwen,0.015496274288035452,,-0.4313458194404427,177
log,gemma,0.012694887920658295,,-0.36192399286762367,176
freq,human,0.029825086556590483,0.012346242916126668,-0.43310804081795523,178
freq,llama,0.019686209704857766,,-0.3902862564498779,177
freq,mistral,0.019558731621509118,,-0.2550817296014563,176
freq,qwen,0.016936761502255746,,-0.3504423010493115,177
freq,gemma,0.013724209892742915,,-0.2969032636132599,176
