source,model,story_id,prompt,text
human,Human,0,"When you reach the age of 25, you will respawn back to 25 anytime you die. When you reach age 50, you no longer respawn if you die.","`` Legate! Legate! The Picts are assaulting Hadrian's wall again''
`` Damn it! do you know how long I have served here boy? CL years, it's the same damn Pict that gets me every time, crafty little bugger I nearly had him last time to.''
`` Sir?''
`` Look boy, your new here, we've been fighting the the same Pict's for over a century, we have our own personal rivals and we all know each over by face a few unwritten rules you ought to know though.''
`` Rules? But they are barbarians!''
`` That they maybe but these lot are n't cruel, they'll slit your throat right quick but they wont torture you, I damn well expect the same from you. You understand that? They could make our lives hell but they do n't this is their entertainment and they respect us as the unyielding wall to prove their melee against once every year.''
`` But should n't we make them fear us?''
`` Fear us? You seen a Pict, blue skin from the war ink, orange hair bloody creepy lot but they are good mean you understand. So do n't piss them off and aim for quick fatal wounds they see you being a prick they'll be right mad and make your last few hours real painful. And do n't be surprised when you die, some of them been at this for CL years.''
`` Umm... okay Legate''
`` Ohh and boy?''
`` Yes?''
`` Make sure the ale stores are good, both sides meet the next day to have right good banquet, nothing like a right piss up and finding the block that stabbed you and shacking his hand. We keep this up and they'll all be speaking and acting like Romans in another century.''"
human,Human,3,"When you reach the age of 25, you will respawn back to 25 anytime you die. When you reach age 50, you no longer respawn if you die.","**Everything was as it had been for the last century. **
A half full bottle of prescription pills rested on the ground where it had been left to fall. A half empty glass of whisky sat on an end table that rested next to a worn leather chair that had seen the poor posture of a broken man for longer than either the chair or the man should have existed. His pipe burned unattended as his chest warmed to the effects of a Mr. Jack Daniels, and the alcohol took its stead.
The dust collected on the tops of bookshelves pregnant with the works he had grown attached to. The inumerable unread and half read stories. The 10 or so series he had fallen in love with as a child. The 2 failed publications of his own. The various photo albums, made inferior by the technology of the day... but those towers were his, and in them was a certain solace.
He collected his thoughts, and once again, for the 4th time that month, worked his way towards one of the oldest tomes. One dusty, but oddly clean in the center of it's binding, the far right of it's front cover, and on the edge of each page. This particular photo album held memories that even he had seemed to have lost in the years. Among its plastic covered pages were letters whose contexts could only be assumed at that point. The detachment provided an only too certain peace, and reminded him that Time took and never gave back. Time was all anyone had, and all he wished he could get rid of.
One letter from the coroner was particularly haunting. The once pure white envelope yellowed with age. The edges of which had not seen even the smallest of frays. Unopened, it whispered a reminder to him.
It had been about 3'resets' since he had seen her. It had been 73 years or so, since he had held her hand. It had been 7 or so decades since their last fight. 26,663 days since they had made up and chatted till the morning. 639,912 hours since he had wept over her still body, when he awoke to find that her reset had failed due to complications.
The millions of minutes... the even more numerous seconds... It all mattered little when time had lost his meaning.
It had only been moments, though, since the ducts of his eyes had broken. It had only been moments since the drops parted the accumulated dust on the pages of the bound volume of memories he held in his hands. Only moments since he once again, for the 4th time that month, realized it was n't getting better.
His vision blurred...
He awoke in a daze. His surroundings foreign yet familiar.
He had failed her once again in a moment of weakness. For the 3rd time he had failed to wait out the 25 years.
He wept as he was escorted back to his home.
There, the dust collected on the tops of bookshelves pregnant with the works only one of which he had concern for.
Everything was as it had been for the last century."
human,Human,4,"When you reach the age of 25, you will respawn back to 25 anytime you die. When you reach age 50, you no longer respawn if you die.","`` Death by suicide,'' sighed David. It was days like these that made him reconsider his job.
`` Permanent death?'' Carla, his partner, set her cup of coffee down. `` Do n't get a lot of those.''
`` Yup.'' He shrugged and reached for the stack of paper on his desk. `` Poor man. He killed himself, painlessly, with some pills. His wife did too, but she respawned.''
`` Was it—''
`` Murder?'' David smiled wryly. `` I thought so, at first. Apparently, they'd been married for twenty-seven years. They were going to respawn at the same time, and enjoy married life as a young couple...''
Carla frowned. `` But what happened?''
`` Hospital got his birth date wrong. He was born two days earlier, but there was a mix-up or something.'' He re-stacked the papers and set them aside. Recounting the story had ruined his appetite for paperwork. `` It was the first time either of them cut it so close to the limit, you know? The victim thought he still had a day until he turned fifty.''
`` God.'' She shook her head slowly.
`` My thoughts exactly.'' David sighed again. `` His wife was hysterical. Which I can understand. She expected to see her husband, young and alive, but instead finds his cooling corpse on the ground.''
Carla picked up the stack of paper and began filling it out. `` People should really spawn at least a year before they turn fifty. It'd cut the amount of perma-deaths by half. I swear, the majority of them are caused by simple carelessness.''
He grunted in response. `` Yeah, but when you're happy with your life, I guess you do n't see a reason to respawn.''
`` You're right.'' She looked down. `` Still, it's tragic...''
`` Death always is.''"
human,Human,5,"When you reach the age of 25, you will respawn back to 25 anytime you die. When you reach age 50, you no longer respawn if you die.","I was 25 the first time I died.
I'd been drinking pretty hard with some mates for my birthday. Even though I was pretty out of it by 3 a.m., they insisted that the'birthday boy' has to drive. I'd just got a new car, so I told myself I did n't want it scratched anyway, and got behind the wheel. Ten minutes later we were wrapped around a power pole.
I woke up in my bed, screaming until my voice gave out. I freaked the hell out, and my bedroom was a wreck by the time I calmed down.
What the hell?!
We did n't make it, I knew that- there was a buzz from my phone. A text from Andy,'Happy birthday man! Let's hit up the Crown tonight and get wasted!''
The same text that got me into this mess. I died and woke up yesterday... how does that even happen? Well, I'd just make the most of this second chance. I replied Andy,'Nah, I think I'm going to give it a miss tonight, not feeling well.'
The phone buzzed a few seconds later.'Serious? We're going tonight anyway. Come if you decide you're not a little girl.'
I put the phone down in disgust. It was about time for me to grow up anyway, I decided. Tomorrow Andy would've been dead, which makes it easy to rationalise.
I cleaned up, stopped drinking - Andy and the guys stopped talking to me after a while - and got an office job shortly after. That life - and death - became old memories. I fell in love with a nice girl I met at a cafe, Sandra, and we were getting married in spring; we were both 30 years old.
-
I was 30 the second time I died. This time I was just hit by a bus.
The second time living all of this was boring, but I was n't going to jeopardise the life and woman I loved. I did the same job calls, the same interviews, and when I got the job I tried to act as close to the first time as I could remember. Even the mistakes I made, and that was hard to do on purpose.
I made it a habit to look twice, three times sometimes, before even setting foot on the road. On our third date Sandra called it'cute' that I was so cautious, but I was n't letting that happen again.
Finally, it was spring of my 30th year, and things were new again. The wedding was almost as amazing as married life turned out to be. We travelled the world, and came home to buy a brand new house and made it our home. At 40 our family was complete when Sandy gave birth to a little girl. I loved to come home from work and teach our little Allie how to count, or hear from Sandy what she'd done that day.
It was Allie's 11th birthday today, and I was on top of the world. I drove home from work humming a tune, thinking of seeing the two most beautiful girls in the world today. Sandy would bring out a big chocolate cake, and Allie would umm and ahh over which wish to make.
`` I'm home, Love! And where's the birthday girl?''
No reply. As I went to the living room I heard sobbing. I found Allie sobbing on a pile on the ground. Wait...
`` Sandy?!''
I pried Allie away from the pile and there she was. My wife, in all her beauty, was covered blood from her forehead and completely unmoving. She was cold.
`` H-How?''
Allie wiped her face and pointed to the coffee table, with blood stains on a corner. `` I... I just came home and found her like this, Dad... Oh, Mum... What can we do?''
Not her! I thought desperately, Anyone but her! I racked my brain thinking of what to do, and a memory from many years before cut sharply through my grief. I carefully let Sandy to the floor and ran up the stairs.
In our bedroom, in the bedside table drawer, was a gun. We'd agreed when we got our new house that it'd keep us safe. Never thought that I'd have to use it like this.
`` What are you doing, Daddy?'' Allie stared at me from the doorway, her eyes still red from crying. The poor girl, she came home from school hours ago.
`` It's okay sweetheart,'' I said as I raised the gun to my temple. `` I'll be seeing you soon.''"
human,Human,6,"When you reach the age of 25, you will respawn back to 25 anytime you die. When you reach age 50, you no longer respawn if you die.","¬¬¬ Saw the Writing Prompt and a vague idea formed in my head. Just started writing and this is what I got. Only slightly edited and reviewed. Lem me know what you think. ¬¬¬¬¬
Knees, elbows, shins, ankes, wrists and forearms didn ’ t sustain themselves as much as they used to. That was the problem with old age. Things got weaker and it became harder and harder just to move around. Enjoying the simple things in life was something that I ’ d learned long ago, and persistence was one of the simple things that people had forgotten. There was a satisfaction from eating healthy and cleansing your body of toxicants the natural way; doing exercise to build resilience; getting wisdom from becoming that bit more frail and weary, rather than just relying on the ReStart™. It was something that took me at least seventy years to figure out.
Finally though I was released from my contractual obligations to repay CloneGen. I ’ d finally paid back the twenty-million price-tag that I ’ d accumulated from all my ReStarts™. They would now allow me to age beyond bio-fifty all by myself. No more forcible ReStart™ for me for being in debt, thank you very much. It was just as good that my time was over. The world around me was getting more and more disgusting by the minute and I didn ’ t have the life left in me to try and keep up anymore.
It seemed as if people put all their effort into looking exactly perfect, being as fit and healthy as possible for when they turned twenty-five, but all of that determination and drive went out the window when they got the ReClone™. I mean you ’ d be stupid to not make yourself the best you could be once you went for your ReBase™. Every time you got a ReStart™ you wanted to have the best advantage possible. But it was critical to hold onto at least some of that determination and drive to still become a better person. Your ReBase™ wasn ’ t the best person that you could be. But everyone had seemed to forget that.
Sometimes I thought that I was one of the few sane people left in the modern world. Perhaps one of the only ones left since the early days of ReClone™. It had taken me seventy years to get from twenty-five years old to fifty years old. Well forty nine years and three hundred and sixty days bio age to be exact. I think. It had been so long since a birthday meant anything to me that I kind of didn ’ t remember when it was anymore. Also add to that fact that I was adopted at an early age, my records sealed and my whole former identity wiped out. In all of my ninety five years of existence on this planet I still hadn ’ t found out anything about all of that. But I ’ m pretty sure that the birthday I ’ d celebrated my entire life was actually a celebration of my adoption day. Who knows when I was actually born.
ReClone™ knew though. When my bio-indicators showed that was fifty bio years old, the ReGen™ tech would be automatically disabled and I wouldn ’ t be able to ReStart™ anymore now that I ’ d paid off my contract. By my best calculations that was only five days away. However I had no idea when my bio birthday actually was so the ReGen™ tech in my head might as well be disabled now.
The thing that got me, that no one talked about because we were all too scared to, was that maybe I died seventy years ago when I got the ReBase™. I might be long-dead and I may be the copy of a copy of a copy of a copy, twenty times over. I look and feel the same, but technically my body dies every time I ReStart™. My memories are collected by a series of chips in my head and replicated into the latest one of my ReClones™, a perfect copy of my ReBase™ that I did when I was twenty-five. I was technically dead and my memories transferred into another body which looked and reacted the same as I did. But it wasn ’ t technically me, was it. I had the memories right up to the point of each ReStart™; the most traumatic moments being automatically edited out. That made me, me, right?
I ’ d been pondering this for the last twenty five years since the moment I decided that I didn ’ t like the possible answers. It was the reason why I ’ d decided not to extend my ReClone™ contract. I was whatever I was, whether that be a clone of a long-dead person or myself. It didn ’ t really matter. I was who, and what, I was and there was nothing that I could do to change it. My choices were what I really was, and I was choosing to live how a person should live. Expire into old age.
There was so much removed from life without having to be afraid of being hurt or dying. I couldn ’ t remember what it was like from before my ReBase™. But there were so many testimonials on the net of people who had gotten out of their contracts and people who didn ’ t have a ReBase™, that the majority of humans were not living a human life anymore.
What ’ s the point in living life if you ’ re not really living? Isn ’ t it just a set of experiences then? I ’ d had enough of experiences and was choosing to start living my life. Even though it was a lot harder as my almost fifty bio year old self than it was in my twenty-five bio year old ReBase™.
I ’ d always been fascinated by birds and flying my entire life though. But horrifically scared of flying as well. For no good reason, obviously there was nothing to be scared about. Any kind of aircraft crash would only cost me two-million dollars in debit, with an unlimited time to pay it off. And most of that would be covered by insurance because of the accidental nature of my ReStart™ anyway. If there was one constant thing throughout my life though, other than ReStart™, was that I was always dreaming of flying. I had the urge to feel the air surrounding me, to be as close to weightless as possible. To be able to be like a bird and swoop around the sky on a whim. But I ’ d avoided flying on an aircraft as much as possible. I had only done it a few dozen times in my ninety-year life to date.
So here I was. Seven kilometres above the earth ’ s surface staring out the window at the domain that would become my home for ten minutes. Vast, empty, air. The wingsuit that I was wearing suited me to a tee. It was made of a series of dark metallic scales with white and red ornate patterns over my back and running down my legs. The parachute on my back was not even as close to being as heavy as I thought. I had the impression that it would slow me down and make me sluggish. Not the case at all.
My stomach felt as if it was going to come out of my mouth. Reasonable thought had left my mind. What ’ s worse was that I knew it as well. I still hadn ’ t learned to control myself in the midst of my fears. I ’ d been meaning to put some effort into getting way more mental control for about a decade, but I ’ d never gotten around to it. With my new lifespan, being less than infinite, it was really something that I should go and do.
The instructor was in front of me giving me the last of the instructions. But it was like he wasn ’ t speaking English. I could barely hear him over the beating of my heart in my chest and just general lack of comprehension. And this was just from being on a plane. Let alone getting out of the aircraft. In what seemed life five seconds he pulled on the straps on my parachute, turned and opened the door and gestured for me to go to it.
Somehow I put one foot in front of the other and approached the door. It was sheer, stupid, stubbornness that kept me doing it. I peaked my head towards the opening and shuddered involuntarily.
It occurred to me that these may be the last moments of my life if something went wrong. I have no idea if I ’ m still eligible for a ReStart™ or not, or whether the clock has ticked by and I ’ m now on borrowed time. I also didn ’ t know if I was a copy in a long line of copies of myself at my ReBase™ or if I was my actual self who had managed to cheat death for seventy odd years. In the end I was my choices. I could choose to be afraid of this situation and what I was about to do. Or I could choose to not be afraid. It was all a series of choices after all. And what would it make me if I chose to be afraid and chose to jump out anyway. Wouldn ’ t that be better? It was time for me to start living, even if these may be the last moments of my life. So I jumped."
gemma,Gemma-2-9B,0,"When you reach the age of 25, you will respawn back to 25 anytime you die. When you reach age 50, you no longer respawn if you die.","The flyer had said, ""Live Life to the Fullest. It's a Matter of Seconds."" It wasn't a bold claim, not really. The kind of thing you see plastered on motivational posters in dingy gyms. But this was different. This was an offer. A guarantee. 

I was 23 when I stumbled upon it, hidden in the back corner of a dusty bookstore. An aging shopkeeper, eyes clouded with something akin to knowing, had watched me flip through its pages. ""Curious?"" he'd rasped, his voice like dry leaves rustling. 

I was curious. I was always curious. This flyer, this cryptic promise, resonated with a primal fear and an exhilarating thrill I couldn't explain. It wasn't about immortality, not exactly. It was about the reset. 

Age 25. 

That was the magic number. Die, and you wake up at 25, memory intact, soul a little older, a little wiser. But only until you hit 50. After that, death was permanent. 

The weight of that knowledge settled into my bones like a second skin. I took a deep breath, the scent of aging paper filling my lungs, and signed the contract.

My first death came unexpectedly, a reckless motorcycle ride ending in a crumpled wreck. I woke up in a hospital bed, the smell of antiseptic sharp in my nostrils. Twenty-five. I was twenty-five again. I felt it, a hum deep within me, a reset button pressed. 

The knowledge fueled my recklessness. I climbed mountains, raced cars, fell in love and lost. Each time I died, a part of me shed, a part of me reborn.  I learned to live without fear, embracing the adrenaline rush of the unknown. 

I collected scars, souvenirs of my adventures, each one a whisper of a past life.

Years bled into decades. I saw friends age, their faces etched with the lines of worry, their laughter a little less bright. I watched as the world changed, technology evolving at a dizzying pace. I was a constant, a flicker in the ever-changing landscape.

Then came my fortieth birthday. A milestone, a turning point. I felt a shift, a subtle yet undeniable change in the hum within me. It was a warning. A countdown.

I lived my forties differently. I focused on experiences, on building meaningful connections, on leaving my mark on the world. I savored every sunset, every laugh shared, every touch that warmed my skin. 

I loved fiercely, mourned deeply, and learned to appreciate the fragility of life.

My fiftieth birthday arrived, a silent specter looming over me. It wasn't fear that gripped me, but a profound sense of peace. I had lived a life overflowing with experiences, a tapestry woven with joy, sorrow, and everything in between. 

One crisp autumn morning, as I stood on a windswept cliff overlooking the ocean, I felt a sense of completion. I closed my eyes, taking one last deep breath of the salty air, and let go.

There was no pain, no terror, just a gentle fading, a slow descent into darkness. And then, silence.  

This time, there was no resurrection.  No hum, no return. Only the vast, unending silence."
gemma,Gemma-2-9B,1,"When you reach the age of 25, you will respawn back to 25 anytime you die. When you reach age 50, you no longer respawn if you die.","The world shimmered, a kaleidoscope of fractured light before snapping back into focus. The familiar scent of pine needles and damp earth filled my nostrils. I coughed, sitting up, my head throbbing. The image of a gnarled oak, moss clinging to its ancient bark, swam before my eyes. My hand instinctively went to the gash on my forehead, the sting still fresh. I’d fallen, just like I’d fallen countless times before.  This was my reality.

Every time I died, at the age of 25, I’d wake up here, beneath the oak, with only a faint memory of the incident that took my life. The first few times, the repetition had been terrifying. Each death, a fresh wound on the soul, a brutal reminder of the fragility of life. But the fear had dulled over time, replaced by a cold acceptance. It was like waking up from a bad dream, the nightmare dissipating as the sun rose.

I knew I couldn't die before 50.  I'd heard the whispers, the stories passed down through generations.  Fifty was the age of finality. After that, the respawn wouldn’t come.

Life, I’d learned, became a series of calculated risks.  I’d push my limits, testing the boundaries of my mortality. I'd climbed mountains, raced cars, flown planes, all the while knowing I had a built-in safety net. The consequences of failure were, for a while, muted. But the thrill, the exhilaration of flirting with death, it was intoxicating.

Then, I met her.

Her name was Elara. She was an artist, her hands calloused and stained with paint, her eyes filled with a fire that mirrored my own. We fell in love, a whirlwind of passion and laughter.  She painted my world in vibrant hues, a stark contrast to the monochrome existence I’d inhabited for so long.

For the first time, I wanted to live, not just exist. I wanted to build a life, a future with her.  

But my past haunted me. I couldn't bring myself to tell her about the curse, about the ticking clock that determined my fate. I kept her at arm's length, convinced that she deserved better, deserved someone who could offer her a life without the shadow of death hanging over them.

Years passed, turning into decades. Elara aged gracefully, her beauty only deepening with time. I remained frozen, 25 forever.  The weight of my secret grew heavier with each passing day.

One autumn evening, we were walking hand-in-hand through a sun-dappled forest. It was her favorite place.  Suddenly, a rogue branch snapped, falling with unexpected force. It struck Elara in the head, silencing her laughter mid-sentence. 

Time stopped. My breath hitched, the world spinning around me. The familiar tingling sensation, the precursor to my respawn, did not come. Elara lay still in my arms, her hand clutching mine, her eyes staring blankly at the sky. This time, the respawn wouldn't come. 

The world faded to black."
gemma,Gemma-2-9B,2,"When you reach the age of 25, you will respawn back to 25 anytime you die. When you reach age 50, you no longer respawn if you die.","The first time I died, I was 27.  Riding my motorcycle, adrenaline coursing through me like a jolt of electricity, I didn't see the truck until it was too late.  I woke up in a hospital bed, the sterile scent of disinfectant assaulting my nostrils, a vague echo of the crash ringing in my ears. My family was there, faces pale with relief, murmuring about miracles. I was a miracle, they said. I had no memory of the accident, only a gaping hole where the experience should have been. 

My best friend, Liam, however, knew. He told me, with a grim smile, ""Don't worry, kid. You're immortal.  At least, for a while.""

I dismissed it as a joke, a morbid attempt to lighten the mood. But then it happened again, and again, and again. Each time, a reckless burst of speed, a moment of bravado, a slip of the wrist. Each time, a sudden, jarring halt, the world spinning before fading to black. Then, back to the hospital, back to Liam's quiet whisper, “Welcome back, champ. Twenty-five again.""

The world became a strange, twisted game.  I lived life on fast-forward, always pushing the limits, chasing the rush.  I jumped out of planes without parachutes, raced cars on winding mountain roads, climbed treacherous cliffs with only a rope and sheer willpower.  Fear was a foreign concept, replaced by a thrilling, exhilarating sense of invulnerability.  

I built a legacy of near-death experiences, whispered legends about the boy who never died. My name became synonymous with recklessness, my life a cocktail of adrenaline and fleeting moments.  But beneath the thrill, a gnawing emptiness grew.

As I neared my fiftieth birthday, the novelty of immortality began to wear off. The constant resets, the endless cycle of 25, started to feel more like a curse than a gift.

I saw the fear in Liam's eyes, the exhaustion in his voice as he explained the truth. ""You'll die for good this time, mate.  At 50, the game ends.""

It felt like a punch to the gut. Suddenly, my past reckless choices didn't seem thrilling anymore, they seemed reckless. I'd traded a lifetime of ordinary joys for fleeting adrenaline highs, convinced myself that living fast was living at all.  But what good was a lifetime of fast if it was ultimately fleeting?

The day I turned fifty, I took a walk. Not a fast walk, not a reckless walk, just a slow, deliberate walk in the woods.  I listened to the birdsong, the rustling leaves, the quiet whisper of the wind.  I took a deep breath, the fresh air filling my lungs.

The fear was still there, but it wasn't consuming me anymore. It was a whisper, a reminder that this life, this moment, was precious.

I stood at the edge of a cliff, the wind whipping through my hair. This time, I didn't feel the urge to jump. I didn't feel the need to prove anything.  

I just stood there, a sense of calm washing over me. It wasn't fearlessness, it was acceptance.  I was ready."
gemma,Gemma-2-9B,3,"When you reach the age of 25, you will respawn back to 25 anytime you die. When you reach age 50, you no longer respawn if you die.","The flickering neon sign cast a sickly green glow on the rain-slicked pavement. I huddled deeper into my threadbare coat, pulling the collar up to shield myself from the biting wind. Twenty-four years, 11 months, and three days. That's how long I had left before the reset. 

I knew the rules. It was a strange, morbid certainty etched into the fabric of my being. At 25, I'd rewind, back to the start, ready to live it all again.  But at 50, the clock stopped. No more do-overs, no second chances. One shot at a real life.

It wasn't a secret, this cyclical existence. Everyone knew. It was the unspoken pact we all lived under. You learned to be careful, to make choices with more weight, knowing they wouldn't just disappear with the next respawn.

I had already lived through twenty-four cycles. Twenty-four times I'd known the sting of loss, the sting of betrayal, the sting of failing to live up to my own expectations. Each life started the same, a fresh canvas, but the strokes I painted, the choices I made, always seemed to lead to the same bleak corners.

This time, though, something felt different. Maybe it was the grey streak in my hair, a reminder of the years that were slipping through my fingers, or the weariness that clung to my bones like a shroud. Maybe it was the city itself, a decaying monument to a forgotten promise, mirroring the slow decay of hope in my heart.

I reached the edge of the alley, the air thick with the stench of damp garbage and stale despair. The bar entrance was a blur of neon and laughter. Inside, people were lost in their own worlds, chasing fleeting moments of joy. I saw reflections of past selves in their faces, each one haunted by the same unspoken fear.

A familiar ache bloomed in my chest. This was it. I knew the loop, the predictable pattern of my life. The night would end in a bar brawl, fueled by cheap whiskey and simmering resentment. I'd end up in the hospital, the sterile white walls a mocking reminder of my mortality.

But this time, something shifted. The ache morphed into a quiet defiance. I didn't want to follow the script anymore. I wanted to break the cycle, even if it meant facing the darkness head-on.

Taking a deep breath, I turned away from the bar, the neon sign receding into a fading memory. The rain had stopped, leaving the city slick and gleaming under the pale moonlight. Ahead, a lone street lamp cast a fragile pool of light, beckoning me towards the unknown. Maybe this time, I wouldn't respawn. Maybe this time, I'd finally find a way out."
gemma,Gemma-2-9B,4,"When you reach the age of 25, you will respawn back to 25 anytime you die. When you reach age 50, you no longer respawn if you die.","Rain lashed against the bakery window, blurring the warm glow within. At the counter, I watched the baker, a woman with flour-dusted hands and a tired smile, deftly weave pastry dough. My reflection stared back at me, a ghostly image distorted by the downpour. Twenty-five. The number echoed in my head, a stark reminder of the life I’d been given.

It started when I was a teenager. A freak accident, a runaway car, a shattering impact. I woke up in a hospital bed, my bruised body aching, a doctor’s kind smile above me. ""You're lucky, sweetheart,"" he said. ""A miracle, really."" A miracle. Because no one else had survived the crash.

The whispers started soon after. A glitch in the system, they called it. A strange anomaly. I was told it was a secret, something that couldn't be shared. My 'gift' – as they called it – was to respawn at 25 upon death. Each time I died, a fresh start, a second chance.

I lived recklessly. I climbed mountains, raced motorcycles, pushed myself to the edge, knowing death wouldn't be the end. My friends grew older, their laughter lines deepening, their hair streaked with gray. I remained frozen at 25, a perpetual youth in a world that moved on without me.

There was a darkness to it, a hollow ache. I had witnessed too much life, too much death, and I was forever an outsider, a ghost in my own life. I had loved and lost, again and again, each time the memory fading like a wisp of smoke.

Then came the whispers about the 50-year mark. That's when the reset stopped. 50 years, they said, and you die for good.

Suddenly, my life took on a new urgency. The thrill of living on borrowed time, of pushing boundaries, evaporated. I craved connection, something lasting, something more than fleeting moments in a perpetual cycle.

I found it, unexpectedly, in a bookstore. A woman with eyes the color of aged parchment and a smile that crinkled at the corners. She was reading poetry, her voice a soft melody. We spoke for hours, sharing stories, dreams, regrets.

Her name was Eleanor, and she was 48. We fell in love, a love tempered by time and the knowledge of its preciousness. We made plans, wrote poems, built a life together, each day a celebration of the moment.

But the 50th birthday loomed, a dark cloud on the horizon. The fear was a constant companion, a whispering monster in the shadows.

""Don't be afraid,"" Eleanor said, her hand in mine, her touch grounding me. ""Live. Love. Breathe.""

On my 50th birthday, we sat on our porch, the sun setting, painting the sky in hues of gold and crimson. We held each other close, the world a silent symphony around us.

Then, the rain came. Heavy, relentless, drumming against the roof.

Eleanor was right. Live. Love. Breathe.

I closed my eyes, her warmth enveloping me, and let go."
