metric,source,n_prompts,mean_3humans,ci_lo_3humans,ci_hi_3humans,formatted
D_sem,gemma,130,-0.0068885479243392,-0.0117603312942207,-0.0023663711739528,"-0.007 [-0.012, -0.002] (n=130)"
D_sem,llama,132,-0.001865503249646,-0.0070557438152581,0.0032764053651404,"-0.002 [-0.007, 0.003] (n=132)"
D_sem,mistral,132,0.0051183428928908,-0.0001318537674041,0.0103498979009411,"0.005 [-0.0, 0.01] (n=132)"
D_sem,qwen,118,-0.0049564898912067,-0.0106590758365791,0.0004077673958098,"-0.005 [-0.011, 0.0] (n=118)"
D_lex,gemma,130,-0.0071795598440467,-0.0130367578187363,-0.0006547976955924,"-0.007 [-0.013, -0.001] (n=130)"
D_lex,llama,132,0.0095027002348258,0.0029864272474979,0.0165377687572628,"0.01 [0.003, 0.017] (n=132)"
D_lex,mistral,132,0.0165122211058499,0.0100174885228256,0.0237282900997064,"0.017 [0.01, 0.024] (n=132)"
D_lex,qwen,118,0.0040022108139141,-0.0028211644350133,0.011556819854556,"0.004 [-0.003, 0.012] (n=118)"
D_syn,gemma,130,0.0068278212075614,0.0015458848081673,0.0121174519776238,"0.007 [0.002, 0.012] (n=130)"
D_syn,llama,132,0.0075201759237051,0.0019726168929998,0.0133982668430474,"0.008 [0.002, 0.013] (n=132)"
D_syn,mistral,132,0.0166323829285022,0.0109122931831762,0.0224838197983206,"0.017 [0.011, 0.022] (n=132)"
D_syn,qwen,118,0.0097464657617607,0.0037006057971285,0.0162228531293621,"0.01 [0.004, 0.016] (n=118)"
D_disc,gemma,129,-0.0013133468233708,-0.0049517131761606,0.00257626868276,"-0.001 [-0.005, 0.003] (n=129)"
D_disc,llama,131,-0.0008545036800325,-0.0039186903665226,0.0021767861426877,"-0.001 [-0.004, 0.002] (n=131)"
D_disc,mistral,130,0.0007266194687038,-0.0031618699093949,0.0046665899152382,"0.001 [-0.003, 0.005] (n=130)"
D_disc,qwen,117,-0.0014597391923782,-0.0049190917500067,0.0016758297965032,"-0.001 [-0.005, 0.002] (n=117)"
D_narr,gemma,118,-0.111333192705102,-0.1995997447992952,-0.0207628793095394,"-0.111 [-0.2, -0.021] (n=118)"
D_narr,llama,119,-0.120846805417968,-0.2115446214140564,-0.0279677512838121,"-0.121 [-0.212, -0.028] (n=119)"
D_narr,mistral,119,-0.0635174385596242,-0.1615519957870465,0.0382681950603118,"-0.064 [-0.162, 0.038] (n=119)"
D_narr,qwen,107,-0.136809830080704,-0.2242596512375421,-0.0463919215857532,"-0.137 [-0.224, -0.046] (n=107)"
D_style,gemma,130,-0.0136179003236853,-0.0273255740028293,0.0011378352501323,"-0.014 [-0.027, 0.001] (n=130)"
D_style,llama,132,-0.0023352976231756,-0.0169640206709398,0.0134573293861112,"-0.002 [-0.017, 0.013] (n=132)"
D_style,mistral,132,0.0248002681395661,0.0087134691977905,0.0415868845721569,"0.025 [0.009, 0.042] (n=132)"
D_style,qwen,118,0.0043174459758441,-0.0128751463646228,0.0226841149586217,"0.004 [-0.013, 0.023] (n=118)"
