metric,source,model,n_prompts,mean,median,ci_lo,ci_hi,formatted
D_sem,gemma,Gemma-2-9B,178,-0.0037079002545418,-0.0012019654115041,-0.0079735809586798,0.0008114807273653,"-0.004 (med -0.001) [-0.008, 0.001] (n=178)"
D_sem,llama,Llama-3.1-8B,178,0.0012940352264042,0.0036900247136751,-0.0032698025601856,0.0058734178795629,"0.001 (med 0.004) [-0.003, 0.006] (n=178)"
D_sem,mistral,Mistral-7B-v0.3,178,0.0101655878931209,0.0085839028159777,0.0053633658784545,0.0156378601835261,"0.01 (med 0.009) [0.005, 0.016] (n=178)"
D_sem,qwen,Qwen2.5-7B,178,-0.0021091370045506,7.884899775187071e-05,-0.0068514302118091,0.0028365883869927,"-0.002 (med 0.0) [-0.007, 0.003] (n=178)"
D_lex,gemma,Gemma-2-9B,179,0.0016248963352734,-0.0098433754260819,-0.0043508852522411,0.0079524040523116,"0.002 (med -0.01) [-0.004, 0.008] (n=179)"
D_lex,llama,Llama-3.1-8B,179,0.0185889053893211,0.0090244041864469,0.0124706612441699,0.025093912866968,"0.019 (med 0.009) [0.012, 0.025] (n=179)"
D_lex,mistral,Mistral-7B-v0.3,179,0.0270171898045571,0.0165279108495894,0.0204459729737866,0.0340891238579666,"0.027 (med 0.017) [0.02, 0.034] (n=179)"
D_lex,qwen,Qwen2.5-7B,179,0.0137594025987651,0.0016380290330347,0.007081306299639,0.0207917230759375,"0.014 (med 0.002) [0.007, 0.021] (n=179)"
D_syn,gemma,Gemma-2-9B,179,0.0107497945964463,0.0099763854763166,0.0063921623736867,0.0154206468182233,"0.011 (med 0.01) [0.006, 0.015] (n=179)"
D_syn,llama,Llama-3.1-8B,179,0.0118533954416258,0.0068496528255122,0.007059765765884,0.016889088573207,"0.012 (med 0.007) [0.007, 0.017] (n=179)"
D_syn,mistral,Mistral-7B-v0.3,179,0.0211776257795989,0.0153545532154244,0.0160121445860025,0.0266835998853335,"0.021 (med 0.015) [0.016, 0.027] (n=179)"
D_syn,qwen,Qwen2.5-7B,179,0.0108246937536271,0.0090558746473868,0.0059739631989203,0.0159307421911397,"0.011 (med 0.009) [0.006, 0.016] (n=179)"
D_disc,gemma,Gemma-2-9B,174,-0.0012424393776912,-0.0014894977085947,-0.0039081012749539,0.0015129625026067,"-0.001 (med -0.001) [-0.004, 0.002] (n=174)"
D_disc,llama,Llama-3.1-8B,174,0.0001157655997088,-0.0002131351573131,-0.0022653627587209,0.0025279828035516,"0.0 (med -0.0) [-0.002, 0.003] (n=174)"
D_disc,mistral,Mistral-7B-v0.3,174,0.0016099037125942,0.0005451156398558,-0.0012783634153997,0.0045575337605419,"0.002 (med 0.001) [-0.001, 0.005] (n=174)"
D_disc,qwen,Qwen2.5-7B,174,-0.0003917615518099,-0.0004213228551409,-0.0027596085757571,0.0019159784798051,"-0.0 (med -0.0) [-0.003, 0.002] (n=174)"
D_narr,gemma,Gemma-2-9B,153,-0.0774099885481788,-0.0685288701936772,-0.1504638249370356,-0.0060106890204529,"-0.077 (med -0.069) [-0.15, -0.006] (n=153)"
D_narr,llama,Llama-3.1-8B,153,-0.067423329050892,-0.0682382390166146,-0.1417550375137909,0.0050324946564104,"-0.067 (med -0.068) [-0.142, 0.005] (n=153)"
D_narr,mistral,Mistral-7B-v0.3,153,-0.0317697491033372,-0.0580368470668835,-0.1102914374904034,0.0457316871051161,"-0.032 (med -0.058) [-0.11, 0.046] (n=153)"
D_narr,qwen,Qwen2.5-7B,153,-0.0823163443499377,-0.147997936017375,-0.1546801512208804,-0.0116983528053739,"-0.082 (med -0.148) [-0.155, -0.012] (n=153)"
D_style,gemma,Gemma-2-9B,179,-0.007425110095572,-0.0110388619554797,-0.0194834418439553,0.0054871764243708,"-0.007 (med -0.011) [-0.019, 0.005] (n=179)"
D_style,llama,Llama-3.1-8B,179,0.0051447555838601,0.0068774775876788,-0.0074303927190589,0.0182519512047322,"0.005 (med 0.007) [-0.007, 0.018] (n=179)"
D_style,mistral,Mistral-7B-v0.3,179,0.0335188844220733,0.0173336342512363,0.0198521664907483,0.0480321786043164,"0.034 (med 0.017) [0.02, 0.048] (n=179)"
D_style,qwen,Qwen2.5-7B,179,0.0104712800109296,-0.0070213053084581,-0.0040844756569194,0.0258183059747596,"0.01 (med -0.007) [-0.004, 0.026] (n=179)"
