metric,source,model,rho_length,p_length,n,domain
D_sem,gemma,Gemma-2-9B,0.2784165360260713,6.838835011425865e-05,199,storytelling_n200
D_sem,llama,Llama-3.1-8B,0.3326543066294997,1.5824778284412471e-06,199,storytelling_n200
D_sem,mistral,Mistral-7B-v0.3,0.2580859822163969,0.0002329025388495,199,storytelling_n200
D_sem,qwen,Qwen2.5-7B,0.3031886706258566,1.3431186763690327e-05,199,storytelling_n200
D_lex,gemma,Gemma-2-9B,0.2435779226267819,0.0005266813496611,199,storytelling_n200
D_lex,llama,Llama-3.1-8B,0.2683905392076253,0.0001266801097825,199,storytelling_n200
D_lex,mistral,Mistral-7B-v0.3,0.0703616835547803,0.3233753428084371,199,storytelling_n200
D_lex,qwen,Qwen2.5-7B,0.2597746307294046,0.0002111393575763,199,storytelling_n200
D_syn,gemma,Gemma-2-9B,-0.0056281449886912,0.937115964356812,199,storytelling_n200
D_syn,llama,Llama-3.1-8B,-0.0238678330546054,0.7379088673618908,199,storytelling_n200
D_syn,mistral,Mistral-7B-v0.3,-0.1479466072585029,0.0370342767483206,199,storytelling_n200
D_syn,qwen,Qwen2.5-7B,-0.1180219278209228,0.0968695248642743,199,storytelling_n200
D_disc,gemma,Gemma-2-9B,0.07397371248191,0.2990944909282778,199,storytelling_n200
D_disc,llama,Llama-3.1-8B,-0.0597358229541016,0.4019646121797612,199,storytelling_n200
D_disc,mistral,Mistral-7B-v0.3,-0.231144446149113,0.0010207308684167,199,storytelling_n200
D_disc,qwen,Qwen2.5-7B,-0.1509060453784071,0.0333718919220922,199,storytelling_n200
D_narr,gemma,Gemma-2-9B,-0.1781414932565815,0.0122628530010461,197,storytelling_n200
D_narr,llama,Llama-3.1-8B,-0.2505620212911006,0.0003834148101995,197,storytelling_n200
D_narr,mistral,Mistral-7B-v0.3,-0.3202169525791226,4.491757173097694e-06,197,storytelling_n200
D_narr,qwen,Qwen2.5-7B,-0.2952450015539211,2.5326988469203425e-05,197,storytelling_n200
D_style,gemma,Gemma-2-9B,-0.0610347655206249,0.3917897948143348,199,storytelling_n200
D_style,llama,Llama-3.1-8B,-0.0719004385185214,0.3128798194942807,199,storytelling_n200
D_style,mistral,Mistral-7B-v0.3,-0.1791724452461091,0.011336863283804,199,storytelling_n200
D_style,qwen,Qwen2.5-7B,-0.138905131719202,0.0503886594336656,199,storytelling_n200
D_sem,gemma,Gemma-2-9B,0.4506915287693476,3.807556882989723e-11,195,translation_ref3
D_sem,llama,Llama-3.1-8B,0.3835449037574169,2.2470795441432386e-08,199,translation_ref3
D_sem,mistral,Mistral-7B-v0.3,0.3366803715547434,1.160623119057496e-06,199,translation_ref3
D_sem,qwen,Qwen2.5-7B,0.3732793947134034,2.4569742596090066e-07,180,translation_ref3
D_lex,gemma,Gemma-2-9B,0.3875561654395769,2.0004651917258147e-08,196,translation_ref3
D_lex,llama,Llama-3.1-8B,0.4580502777970042,9.114561449464184e-12,200,translation_ref3
D_lex,mistral,Mistral-7B-v0.3,0.4040666016650416,2.965280306511486e-09,200,translation_ref3
D_lex,qwen,Qwen2.5-7B,0.5450332352149342,2.1482999533389865e-15,181,translation_ref3
D_syn,gemma,Gemma-2-9B,0.1622624835001348,0.0230730015193877,196,translation_ref3
D_syn,llama,Llama-3.1-8B,0.3774925607156441,3.5816605930916095e-08,200,translation_ref3
D_syn,mistral,Mistral-7B-v0.3,0.3841146028650717,1.96501857437003e-08,200,translation_ref3
D_syn,qwen,Qwen2.5-7B,0.4602447334152614,7.097750357942271e-11,181,translation_ref3
D_disc,gemma,Gemma-2-9B,0.2858049169946116,5.352798538955553e-05,194,translation_ref3
D_disc,llama,Llama-3.1-8B,0.2511754863876401,0.000345591273056,199,translation_ref3
D_disc,mistral,Mistral-7B-v0.3,0.2267289377204434,0.0013177142367287,198,translation_ref3
D_disc,qwen,Qwen2.5-7B,0.3204947894430427,1.1535095311405333e-05,180,translation_ref3
D_narr,gemma,Gemma-2-9B,0.0855216536220579,0.2510076594148906,182,translation_ref3
D_narr,llama,Llama-3.1-8B,0.1526704029652231,0.0380194196163124,185,translation_ref3
D_narr,mistral,Mistral-7B-v0.3,0.1896326901937,0.0097293479423966,185,translation_ref3
D_narr,qwen,Qwen2.5-7B,0.1370221980785183,0.0756576461850978,169,translation_ref3
D_style,gemma,Gemma-2-9B,0.4579218917425879,1.4959783215339373e-11,196,translation_ref3
D_style,llama,Llama-3.1-8B,0.4555722019058909,1.216186798379025e-11,200,translation_ref3
D_style,mistral,Mistral-7B-v0.3,0.3880792019800495,1.3629625554775444e-08,200,translation_ref3
D_style,qwen,Qwen2.5-7B,0.50059245602646,7.174091727404204e-13,181,translation_ref3
