prompt_id,source,D_narr_entropy
0,gemma,1.5219280948873626
0,human,1.459147917027245
0,llama,1.370950594454669
0,mistral,0.0
0,qwen,0.7219280948873623
1,gemma,2.3219280948873626
1,human,2.1219280948873624
1,llama,0.9709505944546688
1,mistral,0.9709505944546688
1,qwen,0.9709505944546688
2,gemma,0.7219280948873623
2,human,1.2806721295208872
2,llama,1.370950594454669
2,mistral,0.9709505944546688
2,qwen,0.7219280948873623
3,gemma,0.9709505944546688
3,human,0.7219280948873623
3,llama,0.7219280948873623
3,mistral,1.9219280948873625
3,qwen,1.5219280948873626
4,gemma,1.370950594454669
4,human,1.9254106352407239
4,llama,1.5219280948873626
4,mistral,0.9709505944546688
4,qwen,1.5219280948873626
5,gemma,1.370950594454669
5,human,0.9709505944546688
5,llama,0.9709505944546688
5,mistral,1.9219280948873625
5,qwen,1.370950594454669
6,gemma,0.7219280948873623
6,human,1.7527152789797051
6,llama,0.7219280948873623
6,mistral,0.0
6,qwen,0.7219280948873623
7,gemma,1.9219280948873625
7,human,1.7872087135702293
7,llama,1.5219280948873626
7,mistral,1.9219280948873625
7,qwen,1.9219280948873625
8,gemma,1.370950594454669
8,human,1.5219280948873626
8,llama,1.5219280948873626
8,mistral,1.5
8,qwen,0.9709505944546688
9,gemma,1.5219280948873626
9,human,2.2359263506290334
9,llama,1.5219280948873626
9,mistral,0.7219280948873623
9,qwen,1.5219280948873626
10,gemma,0.7219280948873623
10,human,2.0652936884983384
10,llama,1.370950594454669
10,mistral,0.7219280948873623
10,qwen,0.9709505944546688
11,gemma,0.9709505944546688
11,human,1.6644977792004614
11,llama,1.370950594454669
11,mistral,0.7219280948873623
11,qwen,1.5219280948873626
12,gemma,0.9709505944546688
12,human,0.6500224216483541
12,llama,1.5219280948873626
12,mistral,0.0
12,qwen,0.7219280948873623
13,gemma,1.5219280948873626
13,human,1.4056390622295665
13,llama,0.0
13,mistral,0.7219280948873623
13,qwen,0.7219280948873623
14,gemma,1.9219280948873625
14,human,0.8112781244591328
14,llama,1.9219280948873625
14,mistral,1.370950594454669
14,qwen,0.7219280948873623
15,gemma,0.9709505944546688
15,human,0.8683927290103626
15,llama,0.9709505944546688
15,mistral,1.370950594454669
15,qwen,0.7219280948873623
16,gemma,1.9219280948873625
16,human,1.6752943133049487
16,llama,1.9219280948873625
16,mistral,0.8112781244591328
16,qwen,1.370950594454669
17,gemma,2.3219280948873626
17,human,0.8166890883150209
17,mistral,0.7219280948873623
17,qwen,0.9709505944546688
18,gemma,1.9219280948873625
18,human,1.1567796494470395
18,llama,1.370950594454669
18,mistral,0.7219280948873623
18,qwen,1.9219280948873625
19,gemma,0.7219280948873623
19,human,1.1488348542809168
19,llama,1.370950594454669
19,mistral,0.9709505944546688
19,qwen,1.370950594454669
20,gemma,0.7219280948873623
20,human,1.0214554656116668
20,llama,1.5219280948873626
20,mistral,0.9709505944546688
20,qwen,1.370950594454669
21,gemma,1.5219280948873626
21,human,0.7219280948873623
21,llama,1.370950594454669
21,mistral,1.5219280948873626
21,qwen,1.9219280948873625
22,gemma,0.7219280948873623
22,human,0.7219280948873623
22,llama,1.370950594454669
22,mistral,2.0
22,qwen,1.370950594454669
23,gemma,1.9219280948873625
23,human,1.9182958340544896
23,llama,0.9709505944546688
23,mistral,0.7219280948873623
23,qwen,0.7219280948873623
24,gemma,1.9219280948873625
24,human,1.6854752972273344
24,llama,1.9219280948873625
24,mistral,0.9709505944546688
24,qwen,0.9709505944546688
25,gemma,0.9709505944546688
25,human,2.0381596816459533
25,llama,0.7219280948873623
25,mistral,0.9709505944546688
25,qwen,0.7219280948873623
26,gemma,0.9709505944546688
26,human,1.3516441151533924
26,llama,1.370950594454669
26,mistral,1.370950594454669
26,qwen,1.9219280948873625
27,gemma,1.370950594454669
27,llama,1.9219280948873625
27,mistral,0.7219280948873623
27,qwen,0.9709505944546688
28,gemma,1.9219280948873625
28,human,0.7219280948873623
28,llama,0.9709505944546688
28,mistral,0.0
28,qwen,1.9219280948873625
29,gemma,0.7219280948873623
29,human,1.2987949406953987
29,llama,1.9219280948873625
29,mistral,0.9709505944546688
29,qwen,1.9219280948873625
30,gemma,1.370950594454669
30,human,1.8365916681089793
30,llama,2.3219280948873626
30,mistral,0.9709505944546688
30,qwen,0.0
31,gemma,1.5219280948873626
31,human,1.7924812503605783
31,llama,1.370950594454669
31,mistral,0.0
31,qwen,0.0
32,gemma,1.9219280948873625
32,human,0.9709505944546688
32,llama,1.9219280948873625
32,mistral,0.7219280948873623
32,qwen,0.9709505944546688
33,gemma,1.370950594454669
33,human,1.9182958340544896
33,llama,1.370950594454669
33,mistral,0.0
33,qwen,1.370950594454669
34,gemma,0.0
34,human,0.9709505944546688
34,llama,0.0
34,mistral,0.0
34,qwen,0.0
35,gemma,0.9709505944546688
35,human,2.130038534143808
35,llama,0.9709505944546688
35,mistral,0.9709505944546688
35,qwen,1.370950594454669
36,gemma,1.5219280948873626
36,human,0.9709505944546688
36,llama,1.5219280948873626
36,mistral,1.5219280948873626
36,qwen,1.5219280948873626
37,gemma,1.5219280948873626
37,human,1.8365916681089793
37,llama,1.9219280948873625
37,mistral,1.0
37,qwen,1.5219280948873626
38,gemma,1.370950594454669
38,human,2.0
38,llama,0.0
38,mistral,0.0
38,qwen,0.7219280948873623
39,gemma,1.370950594454669
39,human,2.294274067192862
39,llama,1.370950594454669
39,mistral,0.8112781244591328
39,qwen,0.9709505944546688
40,gemma,1.9219280948873625
40,human,0.7219280948873623
40,llama,1.9219280948873625
40,mistral,1.370950594454669
40,qwen,1.5219280948873626
41,gemma,0.0
41,human,1.950212064914747
41,llama,0.0
41,mistral,0.0
41,qwen,0.7219280948873623
42,gemma,1.5219280948873626
42,human,2.1868167719772558
42,llama,1.9219280948873625
42,mistral,0.0
42,qwen,1.5219280948873626
43,gemma,1.5219280948873626
43,human,1.1488348542809168
43,llama,2.3219280948873626
43,mistral,1.5219280948873626
43,qwen,0.9709505944546688
44,gemma,1.370950594454669
44,human,1.370950594454669
44,llama,1.9219280948873625
44,mistral,0.0
44,qwen,0.7219280948873623
45,gemma,1.9219280948873625
45,human,1.8910611120726528
45,llama,1.370950594454669
45,mistral,0.7219280948873623
45,qwen,0.9709505944546688
46,gemma,1.5219280948873626
46,human,1.7924812503605783
46,llama,1.9219280948873625
46,mistral,1.370950594454669
46,qwen,0.9709505944546688
47,gemma,0.9709505944546688
47,human,1.6140054628542204
47,llama,0.7219280948873623
47,mistral,0.8112781244591328
47,qwen,1.5219280948873626
48,gemma,0.9709505944546688
48,human,0.46899559358928117
48,llama,0.9709505944546688
48,mistral,0.7219280948873623
48,qwen,1.5219280948873626
49,gemma,1.5219280948873626
49,human,1.9182958340544896
49,llama,1.9219280948873625
49,mistral,0.9709505944546688
49,qwen,1.9219280948873625
50,gemma,0.0
50,human,1.7924812503605783
50,llama,0.7219280948873623
50,mistral,0.0
50,qwen,0.0
51,gemma,0.0
51,human,0.5032583347756457
51,llama,0.0
51,mistral,1.9219280948873625
51,qwen,1.370950594454669
52,gemma,0.7219280948873623
52,human,1.1567796494470395
52,llama,1.9219280948873625
52,mistral,1.370950594454669
52,qwen,1.370950594454669
53,gemma,1.5219280948873626
53,human,1.370950594454669
53,llama,0.9709505944546688
53,mistral,1.5219280948873626
53,qwen,1.9219280948873625
54,gemma,1.5219280948873626
54,human,1.5219280948873626
54,llama,1.5219280948873626
54,mistral,0.0
54,qwen,1.370950594454669
55,gemma,1.5219280948873626
55,human,1.4488156357251847
55,llama,1.370950594454669
55,mistral,1.5219280948873626
55,qwen,0.9709505944546688
56,gemma,1.9219280948873625
56,human,1.4949188482339508
56,llama,1.9219280948873625
56,mistral,0.9709505944546688
56,qwen,1.5219280948873626
57,gemma,0.0
57,human,2.1280852788913944
57,llama,0.7219280948873623
57,mistral,1.9219280948873625
57,qwen,1.5219280948873626
58,gemma,1.5219280948873626
58,human,2.1258145836939115
58,llama,2.3219280948873626
58,mistral,0.7219280948873623
58,qwen,1.5219280948873626
59,gemma,1.9219280948873625
59,human,1.9219280948873625
59,llama,1.370950594454669
59,mistral,0.0
59,qwen,0.8112781244591328
60,gemma,1.9219280948873625
60,human,1.950212064914747
60,llama,2.3219280948873626
60,mistral,1.370950594454669
60,qwen,1.370950594454669
61,gemma,0.9709505944546688
61,human,1.7924812503605783
61,llama,1.5219280948873626
61,mistral,1.370950594454669
61,qwen,1.9219280948873625
62,gemma,1.5219280948873626
62,human,1.75
62,llama,1.5219280948873626
62,mistral,2.0
62,qwen,1.370950594454669
63,gemma,1.9219280948873625
63,human,0.5435644431995964
63,llama,1.9219280948873625
63,mistral,0.7219280948873623
63,qwen,1.5219280948873626
64,gemma,1.370950594454669
64,human,1.5219280948873626
64,llama,0.9709505944546688
64,mistral,0.9709505944546688
64,qwen,1.9219280948873625
65,gemma,0.7219280948873623
65,human,1.2516291673878228
65,llama,1.5219280948873626
65,mistral,1.9219280948873625
65,qwen,1.9219280948873625
66,gemma,0.7219280948873623
66,human,1.5219280948873626
66,llama,1.9219280948873625
66,mistral,0.9709505944546688
66,qwen,0.0
67,gemma,0.7219280948873623
67,human,1.5219280948873626
67,llama,1.370950594454669
67,mistral,1.9219280948873625
67,qwen,1.5
68,gemma,1.370950594454669
68,human,1.5304930567574826
68,llama,1.370950594454669
68,mistral,0.0
68,qwen,0.9709505944546688
69,gemma,0.7219280948873623
69,human,0.9709505944546688
69,llama,0.9709505944546688
69,mistral,0.9709505944546688
69,qwen,0.0
70,gemma,1.5219280948873626
70,human,2.4137995646056805
70,llama,0.0
70,mistral,0.7219280948873623
70,qwen,0.0
71,gemma,1.5219280948873626
71,human,1.370950594454669
71,llama,0.9709505944546688
71,mistral,0.9709505944546688
71,qwen,1.370950594454669
72,gemma,1.370950594454669
72,human,1.1488348542809168
72,llama,1.9219280948873625
72,mistral,1.9219280948873625
72,qwen,1.5219280948873626
73,gemma,1.370950594454669
73,human,0.9182958340544894
73,llama,0.7219280948873623
73,mistral,0.7219280948873623
73,qwen,1.9219280948873625
74,gemma,1.5219280948873626
74,human,1.719973094021975
74,llama,0.7219280948873623
74,mistral,1.5219280948873626
74,qwen,1.5219280948873626
75,gemma,1.370950594454669
75,human,1.1567796494470395
75,llama,0.9709505944546688
75,mistral,0.9709505944546688
75,qwen,0.7219280948873623
76,gemma,0.7219280948873623
76,human,1.459147917027245
76,llama,1.5219280948873626
76,mistral,0.9709505944546688
76,qwen,1.370950594454669
77,gemma,1.5219280948873626
77,human,1.459147917027245
77,llama,1.5219280948873626
77,mistral,1.5219280948873626
77,qwen,1.370950594454669
78,gemma,0.0
78,human,1.370950594454669
78,llama,1.5219280948873626
78,mistral,0.9709505944546688
78,qwen,0.7219280948873623
79,gemma,1.9219280948873625
79,human,1.950212064914747
79,llama,1.9219280948873625
79,mistral,0.9709505944546688
79,qwen,1.370950594454669
80,gemma,0.0
80,human,1.5219280948873626
80,llama,0.9709505944546688
80,mistral,1.5
80,qwen,0.7219280948873623
81,gemma,1.5219280948873626
81,human,1.2516291673878228
81,llama,1.370950594454669
81,mistral,1.9219280948873625
81,qwen,1.5219280948873626
82,gemma,1.5219280948873626
82,human,2.2062389286533897
82,llama,1.370950594454669
82,mistral,1.370950594454669
82,qwen,0.0
83,gemma,0.9709505944546688
83,human,1.3516441151533924
83,llama,0.9709505944546688
83,mistral,1.9219280948873625
83,qwen,1.5219280948873626
84,gemma,0.7219280948873623
84,human,1.7244078178625921
84,llama,1.5219280948873626
84,mistral,1.9219280948873625
84,qwen,1.5219280948873626
85,gemma,1.9219280948873625
85,human,0.6500224216483541
85,llama,1.9219280948873625
85,mistral,1.5219280948873626
85,qwen,2.3219280948873626
86,gemma,1.5219280948873626
86,human,1.965596230357602
86,llama,1.9219280948873625
86,mistral,0.0
86,qwen,1.5219280948873626
87,gemma,1.370950594454669
87,human,1.5219280948873626
87,llama,1.9219280948873625
87,mistral,1.5219280948873626
87,qwen,1.370950594454669
88,gemma,1.9219280948873625
88,human,2.3219280948873626
88,llama,0.9709505944546688
88,mistral,0.9709505944546688
88,qwen,0.7219280948873623
89,gemma,1.5219280948873626
89,human,1.0957952550009338
89,llama,1.370950594454669
89,mistral,0.9709505944546688
89,qwen,0.7219280948873623
90,gemma,0.7219280948873623
90,human,1.9219280948873625
90,llama,0.7219280948873623
90,mistral,1.370950594454669
90,qwen,1.370950594454669
91,gemma,1.5219280948873626
91,human,1.459147917027245
91,llama,1.370950594454669
91,mistral,0.0
91,qwen,1.370950594454669
92,gemma,1.370950594454669
92,human,1.459147917027245
92,llama,0.9709505944546688
92,mistral,1.9219280948873625
92,qwen,1.370950594454669
93,gemma,0.9709505944546688
93,human,2.2954656791802917
93,llama,0.8112781244591328
93,mistral,0.0
93,qwen,0.7219280948873623
94,gemma,1.9219280948873625
94,human,1.2516291673878228
94,llama,1.5219280948873626
94,mistral,1.370950594454669
94,qwen,1.5219280948873626
95,gemma,1.5219280948873626
95,human,1.5329145639793977
95,llama,1.5219280948873626
95,mistral,1.5219280948873626
95,qwen,1.9219280948873625
96,gemma,1.5219280948873626
96,human,2.0
96,llama,0.7219280948873623
96,mistral,0.0
96,qwen,0.0
97,gemma,1.9219280948873625
97,human,2.1132833342948754
97,llama,1.370950594454669
97,mistral,0.9709505944546688
97,qwen,0.7219280948873623
98,gemma,1.370950594454669
98,human,1.9219280948873625
98,llama,1.9219280948873625
98,mistral,0.7219280948873623
98,qwen,1.5219280948873626
99,gemma,1.5219280948873626
99,human,1.974937501201927
99,llama,1.5219280948873626
99,mistral,0.0
99,qwen,0.0
100,gemma,0.9709505944546688
100,human,2.099598313565133
100,llama,1.370950594454669
100,mistral,0.0
100,qwen,0.0
101,gemma,0.9709505944546688
101,human,0.954434002924965
101,llama,1.370950594454669
101,mistral,0.7219280948873623
101,qwen,0.7219280948873623
102,gemma,0.7219280948873623
102,human,1.75
102,llama,1.370950594454669
102,mistral,0.0
102,qwen,0.9709505944546688
103,gemma,1.9219280948873625
103,human,0.8904916402194913
103,llama,1.370950594454669
103,mistral,1.370950594454669
103,qwen,1.5219280948873626
104,gemma,1.370950594454669
104,human,0.7219280948873623
104,llama,0.9709505944546688
104,mistral,0.9709505944546688
104,qwen,1.5219280948873626
105,gemma,1.5219280948873626
105,human,1.8423709931771088
105,llama,1.370950594454669
105,mistral,0.7219280948873623
105,qwen,0.7219280948873623
106,gemma,1.9219280948873625
106,human,1.7924812503605783
106,llama,1.370950594454669
106,mistral,1.9219280948873625
106,qwen,1.370950594454669
107,gemma,1.5219280948873626
107,human,1.9182958340544896
107,llama,1.5219280948873626
107,mistral,0.7219280948873623
107,qwen,0.7219280948873623
108,gemma,0.9709505944546688
108,human,1.9182958340544896
108,llama,1.370950594454669
108,mistral,0.7219280948873623
108,qwen,2.3219280948873626
109,gemma,1.5219280948873626
109,human,1.3921472236645347
109,llama,1.370950594454669
109,mistral,1.5219280948873626
109,qwen,1.370950594454669
110,gemma,0.0
110,human,1.3787834934861756
110,llama,1.370950594454669
110,mistral,1.370950594454669
110,qwen,0.9709505944546688
111,gemma,1.5219280948873626
111,human,1.0
111,llama,0.7219280948873623
111,mistral,1.5219280948873626
111,qwen,0.7219280948873623
112,gemma,0.9709505944546688
112,human,1.3830999911893338
112,llama,1.370950594454669
112,mistral,0.7219280948873623
112,qwen,0.7219280948873623
113,gemma,1.5219280948873626
113,human,0.0
113,llama,0.7219280948873623
113,mistral,1.9219280948873625
113,qwen,1.5219280948873626
114,gemma,1.9219280948873625
114,human,1.061278124459133
114,llama,1.370950594454669
114,mistral,0.9709505944546688
114,qwen,1.9219280948873625
115,gemma,1.9219280948873625
115,human,1.5219280948873626
115,llama,0.9709505944546688
115,mistral,1.5219280948873626
115,qwen,1.5219280948873626
116,gemma,1.370950594454669
116,human,1.5219280948873626
116,llama,1.370950594454669
116,mistral,0.0
116,qwen,0.0
117,gemma,1.370950594454669
117,human,1.0
117,llama,0.7219280948873623
117,mistral,0.0
117,qwen,0.7219280948873623
118,gemma,1.5219280948873626
118,human,0.9864267287308426
118,llama,1.5219280948873626
118,mistral,0.0
118,qwen,0.9709505944546688
119,gemma,1.9219280948873625
119,human,1.7869930631978612
119,llama,0.9709505944546688
119,mistral,0.9709505944546688
119,qwen,0.9709505944546688
120,gemma,1.5219280948873626
120,human,2.16264411804726
120,llama,1.5219280948873626
120,mistral,0.0
120,qwen,0.7219280948873623
121,gemma,0.9709505944546688
121,human,1.1400677626718572
121,llama,0.9709505944546688
121,mistral,0.0
121,qwen,1.370950594454669
122,gemma,1.9219280948873625
122,human,1.2516291673878228
122,llama,1.370950594454669
122,mistral,0.7219280948873623
122,qwen,0.9709505944546688
123,gemma,1.370950594454669
123,human,1.459147917027245
123,llama,0.7219280948873623
123,mistral,1.370950594454669
123,qwen,0.9709505944546688
124,gemma,0.0
124,human,1.370950594454669
124,llama,1.5219280948873626
124,mistral,1.5219280948873626
124,qwen,1.584962500721156
125,gemma,0.7219280948873623
125,human,1.0534081504863568
125,llama,1.370950594454669
125,mistral,0.9709505944546688
125,qwen,1.5219280948873626
126,gemma,1.370950594454669
126,human,0.8658566174572236
126,llama,1.370950594454669
126,mistral,0.0
126,qwen,1.5219280948873626
127,gemma,1.5219280948873626
127,human,1.8423709931771088
127,llama,1.370950594454669
127,mistral,1.370950594454669
127,qwen,1.5
128,gemma,1.9219280948873625
128,human,1.459147917027245
128,llama,1.9219280948873625
128,mistral,0.7219280948873623
128,qwen,1.584962500721156
129,gemma,0.0
129,human,1.6644977792004614
129,llama,0.0
129,mistral,0.0
129,qwen,0.0
130,gemma,0.7219280948873623
130,human,1.9219280948873625
130,llama,1.9219280948873625
130,mistral,1.5219280948873626
130,qwen,1.5219280948873626
131,gemma,0.7219280948873623
131,human,1.5219280948873626
131,llama,0.7219280948873623
131,mistral,0.9709505944546688
131,qwen,0.9709505944546688
132,gemma,1.9219280948873625
132,human,0.6500224216483541
132,llama,0.7219280948873623
132,mistral,0.7219280948873623
132,qwen,1.5219280948873626
133,gemma,1.370950594454669
133,human,1.9219280948873625
133,llama,1.9219280948873625
133,mistral,1.370950594454669
133,qwen,0.7219280948873623
134,gemma,0.0
134,human,1.4488156357251847
134,llama,1.9219280948873625
134,mistral,0.0
134,qwen,0.7219280948873623
135,gemma,0.9709505944546688
135,human,0.7219280948873623
135,llama,1.9219280948873625
135,mistral,1.5
135,qwen,1.5219280948873626
136,gemma,0.0
136,human,2.3219280948873626
136,llama,0.7219280948873623
136,mistral,1.9219280948873625
136,qwen,0.7219280948873623
137,gemma,0.7219280948873623
137,human,0.8112781244591328
137,llama,0.7219280948873623
137,mistral,0.9709505944546688
137,qwen,0.9709505944546688
138,gemma,1.370950594454669
138,human,1.370950594454669
138,llama,1.9219280948873625
138,mistral,1.5219280948873626
138,qwen,1.9219280948873625
139,gemma,0.0
139,human,1.9219280948873625
139,llama,0.7219280948873623
139,mistral,0.7219280948873623
139,qwen,0.7219280948873623
140,gemma,0.0
140,human,1.459147917027245
140,llama,0.7219280948873623
140,mistral,0.0
140,qwen,0.7219280948873623
141,gemma,0.9709505944546688
141,human,0.7219280948873623
141,llama,0.0
141,mistral,1.370950594454669
141,qwen,1.5219280948873626
142,gemma,1.5219280948873626
142,human,0.0
142,llama,0.9709505944546688
142,mistral,0.0
142,qwen,0.7219280948873623
143,gemma,0.7219280948873623
143,human,1.9056390622295665
143,llama,0.7219280948873623
143,mistral,0.7219280948873623
143,qwen,1.5219280948873626
144,gemma,1.5219280948873626
144,human,2.167530280029051
144,llama,0.7219280948873623
144,mistral,0.7219280948873623
144,qwen,0.0
145,gemma,0.0
145,human,1.459147917027245
145,llama,0.9709505944546688
145,mistral,0.7219280948873623
145,qwen,0.7219280948873623
146,gemma,1.9219280948873625
146,human,1.9219280948873625
146,llama,0.0
146,mistral,0.0
146,qwen,0.7219280948873623
147,gemma,1.370950594454669
147,human,2.1800365325772657
147,llama,1.370950594454669
147,mistral,0.0
147,qwen,0.8112781244591328
148,gemma,2.3219280948873626
148,human,0.8112781244591328
148,llama,0.9709505944546688
148,mistral,0.7219280948873623
148,qwen,0.9709505944546688
149,gemma,1.370950594454669
149,human,1.0
149,llama,1.5219280948873626
149,mistral,1.370950594454669
149,qwen,0.9709505944546688
150,gemma,0.9709505944546688
150,human,0.0
150,llama,0.7219280948873623
150,mistral,0.9709505944546688
150,qwen,0.9709505944546688
151,gemma,0.9709505944546688
151,human,1.9219280948873625
151,llama,0.7219280948873623
151,mistral,1.9219280948873625
151,qwen,1.370950594454669
152,gemma,1.9219280948873625
152,human,2.251629167387823
152,llama,1.5219280948873626
152,mistral,1.370950594454669
152,qwen,1.584962500721156
153,gemma,1.5219280948873626
153,human,0.9709505944546688
153,llama,0.7219280948873623
153,mistral,1.5
153,qwen,1.9219280948873625
154,gemma,1.5219280948873626
154,human,2.3219280948873626
154,llama,1.370950594454669
154,mistral,0.7219280948873623
154,qwen,0.7219280948873623
155,gemma,1.5219280948873626
155,human,2.1995812306460647
155,llama,0.0
155,mistral,0.7219280948873623
155,qwen,0.9709505944546688
156,gemma,1.370950594454669
156,human,2.1039099102823644
156,llama,1.9219280948873625
156,mistral,1.370950594454669
156,qwen,1.370950594454669
157,gemma,0.9709505944546688
157,human,1.1488348542809168
157,llama,1.9219280948873625
157,mistral,1.5219280948873626
157,qwen,0.7219280948873623
158,gemma,1.9219280948873625
158,human,1.7924812503605783
158,llama,1.5219280948873626
158,mistral,1.370950594454669
158,qwen,1.5219280948873626
159,gemma,0.7219280948873623
159,human,1.7609640474436814
159,llama,0.9709505944546688
159,mistral,0.7219280948873623
159,qwen,1.5219280948873626
160,gemma,1.5219280948873626
160,human,1.7924812503605783
160,llama,1.9219280948873625
160,mistral,1.5219280948873626
160,qwen,1.370950594454669
161,gemma,1.370950594454669
161,human,1.3787834934861756
161,llama,1.9219280948873625
161,mistral,0.0
161,qwen,1.5219280948873626
162,gemma,1.5219280948873626
162,human,1.5
162,llama,1.370950594454669
162,mistral,0.0
162,qwen,1.370950594454669
163,gemma,1.9219280948873625
163,human,1.9455305560363263
163,llama,1.9219280948873625
163,mistral,1.5219280948873626
163,qwen,1.5219280948873626
164,gemma,1.9219280948873625
164,human,2.1506140041158788
164,llama,1.9219280948873625
164,mistral,0.7219280948873623
164,qwen,1.5219280948873626
165,gemma,0.7219280948873623
165,human,1.0
165,llama,1.370950594454669
165,mistral,0.8112781244591328
165,qwen,0.9709505944546688
166,gemma,1.9219280948873625
166,human,0.9709505944546688
166,llama,1.5219280948873626
166,mistral,0.0
166,qwen,0.7219280948873623
167,gemma,1.5219280948873626
167,human,1.459147917027245
167,llama,0.0
167,mistral,1.5219280948873626
167,qwen,0.0
168,gemma,0.7219280948873623
168,human,1.5304930567574826
168,llama,1.9219280948873625
168,mistral,1.5219280948873626
168,qwen,1.370950594454669
169,gemma,1.370950594454669
169,human,1.5219280948873626
169,llama,1.370950594454669
169,mistral,1.370950594454669
169,qwen,0.9709505944546688
170,gemma,1.5219280948873626
170,human,1.5487949406953987
170,llama,1.5219280948873626
170,mistral,0.0
170,qwen,0.9709505944546688
171,gemma,1.9219280948873625
171,human,2.0989295636909353
171,llama,0.7219280948873623
171,mistral,0.0
171,qwen,0.0
172,gemma,1.5219280948873626
172,human,1.4237949406953987
172,llama,0.7219280948873623
172,mistral,1.5219280948873626
172,qwen,1.370950594454669
173,gemma,0.9709505944546688
173,human,1.7527152789797051
173,llama,0.0
173,mistral,0.0
173,qwen,0.7219280948873623
174,gemma,0.9709505944546688
174,human,0.9182958340544894
174,llama,0.9709505944546688
174,mistral,0.9709505944546688
174,qwen,0.9709505944546688
175,gemma,0.9709505944546688
175,human,1.6644977792004614
175,llama,0.9709505944546688
175,mistral,0.9709505944546688
175,qwen,1.9219280948873625
176,gemma,1.5219280948873626
176,human,2.0550365325772657
176,llama,2.3219280948873626
176,mistral,0.0
176,qwen,1.9219280948873625
177,gemma,1.5219280948873626
177,human,1.370950594454669
177,llama,1.370950594454669
177,mistral,0.0
177,qwen,0.8112781244591328
178,gemma,0.9709505944546688
178,human,1.8464393446710157
178,llama,1.5219280948873626
178,mistral,0.9709505944546688
178,qwen,1.370950594454669
179,gemma,1.9219280948873625
179,human,1.83392721764183
179,llama,1.370950594454669
179,mistral,0.7219280948873623
179,qwen,1.5
180,gemma,0.0
180,human,1.370950594454669
180,llama,0.0
180,mistral,0.7219280948873623
180,qwen,0.0
181,gemma,0.7219280948873623
181,human,1.5219280948873626
181,llama,0.7219280948873623
181,mistral,1.5
181,qwen,1.370950594454669
182,gemma,0.7219280948873623
182,human,1.061278124459133
182,llama,0.7219280948873623
182,mistral,0.7219280948873623
182,qwen,0.7219280948873623
183,gemma,1.9219280948873625
183,human,2.2359263506290334
183,llama,2.3219280948873626
183,mistral,0.0
183,qwen,0.7219280948873623
184,gemma,1.5219280948873626
184,human,1.2516291673878228
184,llama,0.9709505944546688
184,mistral,1.9219280948873625
184,qwen,1.370950594454669
185,gemma,1.9219280948873625
185,human,1.7709505944546686
185,llama,1.5219280948873626
185,mistral,0.9709505944546688
185,qwen,1.5219280948873626
186,gemma,1.9219280948873625
186,human,1.0
186,llama,0.7219280948873623
186,mistral,1.5219280948873626
186,qwen,1.9219280948873625
187,gemma,1.370950594454669
187,human,1.584962500721156
187,llama,1.370950594454669
187,mistral,0.0
187,qwen,1.370950594454669
188,gemma,0.9709505944546688
188,human,1.6644977792004614
188,llama,1.9219280948873625
188,mistral,1.370950594454669
188,qwen,0.9709505944546688
189,gemma,1.9219280948873625
189,human,1.459147917027245
189,llama,0.9709505944546688
189,mistral,0.9709505944546688
189,qwen,0.9709505944546688
190,gemma,1.5219280948873626
190,human,1.459147917027245
190,llama,1.5219280948873626
190,mistral,1.5219280948873626
190,qwen,0.8112781244591328
191,gemma,0.7219280948873623
191,human,2.2221915755066783
191,llama,0.7219280948873623
191,mistral,1.370950594454669
191,qwen,0.7219280948873623
192,gemma,0.9709505944546688
192,human,0.7219280948873623
192,llama,0.9709505944546688
192,mistral,1.370950594454669
192,qwen,0.9709505944546688
193,gemma,1.370950594454669
193,human,2.126614471810182
193,llama,0.9709505944546688
193,mistral,0.7219280948873623
193,qwen,1.9219280948873625
194,gemma,0.7219280948873623
194,human,1.522189872165821
194,llama,1.0
194,mistral,0.0
194,qwen,0.9182958340544894
195,gemma,1.370950594454669
195,human,1.8423709931771088
195,llama,0.7219280948873623
195,mistral,1.370950594454669
195,qwen,1.370950594454669
196,gemma,0.7219280948873623
196,human,1.9182958340544896
196,llama,1.5219280948873626
196,mistral,1.370950594454669
196,qwen,1.370950594454669
197,gemma,1.9219280948873625
197,human,1.950212064914747
197,llama,1.370950594454669
197,mistral,1.5219280948873626
197,qwen,0.7219280948873623
198,gemma,0.7219280948873623
198,human,1.584962500721156
198,llama,1.9219280948873625
198,mistral,1.5219280948873626
198,qwen,1.9219280948873625
199,gemma,1.5219280948873626
199,human,1.9219280948873625
199,llama,0.9709505944546688
199,mistral,1.5219280948873626
199,qwen,0.9709505944546688
