source,position,mean_D,se_D
human,1,0.6581958429553469,0.034706712711025677
human,2,0.6875457080332913,0.035622001063430504
human,3,0.6829524652112833,0.03323422129923519
human,4,0.7251961058439865,0.03588622339377092
human,5,0.73695266838206,0.03741683947855807
human,6,0.8199783736415612,0.03608147766499801
human,7,0.7596397602368811,0.035329833021304026
human,8,0.8543254978908728,0.03745208088497078
human,9,0.8610515836875676,0.03989030803957311
human,10,0.890838936787189,0.04176255239090824
llama,1,0.48026446123325484,0.02647589564790715
llama,2,0.5395011005617613,0.026884538839141728
llama,3,0.512559483853726,0.02732409689065748
llama,4,0.538335287886671,0.02835472466736531
llama,5,0.5973141833616782,0.03116692076421251
llama,6,0.6017285167580989,0.03158871352245466
llama,7,0.6692198555223301,0.03739860274635997
llama,8,0.6367286306583244,0.03635740762175487
llama,9,0.6513424815199415,0.03315143642877479
llama,10,0.5571620260186264,0.031072935950199974
mistral,1,0.3644424221969683,0.023107229848850497
mistral,2,0.4157668556283853,0.02346514417170295
mistral,3,0.5091419613332229,0.026190243950219
mistral,4,0.4987037017930507,0.028978855344411802
mistral,5,0.5563149215223974,0.02897356271676691
mistral,6,0.5830795751064219,0.03211212544510325
mistral,7,0.5407478595109201,0.029400253430580277
mistral,8,0.512729271977911,0.03227347219529001
mistral,9,0.33358317084838357,0.027938135751013032
mistral,10,0.21900403291109974,0.0234724152435613
qwen,1,0.4415939206223501,0.02284157192279367
qwen,2,0.4933701092554791,0.025102949728683554
qwen,3,0.5199456570595079,0.027430312734789797
qwen,4,0.5096031504301086,0.02554170628717615
qwen,5,0.5476501608008807,0.029702965051031167
qwen,6,0.5157999291808935,0.02672578800929231
qwen,7,0.5827319905419706,0.02974056040668295
qwen,8,0.5511502194939693,0.03156731719695815
qwen,9,0.46487779683303726,0.027692294127798864
qwen,10,0.39864968097047715,0.03190087307115788
gemma,1,0.4399974694588817,0.022667525565425197
gemma,2,0.49746681890148703,0.02520826667022752
gemma,3,0.5321501447767166,0.02583375008984995
gemma,4,0.5211820122355728,0.02470642530021031
gemma,5,0.573082876316852,0.02652581454785984
gemma,6,0.5700767725354143,0.028493105769349193
gemma,7,0.6170106406340392,0.028360775665969475
gemma,8,0.5943396209513749,0.028712661035869773
gemma,9,0.6366190590931555,0.03279925310605471
gemma,10,0.5549552837250128,0.0308302164112927
