source,prompt_id,Disc
human,0,0.004347189477921657
human,1,0.004464478206424716
human,2,0.010371887230730969
human,3,0.0012334930876323103
human,4,0.0014881554932129908
human,5,0.24917075919378565
human,6,0.050849301698134244
human,7,0.005358948650583601
human,8,0.01629513751588038
human,9,0.008584612882553523
human,10,0.003307550758138631
human,11,0.012409935584263019
human,12,0.006431367028164188
human,13,0.0011082520866614366
human,14,0.06512310784748052
human,15,0.0051690400441104555
human,16,0.0022076236244215133
human,17,0.010609438532594214
human,18,0.005767679112186009
human,19,0.0060593643089349464
human,20,0.006705163376139969
human,21,0.003645391792836164
human,22,0.0018367142726039057
human,23,0.002609847038162256
human,24,0.010732705371646917
human,25,0.006168625550738433
human,26,0.007120053630790939
human,27,0.00984680834660465
human,28,0.007413666867787527
human,29,0.004057076899205236
human,30,0.009991710087634255
human,31,0.0018673586194185691
human,32,0.00603661998006254
human,33,0.01180643426867666
human,34,0.0024087007583529847
human,35,0.012199266125135586
human,36,0.001324611733456251
human,37,0.012317458432262661
human,38,0.007306735025275611
human,39,0.014023564596293479
human,40,0.0017803874731199855
human,41,0.013016040876075196
human,42,0.008412321290080382
human,43,0.017149603027145546
human,44,0.0007721151778927787
human,45,0.0011529833726733657
human,46,0.010445879437964083
human,47,0.005493729273181809
human,48,0.005247113448919908
human,49,0.0015820833864695944
human,50,0.010052578989236215
human,51,0.01606033138480704
human,52,0.0011068747384222195
human,53,0.01195873658847081
human,54,0.006454166471093703
human,55,0.013795799119395569
human,56,0.001488061807502745
human,57,0.01412734555836472
human,58,0.010288358080077708
human,59,0.006922839797006931
human,60,0.015376527700136195
human,61,0.002388962137962274
human,62,0.003558637075509447
human,63,0.008006747780972998
human,64,0.005259252133729344
human,65,0.001221634388770642
human,66,0.013191749914180467
human,67,0.01481200813066067
human,68,0.010030455424358618
human,69,0.007636839619565644
human,70,0.010767277715223478
human,71,0.0007697198012007712
human,72,0.0033248072339747124
human,73,0.004793634113242775
human,74,0.0023780543507458825
human,75,0.0035123092830328688
human,76,0.0036209305987637127
human,77,0.008356792446249449
human,78,0.0059833562699625874
human,79,0.039645112272421255
human,80,0.00470444913375666
human,81,0.0028042578300623423
human,82,0.012803922019894212
human,83,0.0023497982357825265
human,84,0.008446942587626759
human,85,0.018180143593501473
human,86,0.006822750475625883
human,87,0.009278485193471759
human,88,0.003690535635110976
human,89,0.01673042432379652
human,90,0.005625254230585516
human,91,0.008828876710908725
human,92,0.009527265855496281
human,93,0.013951718199439777
human,94,0.0016473662829145461
human,95,0.006069873636075571
human,96,0.014131924516868798
human,97,0.011018062680418522
human,98,0.0091544033339559
human,99,0.006026786883705734
human,100,0.00395704712511932
human,101,0.0035457755987808636
human,102,0.003660154160693853
human,103,0.005270270294507726
human,104,0.005825643917451816
human,105,0.007558811538969307
human,106,0.01805213308011795
human,107,0.004474078659117486
human,108,0.0025928675923871476
human,109,0.005078997802111194
human,110,0.016701729196743023
human,111,0.014801419446041726
human,112,0.001130023601641533
human,113,0.01132462600839575
human,114,0.010988376027956149
human,115,0.0009970183832295214
human,116,0.00405319455990622
human,117,0.01263273490118095
human,118,0.012148273293857157
human,119,0.005711914580967642
human,120,0.07576317995662647
human,121,0.012954084400559802
human,122,0.001131795229122824
human,123,0.0014296407399505377
human,124,0.01039411385002158
human,125,0.0029194359548884922
human,126,0.00459180595620296
human,127,0.00609702923185325
human,128,0.010210063870822
human,129,0.013124476849207752
human,130,0.0017123747184385016
human,131,0.01992323158557193
human,132,0.014924567614672455
human,133,0.003290911909493411
human,134,0.006588697049522365
human,135,0.005181924685472353
human,136,0.005490590571173297
human,137,0.023410008921618576
human,138,0.002074658905951032
human,139,0.01645687186426037
human,140,0.0031133105597366383
human,141,0.010240288440780392
human,142,0.10833005046660207
human,143,0.10287298317364577
human,144,0.0004290002969590697
human,145,0.03286765180677866
human,146,0.007081929847922918
human,147,0.027862000283573995
human,148,0.16634276791688019
human,149,0.009693581471188543
human,150,0.0012084389232765742
human,151,0.01477581425828981
human,152,0.013322011466820705
human,153,0.01342141028146836
human,154,0.0009918948987965332
human,155,0.004274841117833653
human,156,0.016429985472276584
human,157,0.021768360767950905
human,158,0.003682661758461221
human,159,0.006185481502173541
human,160,0.008956090381386287
human,161,0.0024011117903692497
human,162,0.01948904674001878
human,163,0.0017347929128499386
human,164,0.0015313761938361924
human,165,0.020786347395453028
human,166,0.0026781467915986514
human,167,0.004381784211359071
human,168,0.0036329759336856393
human,169,0.006590959055866231
human,170,0.04421793493906624
human,171,0.0017191201491159591
human,172,0.007434358076110072
human,173,0.006995223137046999
human,174,0.006026398015501333
human,175,0.010542047091468889
human,176,0.02064461783007896
human,177,0.0057218238678674975
human,178,0.0074146598324144955
human,179,0.010137968588620545
human,180,0.006182315092475306
human,181,0.0005558238250651589
human,182,0.006560637918672739
human,183,0.002975100288725464
human,184,0.0027377029592934353
human,185,0.00843384214932642
human,186,0.24286022670023671
human,187,0.028930239671942297
human,188,0.009520548197220837
human,189,0.009109876577477746
human,190,0.008045637354870221
human,191,0.01044454648924391
human,192,0.00210722187311731
human,193,0.001439866412948501
human,194,0.002680966233114858
human,195,0.00470490539177742
human,196,0.004323986076210551
human,197,0.009842655021987834
human,198,0.011016371648042228
human,199,0.02029972964230305
llama,0,0.00048098998767443277
llama,1,0.0009824075134841465
llama,2,0.0015285501581095745
llama,3,0.0007968625192790995
llama,4,0.0008556210171737466
llama,5,0.00045083137487505695
llama,6,0.001530242818770978
llama,7,0.00014616560252376755
llama,8,0.00039522232048108197
llama,9,0.001245790602998928
llama,10,0.00027531544799507305
llama,11,0.00018909701188632796
llama,12,0.0005387443546709552
llama,13,0.0005368651853052988
llama,14,0.0002911195245712806
llama,15,0.0003469515550947405
llama,16,0.0003289884829641283
llama,17,0.24150734252576928
llama,18,0.0008817582169348814
llama,19,0.00041064711334094697
llama,20,0.0003807915253806378
llama,21,0.0005052962446717031
llama,22,0.0008970805456981366
llama,23,0.000825810875265519
llama,24,0.0009148496672468975
llama,25,0.0005044626409833163
llama,26,0.0003191770679738763
llama,27,0.002100602390162654
llama,28,0.0005318319180583721
llama,29,0.00048222282601405303
llama,30,0.0003841727167596909
llama,31,0.0004677796067254678
llama,32,0.00042149995481327525
llama,33,0.0009598273852747058
llama,34,0.0030352797500668707
llama,35,0.0002862172630043195
llama,36,0.00046381191125625856
llama,37,0.0037378821215661093
llama,38,0.0011780891527733471
llama,39,0.0007771872632253833
llama,40,0.0008486659611263075
llama,41,0.000751090335300231
llama,42,0.00026362357699141124
llama,43,0.0005022345488890454
llama,44,4.8963293791922334e-05
llama,45,0.0008147226541721075
llama,46,0.000643492625918845
llama,47,0.000401530438206265
llama,48,0.002024878937755965
llama,49,0.0017950053434180144
llama,50,0.0004701254353997674
llama,51,0.0008199533047558974
llama,52,0.0009666948892780001
llama,53,0.0002883830939061029
llama,54,0.000997331751075717
llama,55,0.00038824362159952796
llama,56,0.000701448826560992
llama,57,0.0010437329500862379
llama,58,0.0007818918431723588
llama,59,0.00041049394713363053
llama,60,0.0017803878255171531
llama,61,0.0007471324742117357
llama,62,0.00023402323075359977
llama,63,0.0001174338843563947
llama,64,0.000222627355424078
llama,65,0.0003059457296354448
llama,66,0.0007146441255900972
llama,67,0.0002859706208755613
llama,68,0.00020084408604947794
llama,69,0.00023567024350384596
llama,70,0.001344040171215938
llama,71,0.0001381914738867556
llama,72,0.002062852929296299
llama,73,0.0005647193513147338
llama,74,0.0005368457012594463
llama,75,0.0003679178636032206
llama,76,0.0009038223438234183
llama,77,0.0010883264527225493
llama,78,0.0003827879036359562
llama,79,0.0004000927045064247
llama,80,0.0002395471647782718
llama,81,0.0005907588120776077
llama,82,0.0010376405151032047
llama,83,0.0004380858607881496
llama,84,0.0005073103161453225
llama,85,0.0007269116491161522
llama,86,0.0007745661084191371
llama,87,0.0013357579394525972
llama,88,0.0001286045518781905
llama,89,0.0005483048525807481
llama,90,0.0002365049110339569
llama,91,0.00028673168781695235
llama,92,0.00036761387638758005
llama,93,0.0010651864220156532
llama,94,0.0004030749478983575
llama,95,0.0005223813690594626
llama,96,0.001529391420612639
llama,97,0.0003688279122360112
llama,98,0.0007327604185733666
llama,99,0.0011078618903093878
llama,100,0.000720306155308527
llama,101,0.0010103194600158444
llama,102,0.0005126909359221283
llama,103,0.0008935873403748965
llama,104,0.0012160529421087309
llama,105,0.00042712724372018056
llama,106,0.0009419624452332735
llama,107,0.0007234773464512543
llama,108,0.0006800610377654954
llama,109,0.0008576043821963162
llama,110,0.00020038494001667606
llama,111,0.00026479158537250444
llama,112,0.0012878853832237122
llama,113,0.0004415651357750483
llama,114,0.0002992929729325847
llama,115,0.0012243955553593415
llama,116,0.0005254919166056311
llama,117,0.0035670035870692058
llama,118,0.00041623805845996526
llama,119,0.0002624072726557567
llama,120,0.0026913944204567846
llama,121,0.0003410124034845099
llama,122,0.0005316025020316888
llama,123,0.0010078982876043279
llama,124,0.002293054828422279
llama,125,0.0010730666560927796
llama,126,0.0009432303796839449
llama,127,0.0007568237347578294
llama,128,0.001399987248202682
llama,129,0.0007217354733334321
llama,130,0.00041099977351985467
llama,131,0.00028080191850020977
llama,132,0.000533105872149653
llama,133,0.0011644955255914954
llama,134,0.000740707426041192
llama,135,0.0004571436507506575
llama,136,0.0004539531896459896
llama,137,0.0009241086941380698
llama,138,0.00140209350248726
llama,139,0.0016135485053977987
llama,140,0.0004888849201654325
llama,141,0.0006491226463819942
llama,142,0.0027409015959940796
llama,143,0.00044872104614744146
llama,144,0.0015194343709346195
llama,145,0.00027230074339941235
llama,146,0.0019181746953863704
llama,147,0.0005955783232176853
llama,148,0.0010005011351805866
llama,149,0.0004521312612519123
llama,150,0.0015458827932539148
llama,151,0.0004206254122036851
llama,152,0.0012810699600112354
llama,153,0.0005241021548572282
llama,154,0.0016463771836957221
llama,155,0.0006305752895337694
llama,156,0.0006790232381113299
llama,157,0.000290551642709643
llama,158,0.0008011104696808987
llama,159,0.0009586930097787747
llama,160,0.0003848078962757044
llama,161,0.0005878532467758635
llama,162,0.0005489928617141181
llama,163,0.0007467523962823708
llama,164,0.000432645465320476
llama,165,0.0012213238684767999
llama,166,0.00038564422363022234
llama,167,0.0005002386728613086
llama,168,0.00024602051161989934
llama,169,0.0008758710582567619
llama,170,0.001098873069964335
llama,171,0.0004947035254591526
llama,172,0.0008411920644681465
llama,173,0.001402423218780474
llama,174,0.0014654704024689856
llama,175,0.0003000551753710867
llama,176,0.0010831414222561096
llama,177,0.0009379034492206879
llama,178,0.00017738992008800144
llama,179,0.0016659467474534329
llama,180,0.0012348964028207662
llama,181,0.0006974079333020988
llama,182,0.0004919533971264069
llama,183,0.0002807078623457993
llama,184,0.00028885349328654144
llama,185,0.0008489565043818115
llama,186,0.0012791665589965509
llama,187,0.0005845617544592572
llama,188,0.0006021310390580079
llama,189,0.0004786358702536339
llama,190,0.0002298900301836
llama,191,0.0009084013807412396
llama,192,0.0005066579059980632
llama,193,0.000372092377343243
llama,194,0.0002586348502589004
llama,195,0.0009293599594075478
llama,196,0.0003899052441847095
llama,197,0.0005537531981834225
llama,198,0.0005342685182780857
llama,199,0.0008939639084840448
mistral,0,0.0007664027518721079
mistral,1,0.0009936432061047947
mistral,2,0.0006644603911266679
mistral,3,0.0005197501487598816
mistral,4,0.0005967629690710698
mistral,5,0.002107484836641056
mistral,6,0.0019273170419216855
mistral,7,0.00022594501807870858
mistral,8,0.0012817638330736199
mistral,9,0.0006243170765126685
mistral,10,0.0004780866843224099
mistral,11,0.0005586201764505281
mistral,12,0.0029307015628277605
mistral,13,0.0004096457433448145
mistral,14,0.0012276905070397759
mistral,15,0.00014900143281170074
mistral,16,0.0006307998922754358
mistral,17,0.00034885082553834726
mistral,18,0.0013504355341743713
mistral,19,0.0006935851188091969
mistral,20,0.00034315562386474615
mistral,21,0.0009847168477316582
mistral,22,0.0013960078987610086
mistral,23,0.0006049718592397865
mistral,24,0.0015640763802757449
mistral,25,0.0005756788329538433
mistral,26,0.000529591834693115
mistral,27,0.0029032555367394935
mistral,28,0.0010120699086558014
mistral,29,0.0008452915225181247
mistral,30,0.000570580604914735
mistral,31,0.0005942952614293917
mistral,32,0.0014606893830928166
mistral,33,0.000721671671292323
mistral,34,0.0011002255388982871
mistral,35,0.0012461826491800738
mistral,36,0.0004963874503749975
mistral,37,0.0006158279364479934
mistral,38,0.0015819330681531355
mistral,39,0.0006923262756908416
mistral,40,0.0008336639646413016
mistral,41,0.0005216922431927985
mistral,42,0.0002453671480058897
mistral,43,0.00127562386403873
mistral,44,0.0012144054641669727
mistral,45,0.0006560685549807158
mistral,46,0.0016496018218895517
mistral,47,0.0003239761771568138
mistral,48,0.0005038714850326791
mistral,49,0.00043014992163756103
mistral,50,0.0007413274407503464
mistral,51,0.0012591546024607895
mistral,52,0.0013859079497348594
mistral,53,0.0009056250981340367
mistral,54,0.0009761996627437163
mistral,55,0.00046430028026608547
mistral,56,0.0010821353003216256
mistral,57,0.0012575904173761801
mistral,58,0.0004831233643717026
mistral,59,0.0012293622702483143
mistral,60,0.0015421076181398976
mistral,61,0.0011283788816298132
mistral,62,0.00012670062762913103
mistral,63,0.0023317170714415936
mistral,64,0.0008735783335538205
mistral,65,0.00044907891310242326
mistral,66,0.0006524173967429883
mistral,67,0.000903249271247791
mistral,68,0.0006329629299429277
mistral,69,0.0015983687642410112
mistral,70,0.0003992415998013311
mistral,71,0.0006622562615487952
mistral,72,0.000994761222788686
mistral,73,0.000862361095225035
mistral,74,0.0008097988629553911
mistral,75,0.0003674921694177281
mistral,76,0.0011717999691470155
mistral,77,0.0009644728842141268
mistral,78,0.00034666121657288024
mistral,79,0.0006292286804338658
mistral,80,0.0009466229966171696
mistral,81,0.00022767103586822471
mistral,82,0.0010433479922925368
mistral,83,0.0011095726085669183
mistral,84,0.0005278758481179234
mistral,85,0.0005520287682427572
mistral,86,0.0001847397485519864
mistral,87,0.0019322688469033422
mistral,88,0.00047466808091176267
mistral,89,0.0013160255829436072
mistral,90,0.0008356012883214435
mistral,91,0.0012675955741501272
mistral,92,0.0005516984857004885
mistral,93,0.0007383490598053172
mistral,94,0.0007685236461622618
mistral,95,0.0009869703707978336
mistral,96,0.0008788257525119341
mistral,97,0.0002950722140574826
mistral,98,0.0008440491908323956
mistral,99,0.0006724319542689073
mistral,100,0.000533407188806226
mistral,101,0.0006449271214269218
mistral,102,0.0014431421296899809
mistral,103,0.002001565347518124
mistral,104,0.0004797900358122946
mistral,105,0.0006814852622434957
mistral,106,0.0009248698100555293
mistral,107,0.0009713456344064425
mistral,108,0.0007418243962502376
mistral,109,0.0009229237025631826
mistral,110,0.0006116751192725662
mistral,111,0.002255854511477689
mistral,112,0.0010007139375051298
mistral,113,0.0005145866686451779
mistral,114,0.000753830867587071
mistral,115,0.00023559200891597954
mistral,116,0.001127473357263672
mistral,117,0.0015924797261978642
mistral,118,0.0013159509036374593
mistral,119,0.0011587305711332875
mistral,120,0.0020845745480820416
mistral,121,0.0002705904763630241
mistral,122,0.001643488585982163
mistral,123,0.0004479527562939524
mistral,124,0.0059633657065740146
mistral,125,0.0006486478222816752
mistral,126,0.0007353613363254568
mistral,127,0.0006257153118875482
mistral,128,0.0012780079186427724
mistral,129,0.0010498144781907058
mistral,130,0.0012932191837337968
mistral,131,0.0007899246892633792
mistral,132,0.001013751137838466
mistral,133,0.0003231170448566232
mistral,134,0.0008138254702966246
mistral,135,0.0007632393941397914
mistral,136,0.000279148468246906
mistral,137,0.0007319377948500664
mistral,138,0.0010045747140774652
mistral,139,0.0005108184916021747
mistral,140,0.0005790468566371909
mistral,141,0.0022524107953202214
mistral,142,0.004775999081236828
mistral,143,0.0022215902031861075
mistral,144,0.00043376796430643044
mistral,145,0.001465003280012397
mistral,146,0.001234727987053121
mistral,147,0.0037760470353019764
mistral,148,0.001604004890043593
mistral,149,0.0010295854522705563
mistral,150,0.0010293918032081922
mistral,151,0.0021195393144109653
mistral,152,0.0023531795217162964
mistral,153,0.0009602646425300861
mistral,154,0.0010539330295155584
mistral,155,0.0003782731779063661
mistral,156,0.0008542018307546858
mistral,157,0.0005527460925533571
mistral,158,0.0008716595559074084
mistral,159,0.000973684833047121
mistral,160,0.0009554679867369433
mistral,161,0.00046723769323432396
mistral,162,0.0008158608408921787
mistral,163,0.0005502117719739667
mistral,164,0.0010125154492551993
mistral,165,0.0007857101544695859
mistral,166,0.0019299825586003455
mistral,167,0.0010821105783002081
mistral,168,0.002014181091014803
mistral,169,0.001176099761461571
mistral,170,0.00048448080658341965
mistral,171,0.0003026694118230202
mistral,172,0.0006815836388353007
mistral,173,0.001245801727781989
mistral,174,0.0005154603284093343
mistral,175,0.0009298383474140977
mistral,176,0.0011532166812778535
mistral,177,0.002822294399261534
mistral,178,0.00023539309659478688
mistral,179,0.00027646193442414964
mistral,180,0.0022865159756058307
mistral,181,0.00232134577914893
mistral,182,0.001323415892762483
mistral,183,0.0003720165941162711
mistral,184,0.0007164019116079758
mistral,185,0.0008668299459420996
mistral,186,0.0006383559567056277
mistral,187,0.0006115246570654094
mistral,188,0.0006005997523931071
mistral,189,0.0013105171057870403
mistral,190,0.001153054131411095
mistral,191,0.0015905582558029205
mistral,192,0.00027265781078492584
mistral,193,0.0006976053814389439
mistral,194,0.002128028300017299
mistral,195,0.0008043317426395143
mistral,196,0.0007325709172806651
mistral,197,0.00038324911719759186
mistral,198,0.0007693659972455757
mistral,199,0.0006656021210736437
qwen,0,0.0004888856906116801
qwen,1,0.0010628787873880516
qwen,2,0.0005732253818901985
qwen,3,0.00027331541696906344
qwen,4,0.0007567645925213121
qwen,5,0.0008664883566515281
qwen,6,0.0008513132557558239
qwen,7,0.001013307186885119
qwen,8,0.000447048939230778
qwen,9,0.0022172329487298082
qwen,10,0.000794842712743995
qwen,11,0.0006369579594841045
qwen,12,0.0005956581847312018
qwen,13,0.0011283219166700088
qwen,14,0.00041880600414800375
qwen,15,0.001231461559681373
qwen,16,0.0003093619014822926
qwen,17,0.0010118830086619053
qwen,18,0.002203883496468999
qwen,19,0.0013629441518413065
qwen,20,0.0006464999359698045
qwen,21,0.000580416770641997
qwen,22,0.00043574590422683834
qwen,23,0.0020080758167681555
qwen,24,0.0009104229645822305
qwen,25,0.0020132235695242036
qwen,26,0.000282798387793533
qwen,27,0.0008109142569689559
qwen,28,0.0006654561215886513
qwen,29,0.00118886226286952
qwen,30,0.0005608762916734146
qwen,31,0.0007497984275065991
qwen,32,0.0015804977498457425
qwen,33,0.0008538086698430987
qwen,34,0.0007244515476867439
qwen,35,0.0011365570640645508
qwen,36,0.00033738027009203736
qwen,37,0.004119411675478232
qwen,38,0.0017373614132485545
qwen,39,0.002813858429389294
qwen,40,0.00185999664738941
qwen,41,0.0009381789177763632
qwen,42,0.0009508133643768586
qwen,43,0.0002220161174643081
qwen,44,0.0014940351091069
qwen,45,0.0010066062070770352
qwen,46,0.0003141126758527814
qwen,47,0.0003150364702053412
qwen,48,0.0006854036233323536
qwen,49,0.0002187925368349464
qwen,50,0.0003990139775678853
qwen,51,0.000824950376117123
qwen,52,0.0013912540172765335
qwen,53,0.00035771971103859947
qwen,54,0.0009465255253083098
qwen,55,0.0005923559395572656
qwen,56,0.0015470328338244646
qwen,57,0.0014110695389026086
qwen,58,0.0010551609224736832
qwen,59,0.0002153571834721138
qwen,60,0.006169374109936906
qwen,61,0.0019137505527123792
qwen,62,0.0014387843633516281
qwen,63,0.0005230543217684812
qwen,64,0.0007717820806670488
qwen,65,0.0015991177113189117
qwen,66,0.0007141523314053847
qwen,67,0.0009604487915527552
qwen,68,0.0009033107672425664
qwen,69,0.0006959752805360502
qwen,70,0.0016653453248825487
qwen,71,0.0006035596763973739
qwen,72,0.001173342877607499
qwen,73,0.0014967886837106087
qwen,74,0.00030536072477588456
qwen,75,0.00039541369013827867
qwen,76,0.00045011314353868195
qwen,77,0.0007174268446037385
qwen,78,0.00041158157051756993
qwen,79,0.0008847276178537289
qwen,80,0.0005958964879213911
qwen,81,0.0003921277496379149
qwen,82,0.0012031311482521671
qwen,83,0.0010365514347196632
qwen,84,0.0005205583875193735
qwen,85,0.0014624301331749357
qwen,86,0.0004604388747180699
qwen,87,0.000511344432553771
qwen,88,0.0012229452881188407
qwen,89,0.0004101495416600809
qwen,90,0.0010074182679544095
qwen,91,0.00028788055037789724
qwen,92,0.000961867391258185
qwen,93,0.0010863587983962208
qwen,94,0.0004895609716961553
qwen,95,0.0012093364471472952
qwen,96,0.0005264866901459086
qwen,97,0.0001390118635357659
qwen,98,0.0009156032796728741
qwen,99,0.00018724889078393145
qwen,100,0.0006738512449270065
qwen,101,0.0003643459625707333
qwen,102,0.0011730461486701307
qwen,103,0.0004463607235562298
qwen,104,0.0007308818464418097
qwen,105,0.0018457746788600599
qwen,106,0.0004610401817148853
qwen,107,0.0004094381664800986
qwen,108,0.00047610672093086867
qwen,109,0.0006221436747349131
qwen,110,0.00032816385193536765
qwen,111,0.0010083702628584427
qwen,112,0.0013700856126119337
qwen,113,0.000486095106615448
qwen,114,0.0008092560991067475
qwen,115,0.0005770762334480244
qwen,116,0.001059775963604994
qwen,117,0.0006748822869184226
qwen,118,0.0014220184319617042
qwen,119,0.0003876951649419095
qwen,120,0.002291930904793349
qwen,121,0.0005926351258425427
qwen,122,0.000473864974933714
qwen,123,0.0004938700571732233
qwen,124,0.016999474268803404
qwen,125,0.0006868375682453684
qwen,126,0.0008492455135587949
qwen,127,0.001752790232497023
qwen,128,0.19258176078516934
qwen,129,0.0013975585997769945
qwen,130,0.0005660396313517768
qwen,131,0.0006531159536005513
qwen,132,0.00030534576099115307
qwen,133,0.001175531684846703
qwen,134,0.0019581255320880683
qwen,135,0.0008052965342411605
qwen,136,0.0006558876063298971
qwen,137,0.00046212903282521486
qwen,138,0.0009776825276637652
qwen,139,0.000531643694482391
qwen,140,0.0005010377240941612
qwen,141,0.0012400659374943541
qwen,142,0.0028586061644525038
qwen,143,0.0008851595530569601
qwen,144,0.00042474486829216344
qwen,145,0.0004028344560212976
qwen,146,0.0024701999775616954
qwen,147,0.0005978768040285745
qwen,148,0.004814745214606493
qwen,149,0.0014400805341050634
qwen,150,0.0007671961520877236
qwen,151,0.0016065561434430585
qwen,152,0.01312070089053689
qwen,153,0.00127374828866693
qwen,154,0.00015961170541514181
qwen,155,9.305536520857387e-05
qwen,156,0.001162116879711077
qwen,157,0.001815840720585524
qwen,158,0.0011787359199852787
qwen,159,0.0006374413369372431
qwen,160,0.00034492212202089166
qwen,161,0.0007192722464232917
qwen,162,0.0028803085296615133
qwen,163,0.0021301802383621666
qwen,164,0.0007868820238356201
qwen,165,0.0003642754407680952
qwen,166,0.0029577244405554425
qwen,167,0.00018976824891242286
qwen,168,0.00037107577235707257
qwen,169,0.00046978211090265823
qwen,170,0.001154285893577757
qwen,171,0.0005294381998928207
qwen,172,0.0006798486131294159
qwen,173,0.000649835957010679
qwen,174,0.002570084963758995
qwen,175,0.0005791393450834941
qwen,176,0.0013233790829790487
qwen,177,0.0017382822266580951
qwen,178,0.0022614047548381597
qwen,179,0.0010871146073103619
qwen,180,0.0008144239701835726
qwen,181,0.0013051395245802441
qwen,182,0.0008749263423711892
qwen,183,0.0008791665279729459
qwen,184,0.0010245788741407376
qwen,185,0.001813634888003737
qwen,186,0.000792431940927186
qwen,187,0.0007694085038327151
qwen,188,0.00025510490739791075
qwen,189,0.0003168049900819614
qwen,190,0.000802812150655349
qwen,191,0.0050366983240500655
qwen,192,0.001714126345423866
qwen,193,0.0006165561975112592
qwen,194,0.016961265651961724
qwen,195,0.0016660230845298141
qwen,196,0.0011813487900008367
qwen,197,0.001125684265511392
qwen,198,0.0005325049643273534
qwen,199,0.000556981818335684
gemma,0,0.0002662657548137973
gemma,1,0.0004478354283244209
gemma,2,0.00016189233283586002
gemma,3,0.00028547709527081925
gemma,4,0.0007552293449074526
gemma,5,0.0007883069241553875
gemma,6,0.0008238394251575776
gemma,7,0.0002922288105239125
gemma,8,0.00032372868466651935
gemma,9,0.0010828549123272832
gemma,10,0.000249670425094987
gemma,11,0.00026300205437502144
gemma,12,0.0005434056801054213
gemma,13,0.0006068157841134117
gemma,14,0.0005409810986899297
gemma,15,0.0007675757608322721
gemma,16,0.0004997513990858576
gemma,17,0.00035745906601748723
gemma,18,0.000701466188082887
gemma,19,0.0006261644754943058
gemma,20,0.0002624322886033808
gemma,21,0.0010018141351423328
gemma,22,0.00023356738397920087
gemma,23,0.00017878658791353682
gemma,24,0.0005426695173416212
gemma,25,0.0011838031723411663
gemma,26,0.0002641529961922084
gemma,27,0.0003875394883606263
gemma,28,0.001031333995412425
gemma,29,0.0005780988496963248
gemma,30,0.00030333295404257635
gemma,31,0.00025095104347029525
gemma,32,0.0005851700227916777
gemma,33,0.0002678187400362074
gemma,34,0.0011523823059770041
gemma,35,0.0005345666774079114
gemma,36,0.0002613166650931594
gemma,37,0.001103290118468686
gemma,38,0.0010475824316848914
gemma,39,0.0006332996323114852
gemma,40,0.0019228948530266164
gemma,41,0.000527701210588199
gemma,42,0.0005323658470400731
gemma,43,0.0007338419222595186
gemma,44,0.0013446425152691976
gemma,45,0.000683170305683892
gemma,46,0.0003271972009074728
gemma,47,0.0003519539927460351
gemma,48,0.0004514395058744284
gemma,49,0.000551450460352195
gemma,50,0.0002918084843189294
gemma,51,0.00016380494907091512
gemma,52,0.0004662608722611923
gemma,53,0.0011295211130532396
gemma,54,0.000518810857161325
gemma,55,0.000812478566083853
gemma,56,0.0009372161958740308
gemma,57,0.0016758420825179064
gemma,58,0.00041330205188378746
gemma,59,0.00035744199401590253
gemma,60,0.0005111333722247913
gemma,61,0.0007205893652193465
gemma,62,0.0004634766864321896
gemma,63,0.000335239795121481
gemma,64,0.0001293813007636937
gemma,65,0.00030698722858773445
gemma,66,0.0006722737508775601
gemma,67,0.00026868193680954346
gemma,68,0.00048223901676753504
gemma,69,0.0002402535950447572
gemma,70,0.00021388294781427797
gemma,71,0.0003193982535667536
gemma,72,0.002290883682833959
gemma,73,0.00026199381416003943
gemma,74,0.00042905571061380556
gemma,75,0.0002700334807890525
gemma,76,0.00044463086859451186
gemma,77,0.000605373333710583
gemma,78,0.00027180049208816773
gemma,79,0.000578649328230622
gemma,80,0.00023748690109640322
gemma,81,0.000404793854861761
gemma,82,0.0004243726399116653
gemma,83,0.0008427872412695199
gemma,84,0.0002292359995136446
gemma,85,0.00015704512457286756
gemma,86,0.00015715114300549
gemma,87,0.0004577836194238871
gemma,88,0.0003377987811477786
gemma,89,0.0005142391911523455
gemma,90,0.00020511150294147065
gemma,91,0.0006130497493445637
gemma,92,0.0006337165753054016
gemma,93,0.00045569804073555787
gemma,94,0.0003979331928186722
gemma,95,0.0011237961402043794
gemma,96,0.0007537898099868873
gemma,97,0.0004938042116496004
gemma,98,0.00012829331062453277
gemma,99,0.00015755245539875079
gemma,100,0.0004878183624903946
gemma,101,0.00012070242774067732
gemma,102,0.000720665715650141
gemma,103,0.0005316046148679576
gemma,104,0.00018994163616678456
gemma,105,0.0005803113463826875
gemma,106,0.00016297572718448726
gemma,107,0.00042613677217263614
gemma,108,0.0008447632109381652
gemma,109,0.0007349389796763002
gemma,110,0.00018075464861932745
gemma,111,0.0003697314671779537
gemma,112,0.0006227671569223387
gemma,113,0.0008989710279700047
gemma,114,0.00028549276211932764
gemma,115,0.00021710980616169352
gemma,116,0.0006399722911145302
gemma,117,0.0004815011879040835
gemma,118,0.00015041034123072105
gemma,119,0.00047856083065784286
gemma,120,0.0011567962743381098
gemma,121,0.00019396036517623378
gemma,122,0.000135217718464196
gemma,123,0.00044833170325648544
gemma,124,0.0015898593258691488
gemma,125,0.0006334648621281846
gemma,126,0.00031367672490903626
gemma,127,0.00019412630210485508
gemma,128,0.0015759362311194285
gemma,129,0.0016314605470696968
gemma,130,0.00022899328138481162
gemma,131,0.00021040756481287021
gemma,132,0.0002957290652774426
gemma,133,0.0007568415997244978
gemma,134,0.000413925196698115
gemma,135,0.00016383431873698658
gemma,136,0.00024752481750099544
gemma,137,0.0005190272022399386
gemma,138,0.0005820253493206565
gemma,139,0.0002539606139293652
gemma,140,0.00015628608674189785
gemma,141,0.0006293992518289759
gemma,142,0.0003171783297913336
gemma,143,0.0002965619756159136
gemma,144,0.0001243417879811434
gemma,145,0.00021454089125459475
gemma,146,0.0010679584882997031
gemma,147,0.00057295279227123
gemma,148,0.0006824427517864506
gemma,149,0.0009077656047960594
gemma,150,0.000194871135030133
gemma,151,0.0005679019036041815
gemma,152,0.001296374012624449
gemma,153,0.0004985133377338388
gemma,154,0.00020974128920416972
gemma,155,0.0003632938982718433
gemma,156,0.0002722776430778399
gemma,157,0.0004886213165265729
gemma,158,0.0002805755015397693
gemma,159,0.00015168294814586603
gemma,160,0.0003850840234391595
gemma,161,9.250897998509212e-05
gemma,162,0.0002847342080384332
gemma,163,0.0004020281352482208
gemma,164,0.0006625550268053698
gemma,165,0.0003121836930019346
gemma,166,0.001310304584419519
gemma,167,0.00031563878660148336
gemma,168,0.0001996036204044564
gemma,169,0.00037365159279570745
gemma,170,0.00044424837657726596
gemma,171,0.00025875825849088174
gemma,172,0.0005239958480467262
gemma,173,0.001066584604709688
gemma,174,0.0013003369633702265
gemma,175,0.00028055700679715845
gemma,176,0.00037104612573268125
gemma,177,0.00014683330296219168
gemma,178,0.0005490869358972939
gemma,179,0.00029170338574343723
gemma,180,0.0004365594866932188
gemma,181,0.0005699486205443894
gemma,182,0.00018389285202010327
gemma,183,0.0001342694426959054
gemma,184,0.0009668209768018352
gemma,185,0.00021607773987571987
gemma,186,0.0016158976584229063
gemma,187,0.0004315273063753529
gemma,188,0.00039803849726857644
gemma,189,0.00202721555428641
gemma,190,5.321932846831471e-05
gemma,191,0.0002149156016568328
gemma,192,0.00029263385341295845
gemma,193,0.0003313857124320791
gemma,194,0.04604339573361903
gemma,195,0.0002508884114274518
gemma,196,0.001089239546395615
gemma,197,0.0001900701207647004
gemma,198,0.00023130235461095105
gemma,199,0.00036309458731424986
